player__id,player__name,player__firstname,player__lastname,player__age,player__nationality,player__height,player__weight,player__injured,player__photo,player__birth__date,player__birth__place,player__birth__country,_dlt_load_id,_dlt_id
623,B. Mendy,Benjamin,Mendy,31,France,185,85,false,https://media.api-sports.io/football/players/623.png,1994-07-17,Longjumeau,France,1786478262.3733351,DMdvisZwMHEvog
630,F. Delph,Fabian,Delph,33,England,174 cm,60 kg,false,https://media.api-sports.io/football/players/630.png,1989-11-21,Bradford,England,1786478262.3733351,4O2/cGlBWgKB6Q
883,Lee Grant,Lee,Grant,39,England,193 cm,83 kg,false,https://media.api-sports.io/football/players/883.png,1983-01-27,Hemel Hempstead,England,1786478262.3733351,CCAeZ4Pb3ZJvTw
2281,Gary Cahill,Gary,Cahill,37,England,193 cm,86 kg,false,https://media.api-sports.io/football/players/2281.png,1985-12-19,Dronfield,England,1786478262.3733351,/YFlY6ZYmg7mNg
2288,Daniel Noel Drinkwater,Daniel Noel,Drinkwater,32,England,178 cm,79 kg,false,https://media.api-sports.io/football/players/2288.png,1990-03-05,Manchester,England,1786478262.3733351,PHtnigf6sGEHEA
18826,Mark Noble,Mark,Noble,35,England,180 cm,70 kg,false,https://media.api-sports.io/football/players/18826.png,1987-05-08,Canning Town,England,1786478262.3733351,uxOuPMHeSlJ02g
158696,F. Burns,Finley Jack,Burns,22,England,191 cm,87 kg,false,https://media.api-sports.io/football/players/158696.png,2003-06-17,London,England,1786478262.3733351,fiQ4OQ2aHJoPSQ
162517,L. Dendoncker,Lars,Dendoncker,21,Belgium,188 cm,,false,https://media.api-sports.io/football/players/162517.png,2001-04-03,,Belgium,1786478262.3733351,+DDh99BJozNu/g
283289,A. Raikhy,Arjan,Singh Raikhy,23,England,,,false,https://media.api-sports.io/football/players/283289.png,2002-10-20,,England,1786478262.3733351,B/J5nsGBdmEi+A
284247,H. Blair,Harvey,Blair,22,England,,,false,https://media.api-sports.io/football/players/284247.png,2003-09-14,Huddersfield,England,1786478262.3733351,ybuEamnuf4mHCw
284464,M. Cadogan,Maliq Anthony,Cadogan,21,England,,,false,https://media.api-sports.io/football/players/284464.png,2004-02-25,,England,1786478262.3733351,LVDLoc/V61xTtA
288115,James Storer,James,Storer,21,England,196,,false,https://media.api-sports.io/football/players/288115.png,2004-10-04,,England,1786478262.3733351,a6G38AXxB8PLtQ
293162,J. Raymond,Jadan,Raymond,22,England,,,false,https://media.api-sports.io/football/players/293162.png,2003-10-15,London,England,1786478262.3733351,/edcNMEujXZThw
293167,J. Sheridan,Joe,Sheridan,22,England,,,false,https://media.api-sports.io/football/players/293167.png,2003-12-10,,England,1786478262.3733351,tMPZNsAlUUPdBg
305732,T. Wilson-Brown,Thomas,Wilson-Brown,21,England,194,,false,https://media.api-sports.io/football/players/305732.png,2004-10-05,,England,1786478262.3733351,fwxbv74UcBdvYg
328101,T. Fredricson,Tyler,Fredricson,20,England,184,70,false,https://media.api-sports.io/football/players/328101.png,2005-02-23,Stockport,England,1786478262.3733351,VTg9ahSE+RluIQ
344908,M. Vigor,Matthew,Vigor,21,England,,,false,https://media.api-sports.io/football/players/344908.png,2004-07-29,,England,1786478262.3733351,Ecq2gzl6hM1w3A
350590,T. Gidaree,Tarik,Gidaree,20,England,,,false,https://media.api-sports.io/football/players/350590.png,2003-05-08,,England,1786478262.3733351,740xecPkk/Btrw
350627,J. Addae,Joshua,Addae,,England,,,false,https://media.api-sports.io/football/players/350627.png,,,England,1786478262.3733351,/s5duCCgjX0fGw
889,V. Lindelöf,Victor Jörgen,Nilsson Lindelöf,31,Sweden,187,80,false,https://media.api-sports.io/football/players/889.png,1994-07-17,Västerås,Sweden,1786478262.3733351,775cBxXQmuH4Bw
18739,W. Boly,Willy-Arnaud,Zobo Boly,34,Côte d'Ivoire,195,92,false,https://media.api-sports.io/football/players/18739.png,1991-02-03,Melun,France,1786478262.3733351,Oyi7c/JPHiTtvg
18746,M. Gibbs-White,Morgan Anthony,Gibbs-White,25,England,171,66,false,https://media.api-sports.io/football/players/18746.png,2000-01-27,Stafford,England,1786478262.3733351,mhQJEkBauORY1A
18996,H. Arter,Harry Nicholas,Arter,35,Republic of Ireland,176 cm,70 kg,false,https://media.api-sports.io/football/players/18996.png,1989-12-28,Sidcup,England,1786478262.3733351,QR5NkeGGDGDlIg
130423,B. Gilmour,Billy Clifford,Gilmour,24,Scotland,170,60,false,https://media.api-sports.io/football/players/130423.png,2001-06-11,Irvine,Scotland,1786478262.3733351,mpBDOUy4iXHFnQ
162114,D. Rankine,Dion Joseph,Rankine,23,England,170,63,false,https://media.api-sports.io/football/players/162114.png,2002-10-15,,England,1786478262.3733351,sAfWTVIeQQ7buA
180866,Marcelo,Marcelo,de Araújo Pitaluga Filho,23,Brazil,192,77,false,https://media.api-sports.io/football/players/180866.png,2002-12-20,Niterói,Brazil,1786478262.3733351,JGdpDRiVK2jTAQ
181796,J. Brooking,Joshua Royston,Brooking,23,England,,,false,https://media.api-sports.io/football/players/181796.png,2002-09-01,,England,1786478262.3733351,aVI5fBDBjq5Veg
196000,B. Genesini,Brooklyn David Anthony,Genesini,24,England,,,false,https://media.api-sports.io/football/players/196000.png,2001-12-12,,England,1786478262.3733351,Vlskt36UHd/kkw
284253,D. Corness,Dominic,Corness,22,England,174,62,false,https://media.api-sports.io/football/players/284253.png,2003-05-05,,England,1786478262.3733351,JtoRZmoYvkN8Zw
284324,A. Garnacho,Alejandro,Garnacho Ferreyra,21,Argentina,180,73,false,https://media.api-sports.io/football/players/284324.png,2004-07-01,Madrid,Spain,1786478262.3733351,RAUxQxVoz8mPmw
284362,B. Hardley,Björn Bryan,Hardley,23,Netherlands,189,74,false,https://media.api-sports.io/football/players/284362.png,2002-12-19,Tilburg,Netherlands,1786478262.3733351,PYI5UuQcPxwOQg
284391,S. Murray,Sam,Murray,21,England,,,false,https://media.api-sports.io/football/players/284391.png,2004-09-25,,England,1786478262.3733351,3+WKJlMhKOS7cw
284405,B. Elliott,Benjamin Njongoue,Elliott,23,England,180,71,false,https://media.api-sports.io/football/players/284405.png,2002-11-05,Kingston upon Thames,England,1786478262.3733351,i4U0YdTqhAr7QQ
284459,M. Mothersille,Malik,Maine Mothersille,22,England,,,false,https://media.api-sports.io/football/players/284459.png,2003-10-23,,England,1786478262.3733351,tJ/42tVfVJthfw
284539,H. Graczyk,Hubert,Graczyk,22,England,192 cm,85 kg,false,https://media.api-sports.io/football/players/284539.png,2003-02-28,,Poland,1786478262.3733351,Kdc/N5MqZ9EtnQ
284557,Z. Monlouis,Zane,Monlouis,22,England,185,75,false,https://media.api-sports.io/football/players/284557.png,2003-10-16,London,England,1786478262.3733351,apEGMPHKbgMX0A
286764,Kaide Gordon,Kaide,Gordon,21,England,173,70,false,https://media.api-sports.io/football/players/286764.png,2004-10-05,Burton-on-Trent,England,1786478262.3733351,1JWYcCu6B0vUMg
313245,M. Lewis-Skelly,Myles Anthony,Lewis-Skelly,19,England,178,72,false,https://media.api-sports.io/football/players/313245.png,2006-09-26,London,England,1786478262.3733351,oeKMHPvt7eeaJA
342054,R. Flamingo,Ryan,Flamingo,23,Netherlands,186,75,false,https://media.api-sports.io/football/players/342054.png,2002-12-31,Blaricum,Netherlands,1786478262.3733351,X2D7fVuv6NDM9w
641,O. Zinchenko,Oleksandr,Zinchenko,29,Ukraine,175,64,false,https://media.api-sports.io/football/players/641.png,1996-12-15,Radomyshl,Ukraine,1786478262.3733351,l3MQWcvsRE3BvA
1427,A. Sambi Lokonga,Albert-Mboyo,Sambi Lokonga,26,Belgium,183,67,false,https://media.api-sports.io/football/players/1427.png,1999-10-22,Verviers,Belgium,1786478262.3733351,h3MFApQErOxaqw
2937,D. Rice,Declan,Rice,26,England,188,84,false,https://media.api-sports.io/football/players/2937.png,1999-01-14,London,England,1786478262.3733351,cj8zNiXWKiN6eA
19088,D. Henderson,Dean Bradley,Henderson,28,England,188,85,false,https://media.api-sports.io/football/players/19088.png,1997-03-12,Whitehaven,England,1786478262.3733351,iwuOACnMwzf+/g
19465,David Raya,David,Raya Martin,30,Spain,183,80,false,https://media.api-sports.io/football/players/19465.png,1995-09-15,Barcelona,Spain,1786478262.3733351,wurnu8Efjl4brA
19586,E. Eze,Eberechi Oluchi,Eze,27,England,178,73,false,https://media.api-sports.io/football/players/19586.png,1998-06-29,London,England,1786478262.3733351,TLB+i0MsPnsDOQ
19959,B. White,Benjamin William,White,28,England,186,76,false,https://media.api-sports.io/football/players/19959.png,1997-10-08,Poole,England,1786478262.3733351,hHa1jYFOMxu9iQ
22090,W. Saliba,William Alain André Gabriel,Saliba,24,France,192,92,false,https://media.api-sports.io/football/players/22090.png,2001-03-24,Bondy,France,1786478262.3733351,jDefcUNGktvHfw
22094,W. Fofana,Wesley Tidjan,Fofana,25,France,190,84,false,https://media.api-sports.io/football/players/22094.png,2000-12-17,Marseille,France,1786478262.3733351,BV5nefBglm2eRQ
22224,Gabriel Magalhães,Gabriel,dos Santos Magalhães,28,Brazil,190,78,false,https://media.api-sports.io/football/players/22224.png,1997-12-19,São Paulo,Brazil,1786478262.3733351,ZkzRMAJfVV0Pqg
30407,C. Nørgaard,Christian,Thers Nørgaard,31,Denmark,187,73,false,https://media.api-sports.io/football/players/30407.png,1994-03-10,København,Denmark,1786478262.3733351,DlG11wGNI/iHCQ
37127,M. Ødegaard,Martin,Ødegaard,27,Norway,178,68,false,https://media.api-sports.io/football/players/37127.png,1998-12-17,Drammen,Norway,1786478262.3733351,iqzkgW9UqFPJjg
41725,Fábio Vieira,Fábio Daniel,Ferreira Vieira,25,Portugal,170,58,false,https://media.api-sports.io/football/players/41725.png,2000-05-30,Santa Maria da Feira,Portugal,1786478262.3733351,xVLDOkNAHNgPPw
61431,J. Kiwior,Jakub Piotr,Kiwior,25,Poland,189,75,false,https://media.api-sports.io/football/players/61431.png,2000-02-15,Tychy,Poland,1786478262.3733351,ePSQWGigJREuuw
153430,A. Elanga,Anthony David,Junior Elanga,23,Sweden,178,70,false,https://media.api-sports.io/football/players/153430.png,2002-04-27,Malmö,Sweden,1786478262.3733351,l7ThoOMFx04QRA
158694,T. Livramento,Valentino Francisco,Livramento,23,England,182,65,false,https://media.api-sports.io/football/players/158694.png,2002-11-12,London,England,1786478262.3733351,Ka26cSSTi+HAug
169295,K. Hein,Karl Jakob,Hein,23,Estonia,193,86,false,https://media.api-sports.io/football/players/169295.png,2002-04-13,Põlva,Estonia,1786478262.3733351,521yCwqHxmtC7w
284797,D. Ouattara,Dango Aboubacar Faissal,Ouattara,23,Burkina Faso,177,71,false,https://media.api-sports.io/football/players/284797.png,2002-02-11,Ouagadougou,Burkina Faso,1786478262.3733351,q/nu3vwfEGykJw
313236,E. Nwaneri,Ethan Chidiebere,Nwaneri,18,England,176,70,false,https://media.api-sports.io/football/players/313236.png,2007-03-21,London,England,1786478262.3733351,5SJHelctxbvhMw
54,Diego Costa,Diego,da Silva Costa,37,Spain,188 cm,83 kg,false,https://media.api-sports.io/football/players/54.png,1988-10-07,Lagarto,Brazil,1786478282.05632,YWhGSoiw3Jtbdg
178,Lucas Moura,Lucas,Rodrigues Moura da Silva,33,Brazil,172,72,false,https://media.api-sports.io/football/players/178.png,1992-08-13,São Paulo,Brazil,1786478282.05632,esAIaZBhzgpGvg
297,A. Oxlade-Chamberlain,Alexander Mark David,Oxlade-Chamberlain,32,England,180,70,false,https://media.api-sports.io/football/players/297.png,1993-08-15,Portsmouth,England,1786478282.05632,GOMXSky4kG989g
888,P. Jones,Phil Anthony,Jones,31,England,180 cm,71 kg,false,https://media.api-sports.io/football/players/888.png,1992-02-21,Preston,England,1786478282.05632,r6/Xx6L1e6S76g
900,J. Lingard,Jesse Ellis,Lingard,33,England,175,62,false,https://media.api-sports.io/football/players/900.png,1992-12-15,Warrington,England,1786478282.05632,awm7X0FGH0Lacg
2473,M. Lanzini,Manuel,Lanzini,32,Argentina,167,59,false,https://media.api-sports.io/football/players/2473.png,1993-02-15,Ituzaingó,Argentina,1786478282.05632,dHpbg56iPMxIfw
2677,João Moutinho,João Filipe,Iria Santos Moutinho,39,Portugal,170,61,false,https://media.api-sports.io/football/players/2677.png,1986-09-08,Portimão,Portugal,1786478282.05632,L2kdrWUsla8z2A
18753,Adama Traoré,Adama,Traoré Diarra,29,Spain,178,86,false,https://media.api-sports.io/football/players/18753.png,1996-01-25,L'Hospitalet de Llobregat,Spain,1786478282.05632,J91z5bUqumMhUw
18762,T. Davies,Thomas,Davies,27,England,180,70,false,https://media.api-sports.io/football/players/18762.png,1998-06-30,Liverpool,England,1786478282.05632,F9UX4xO/BLDHmw
18849,J. McArthur,James,McFarlane McArthur,36,Scotland,178 cm,75 kg,false,https://media.api-sports.io/football/players/18849.png,1987-10-07,Glasgow,Scotland,1786478282.05632,zrZd02EuAFkyvQ
18852,L. Milivojević,Luka,Milivojević,34,Serbia,186,80,false,https://media.api-sports.io/football/players/18852.png,1991-04-07,Kragujevac,Yugoslavia,1786478282.05632,YM+pn+fhhUcokw
18854,A. Townsend,Andros Darryl,Townsend,34,England,181 cm,77 kg,false,https://media.api-sports.io/football/players/18854.png,1991-07-16,London,England,1786478282.05632,8B3CeEqiX+Fxdw
18858,A. Begović,Asmir,Begović,38,Bosnia and Herzegovina,199,101,false,https://media.api-sports.io/football/players/18858.png,1987-06-20,Trebinje,Bosnia and Herzegovina,1786478282.05632,LY8gzJGbyoFkHQ
18878,J. Stanislas,Felix Junior,Stanislas,34,England,183 cm,76 kg,false,https://media.api-sports.io/football/players/18878.png,1989-11-26,Kidbrooke,England,1786478282.05632,QtRbrpiZe+2ToA
18891,C. Clark,Ciaran,Clark,35,Republic of Ireland,185 cm,88 kg,false,https://media.api-sports.io/football/players/18891.png,1989-09-26,London,England,1786478282.05632,K5i5ESy3zfIMpw
19174,J. Steer,Jed John,Steer,33,England,183,80,false,https://media.api-sports.io/football/players/19174.png,1992-09-23,Norwich,England,1786478282.05632,veZRV6n60lb5sg
19299,J. Colback,Jack Raymond,Colback,36,England,177 cm,77 kg,false,https://media.api-sports.io/football/players/19299.png,1989-10-24,Killingworth,England,1786478282.05632,c9oOQVE0KMT1ww
19842,L. Taylor,Lyle James Alfred,Taylor,35,Montserrat,188,75,false,https://media.api-sports.io/football/players/19842.png,1990-03-29,Greenwich,England,1786478282.05632,wGrEJyDgpci3EQ
130419,M. Longstaff,Matthew Ben,Longstaff,25,England,170,70,false,https://media.api-sports.io/football/players/130419.png,2000-03-21,Rotherham,England,1786478282.05632,quE8OMRMaYK58Q
181822,E. Wady,Ethan James,Wady,21,USA,,,false,https://media.api-sports.io/football/players/181822.png,2002-01-23,San Jose,USA,1786478282.05632,YSRpEXDJTQJvRw
84,Wesley Moraes,Wesley,Moraes Ferreira da Silva,29,Brazil,191,93,false,https://media.api-sports.io/football/players/84.png,1996-11-24,Juiz de Fora,Brazil,1786478282.05632,7IReMQ4u5bpNwg
285,K. Hoever,Ki-Jana Delano,Hoever,23,Netherlands,183,65,false,https://media.api-sports.io/football/players/285.png,2002-01-18,Amsterdam,Netherlands,1786478282.05632,gaG+7Lx7ZOpjtA
378,Alex Telles,Alex,Nicolao Telles,33,Brazil,181,71,false,https://media.api-sports.io/football/players/378.png,1992-12-15,Caxias do Sul,Brazil,1786478282.05632,tBlXp8RwW5JjEA
882,David de Gea,David,de Gea Quintana,35,Spain,192,76,false,https://media.api-sports.io/football/players/882.png,1990-11-07,Madrid,Spain,1786478282.05632,KyeHK/DV1137iw
1914,M. Sanson,Morgan Stéphane,Sanson,31,France,180,73,false,https://media.api-sports.io/football/players/1914.png,1994-08-18,Saint-Doulchard,France,1786478282.05632,jmAMZbRjoeVmGA
18747,R. Giles,Ryan,Giles,25,England,179,72,false,https://media.api-sports.io/football/players/18747.png,2000-01-26,Telford,England,1786478282.05632,+MD55YEJgeYIGw
27778,B. Bolla,Bendegúz Bence,Bolla,26,Hungary,180,72,false,https://media.api-sports.io/football/players/27778.png,1999-11-22,Székesfehérvár,Hungary,1786478282.05632,6VjfNibiRclskw
138934,A. Pressley,Aaron Alex,Pressley,24,Scotland,194,75,false,https://media.api-sports.io/football/players/138934.png,2001-11-07,Edinburgh,Scotland,1786478282.05632,ljfCUqBMjGLbvg
140947,I. Kaboré,Issa,Kaboré,24,Burkina Faso,180,77,false,https://media.api-sports.io/football/players/140947.png,2001-05-12,Bobo-Dioulasso,Burkina Faso,1786478282.05632,sJ57WRYlvFxGaw
152980,Remmi Eugene Savage,Remmi Eugene,Savage,24,England,,,false,https://media.api-sports.io/football/players/152980.png,2001-10-26,,England,1786478282.05632,euXplE46zxFXLg
153434,W. Fish,William Thomas,Fish,22,England,185,,false,https://media.api-sports.io/football/players/153434.png,2003-02-17,,England,1786478282.05632,X/XvGpzSSKfVTw
162189,M. Bidstrup,Mads,Bidstrup,24,Denmark,175,75,false,https://media.api-sports.io/football/players/162189.png,2001-02-25,Køge,Denmark,1786478282.05632,444+t7JMjrE4Kw
278075,C. Cîrjan,Cătălin Ionuț,Cîrjan,23,Romania,174 cm,60 kg,false,https://media.api-sports.io/football/players/278075.png,2002-12-01,Domnești,Romania,1786478282.05632,wAEo7dVFtlBKkg
278088,C. Rushworth,Carl Andrew,Rushworth,24,England,188,86,false,https://media.api-sports.io/football/players/278088.png,2001-07-02,Halifax,England,1786478282.05632,UFfk4zQFGKJYpQ
284062,K. Edwards,Khayon,Edwards,22,England,180,,false,https://media.api-sports.io/football/players/284062.png,2003-09-12,,England,1786478282.05632,1WfbsrH1XwOMGA
284248,M. Frauendorf,Melkamu Benjamin Daniel,Frauendorf,21,Germany,180,,false,https://media.api-sports.io/football/players/284248.png,2004-01-12,,Ethiopia,1786478282.05632,GAN1vtmg/qXKpg
284446,F. Potts,Freddie,Potts,22,England,183,,false,https://media.api-sports.io/football/players/284446.png,2003-09-12,London,England,1786478282.05632,MhQld6bi5u86PQ
284466,C. Patino,Charlie Michael,Patino,22,England,182,75,false,https://media.api-sports.io/football/players/284466.png,2003-10-17,,England,1786478282.05632,BsdsYl1KhviKfQ
291022,Joshua Keeley,Joshua,Keeley,22,Republic of Ireland,191,,false,https://media.api-sports.io/football/players/291022.png,2003-05-17,,Republic of Ireland,1786478282.05632,B/rOybLaB70kQQ
2276,J. Cumming,James Andrew,Cumming,26,England,186,79,false,https://media.api-sports.io/football/players/2276.png,1999-09-04,Winchester,England,1786478282.05632,soCtTh16qAvXfg
64167,G. Słonina,Gabriel Paweł,Słonina,21,USA,193,88,false,https://media.api-sports.io/football/players/64167.png,2004-05-15,Addison,USA,1786478282.05632,gBpbN0fI/SUOKg
138777,F. Anjorin,Faustino Adebola Rasheed,Anjorin,24,England,185,73,false,https://media.api-sports.io/football/players/138777.png,2001-11-23,Poole,England,1786478282.05632,+SG5VN9vP7RPpQ
162590,T. Morton,Tyler Scott,Morton,23,England,182,75,false,https://media.api-sports.io/football/players/162590.png,2002-10-31,Wallasey,England,1786478282.05632,g3awCVfS+smrBg
278086,I. Odutayo,Idris Adewale,Olarewaju Odutayo,23,England,158,,false,https://media.api-sports.io/football/players/278086.png,2002-10-26,Lambeth,England,1786478282.05632,5R7a42PyIrmkgA
282130,Logan Pye,Logan,Pye,22,England,,,false,https://media.api-sports.io/football/players/282130.png,2003-10-26,,England,1786478282.05632,bhArsSOMckarYg
284305,Jamie Miley,Jamie,Miley,21,England,175,,false,https://media.api-sports.io/football/players/284305.png,2004-01-14,Gateshead,England,1786478282.05632,pTSjuU0/70H8wA
284471,S. Parkes,Stefan Charles Earl,Parkes,21,England,,,false,https://media.api-sports.io/football/players/284471.png,2004-03-28,,England,1786478282.05632,XDp7EoVWhJXVpA
284559,Alexander Paul Borto,Alexander Paul,Borto,22,USA,188,80,false,https://media.api-sports.io/football/players/284559.png,2003-11-06,,USA,1786478282.05632,u4IRQTArWLGRNQ
298129,M. Boateng,Malachi,Boateng,23,England,182,,false,https://media.api-sports.io/football/players/298129.png,2002-07-05,London,England,1786478282.05632,YlVG9hjxqR2uTA
303016,M. Oyedele,Maximillian,Oyedele,21,Poland,180,70,false,https://media.api-sports.io/football/players/303016.png,2004-11-07,Manchester,England,1786478282.05632,l4YFnLUf8WyX/g
327728,Delano McCoy-Splatt\t,Delano,McCoy-Splatt,21,Jamaica,,,false,https://media.api-sports.io/football/players/327728.png,2004-10-11,,England,1786478282.05632,2YJh6oci7Amewg
330636,Sonny Aljofree,Sonny,Aljofree,21,England,186,,false,https://media.api-sports.io/football/players/330636.png,2004-12-19,Plymouth,England,1786478282.05632,aWNGZUnkLu7OVw
359386,M. Godo,Becket Fabrice-Martial,Godo,22,England,169,61,false,https://media.api-sports.io/football/players/359386.png,2003-03-14,London,England,1786478282.05632,A4M3/ARzQ+AIyw
363974,Z. Marsh,Zach,Marsh,20,England,176,60,false,https://media.api-sports.io/football/players/363974.png,2005-10-06,,England,1786478282.05632,Y6BUkVKCGfrIKg
378981,Elyh Harrison,Elyh,Harrison,19,England,182,,false,https://media.api-sports.io/football/players/378981.png,2006-02-19,,England,1786478282.05632,3gjUHRp7Yo/r7w
384981,S. Amissah,Samuel,Amissah,18,England,184,73,false,https://media.api-sports.io/football/players/384981.png,2007-03-07,,England,1786478282.05632,Nyc/gPJTGxmw0A
404021,F. Marjoram,Finley,Marjoram,19,England,,,false,https://media.api-sports.io/football/players/404021.png,2006-03-26,,England,1786478282.05632,1tOb8THdHU2DOA
172,D. Alli,Bamidele Jermaine,Alli,29,England,188,76,false,https://media.api-sports.io/football/players/172.png,1996-04-11,Milton Keynes,England,1786478301.6933825,Cdz1OhUyZgELDw
2699,S. Ghoddos,Sayed Saman,Ghoddos,32,Iran,175,79,false,https://media.api-sports.io/football/players/2699.png,1993-09-06,Malmö,Sweden,1786478301.6933825,Vr5mbbzqHxzrIA
18765,André Gomes,André Filipe,Tavares Gomes,32,Portugal,188,84,false,https://media.api-sports.io/football/players/18765.png,1993-07-30,Grijó,Portugal,1786478301.6933825,ghLas1E9Hik/vg
18853,J. Riedewald,Jaïro Jocquim,Riedewald,29,Netherlands,182 cm,79 kg,false,https://media.api-sports.io/football/players/18853.png,1996-09-09,Haarlem,Netherlands,1786478301.6933825,8xDkVnzMlCJBwA
19073,B. Godfrey,Benjamin Matthew,Godfrey,27,England,184,74,false,https://media.api-sports.io/football/players/19073.png,1998-01-15,York,England,1786478301.6933825,dG4yXkpe3N7SkA
19145,T. Adarabioyo,Abdul-Nasir Oluwatosin,Oluwadoyinsolami Adarabioyo,28,England,196,80,false,https://media.api-sports.io/football/players/19145.png,1997-09-24,Manchester,England,1786478301.6933825,BZ/IZSosApehcw
19364,N. Maupay,Neal,Maupay,29,France,173,69,false,https://media.api-sports.io/football/players/19364.png,1996-08-14,Versailles,France,1786478301.6933825,/ogwH2jta5NJIw
19657,M. Rodák,Marek,Rodák,29,Slovakia,194,81,false,https://media.api-sports.io/football/players/19657.png,1996-12-13,Košice,Slovakia,1786478301.6933825,F/x8WSI8QLuuLw
19744,K. Jackson,Kayden Pastel Dunn,Jackson,31,England,181,73,false,https://media.api-sports.io/football/players/19744.png,1994-02-22,Bradford,England,1786478301.6933825,P7pBti5pR8azEA
20224,A. Lonergan,Andrew Michael,Lonergan,42,England,192,87,false,https://media.api-sports.io/football/players/20224.png,1983-10-19,Preston,England,1786478301.6933825,7B6/it7AnTw9lw
44803,D. Ball,Dominic Martin,Ball,30,England,184,75,false,https://media.api-sports.io/football/players/44803.png,1995-08-02,Welwyn Garden City,England,1786478301.6933825,6qDwAeZpxrz4pw
127605,N. Ferguson,Nathan Kirk-Patrick,Ferguson,24,England,178 cm,74 kg,false,https://media.api-sports.io/football/players/127605.png,2000-10-06,,England,1786478301.6933825,m4XVYTCf08CISA
135775,Ansu Fati,Anssumane,Fati Vieira,23,Spain,178,66,false,https://media.api-sports.io/football/players/135775.png,2002-10-31,Bissau,Guinea-Bissau,1786478301.6933825,jCgY4URHmJ1MVw
138822,A. Broja,Armando,Broja,24,Albania,191,83,false,https://media.api-sports.io/football/players/138822.png,2001-09-10,Slough,England,1786478301.6933825,cgIRD8IoiiGVzQ
153422,E. Brierley,Ethan Craig,Brierley,22,England,168 cm,,false,https://media.api-sports.io/football/players/153422.png,2003-11-23,Rochdale,England,1786478301.6933825,6FPAS8PmsVEziw
153425,L. Dobbin,Lewis Norman,Dobbin,22,England,175,71,false,https://media.api-sports.io/football/players/153425.png,2003-01-03,,England,1786478301.6933825,Y1wzfVi+/WCTGw
284500,T. Iroegbunam,Timothy Emeka,Iroegbunam,22,England,183,70,false,https://media.api-sports.io/football/players/284500.png,2003-06-30,Birmingham,England,1786478301.6933825,r+06V5EcZGu/DQ
348263,C. Stewart,Cameron Jack,Stewart,22,England,191 cm,,false,https://media.api-sports.io/football/players/348263.png,2003-02-20,,Northern Ireland,1786478301.6933825,MtfmCERd67opkg
133,C. Lenglet,Clément Nicolas Laurent,Lenglet,30,France,186,81,false,https://media.api-sports.io/football/players/133.png,1995-06-17,Beauvais,France,1786478301.6933825,mxAPnYFFY0WhIw
190,Cédric Soares,Cédric Ricardo,Alves Soares,34,Portugal,172,67,false,https://media.api-sports.io/football/players/190.png,1991-08-31,Singen,Germany,1786478301.6933825,zsVM3ENtsOjnCQ
786,N. Zaniolo,Nicolò,Zaniolo,26,Italy,190,79,false,https://media.api-sports.io/football/players/786.png,1999-07-02,Massa,Italy,1786478301.6933825,wH5wKFWXxvguFQ
1452,Mohamed Elneny,Mohamed Naser,Elsayed Elneny,33,Egypt,179,72,false,https://media.api-sports.io/football/players/1452.png,1992-07-11,El-Mahalla El-Kubra,Egypt,1786478301.6933825,a0WnCrUs3cGxjg
19263,L. Kelly,Lloyd Casius,Kelly,27,England,178,70,false,https://media.api-sports.io/football/players/19263.png,1998-10-06,Bristol,England,1786478301.6933825,OTHor6MWkr6bzA
19356,E. Marcondes,Emiliano,Marcondes Camargo Hansen,30,Denmark,182,75,false,https://media.api-sports.io/football/players/19356.png,1995-03-09,Hvidovre,Denmark,1786478301.6933825,Ua6fySQXzpBE6A
19804,K. Moore,Kieffer Roberto Francisco,Moore,33,Wales,196,89,false,https://media.api-sports.io/football/players/19804.png,1992-08-08,Torquay,England,1786478301.6933825,9gLMVnugZqh0IQ
20110,S. Baptiste,Shandon Harkeem,Baptiste,27,Grenada,180,67,false,https://media.api-sports.io/football/players/20110.png,1998-04-08,Reading,England,1786478301.6933825,VTS/uRXWcAYCcQ
138937,F. Marschall,Filip,Marschall,22,England,195 cm,87 kg,false,https://media.api-sports.io/football/players/138937.png,2003-04-24,Cambridge,England,1786478301.6933825,ihbpBP3/ETXL1g
278123,S. Revan,Sebastian,Revan,22,England,181,,false,https://media.api-sports.io/football/players/278123.png,2003-07-14,,England,1786478301.6933825,PV7ax+4ST0QjOg
281975,Val Adedokun,Val,Adedokun,22,Republic of Ireland,,,false,https://media.api-sports.io/football/players/281975.png,2003-02-14,,Republic of Ireland,1786478301.6933825,eYuazLpjgFJzYA
284502,James Lannin-Sweet,James,Lannin-Sweet,22,England,,,false,https://media.api-sports.io/football/players/284502.png,2004-11-03,,England,1786478301.6933825,zXIaOYGjmRL6xA
284540,Mauro Bandeira,Mauro,Gomes Bandeira,22,Portugal,178 cm,,false,https://media.api-sports.io/football/players/284540.png,2004-04-19,Loures,Portugal,1786478301.6933825,OPpMP+6dyneeCg
294638,Finley Munroe,Finley,Munroe,20,England,,,false,https://media.api-sports.io/football/players/294638.png,2005-02-08,,England,1786478301.6933825,OLU/tjkXodKlOQ
309501,A. Cozier-Duberry,Amario,Cozier-Duberry,20,England,170 cm,57 kg,false,https://media.api-sports.io/football/players/309501.png,2005-05-29,London,England,1786478301.6933825,JJO9lX748XIL/A
309505,R. Walters,Reuell,Walters,21,England,186,65,false,https://media.api-sports.io/football/players/309505.png,2004-12-16,London,England,1786478301.6933825,6y5hlbqouXl8mA
329347,O. Kellyman,Omari Jamian,Kellyman,20,England,191,78,false,https://media.api-sports.io/football/players/329347.png,2005-09-25,Derby,England,1786478301.6933825,v8RFilr8odYYTw
349288,Vincent Angelini,Vincent,Angelini,22,Scotland,186,,false,https://media.api-sports.io/football/players/349288.png,2003-09-12,Glasgow,Scotland,1786478301.6933825,xSIhiH2q3PFtDw
455010,L. Emery,Lander,Emery,22,Spain,,,false,https://media.api-sports.io/football/players/455010.png,2003-03-29,,England,1786478301.6933825,5ViIX11V0AZ/Xw
371,Felipe,Felipe Augusto,de Almeida Monteiro,35,Brazil,190 cm,83 kg,false,https://media.api-sports.io/football/players/371.png,1989-05-16,Mogi das Cruzes,Brazil,1786478301.6933825,gVZdMoOxjFTThw
454,Y. Akgün,Yunus,Akgün,25,Türkiye,173,65,false,https://media.api-sports.io/football/players/454.png,2000-07-07,İstanbul,Türkiye,1786478301.6933825,btIzQZn03/dCzQ
908,A. Martial,Anthony Jordan,Martial,30,France,181,76,false,https://media.api-sports.io/football/players/908.png,1995-12-05,Massy,France,1786478301.6933825,ndVNAUFf3MFeMA
1972,L. Karius,Loris Sven,Karius,32,Germany,189,87,false,https://media.api-sports.io/football/players/1972.png,1993-06-22,Biberach an der Riß,Germany,1786478301.6933825,XfNc+gCz072Hmw
2468,G. Montiel,Gonzalo Ariel,Montiel,28,Argentina,175,68,false,https://media.api-sports.io/football/players/2468.png,1997-01-01,González Catán,Argentina,1786478301.6933825,O7pWedGl/KE8Ww
2925,D. Praet,Dennis Pierre Jacques Albert,Praet,31,Belgium,181,78,false,https://media.api-sports.io/football/players/2925.png,1994-05-14,Leuven,Belgium,1786478301.6933825,1RIOv3vNLdNInA
18817,A. Ogbonna,Angelo,Obinze Ogbonna,37,Italy,191 cm,86 kg,false,https://media.api-sports.io/football/players/18817.png,1988-05-23,Cassino,Italy,1786478301.6933825,fFUwV2hnTGSAlA
18892,P. Dummett,Paul,Dummett,34,Wales,183 cm,82 kg,false,https://media.api-sports.io/football/players/18892.png,1991-09-26,Newcastle upon Tyne,England,1786478301.6933825,D1TF6SA1V/E96w
18903,M. Ritchie,Matthew Thomas,Ritchie,36,Scotland,172,76,false,https://media.api-sports.io/football/players/18903.png,1989-09-10,Gosport,England,1786478301.6933825,vhKp0G51p3WTcg
19032,R. Sessegnon,Kouassi Ryan,Sessegnon,25,England,178,70,false,https://media.api-sports.io/football/players/19032.png,2000-05-18,London,England,1786478301.6933825,4I7rr4gpKgScfA
19130,K. Phillips,Kalvin Mark,Phillips,30,England,178,72,false,https://media.api-sports.io/football/players/19130.png,1995-12-02,Leeds,England,1786478301.6933825,wGQDrQDyPg6S8g
19482,J. Rothwell,Joseph Matthew,Rothwell,30,England,185,77,false,https://media.api-sports.io/football/players/19482.png,1995-01-11,Manchester,England,1786478301.6933825,vW/5+AVH19RUMA
41577,Nuno Tavares,Nuno Albertino,Varela Tavares,25,Portugal,183,75,false,https://media.api-sports.io/football/players/41577.png,2000-01-26,Lisboa,Portugal,1786478301.6933825,1r1txcZxxLulQQ
144709,J. Anang,Joseph,Tetteh Anang,25,England,190 cm,72 kg,false,https://media.api-sports.io/football/players/144709.png,2000-06-08,Teshie,England,1786478301.6933825,TWu5Ca6hczwiQQ
284242,O. Forson,Omari Nathan,Forson,21,England,179,74,false,https://media.api-sports.io/football/players/284242.png,2004-07-20,,England,1786478301.6933825,pzCsHg+l9FYY6g
284536,J. Knightbridge,Jacob Christopher,Knightbridge,21,England,,,false,https://media.api-sports.io/football/players/284536.png,2004-01-25,,England,1786478301.6933825,EFTWnBswjFKc7w
338856,N. Lemina,Pascal Noha,Lemina,20,France,179,74,false,https://media.api-sports.io/football/players/338856.png,2005-06-17,,Gabon,1786478301.6933825,RHUQNI+FLOP6Ow
341641,Rodrigo Ribeiro,Rodrigo,Duarte Ribeiro,20,Portugal,185,72,false,https://media.api-sports.io/football/players/341641.png,2005-04-28,Viana Do Castelo,Portugal,1786478301.6933825,OHK/PFtvbOhgDg
2611,M. Suárez,Mathías Sebastián,Suárez Suárez,28,Uruguay,182 cm,80 kg,false,https://media.api-sports.io/football/players/2611.png,1996-06-24,Montevideo,Uruguay,1786478321.4673927,H2sJ1SKGUcFHzA
8550,N. Penneteau,Nicolas,Penneteau,42,France,185 cm,78 kg,false,https://media.api-sports.io/football/players/8550.png,1981-02-28,Marseille,France,1786478321.4673927,NMXrumkmHzOf0g
20684,D. Bain,Dénys,Bain,30,France,181 cm,74 kg,false,https://media.api-sports.io/football/players/20684.png,1993-07-02,Paris,France,1786478321.4673927,ha52mNe16U0kEw
20870,R. Dugimont,Rémy,Dugimont,37,France,182 cm,73 kg,false,https://media.api-sports.io/football/players/20870.png,1986-07-01,Saint-Cloud,France,1786478321.4673927,I8c/Wu72KUifIQ
22082,J. Moulin,Jessy,Moulin,37,France,185 cm,88 kg,false,https://media.api-sports.io/football/players/22082.png,1986-01-13,Valence,France,1786478321.4673927,rLs5jx304lB3aw
22095,R. Hamouma,Romain,Hamouma,36,France,178 cm,76 kg,false,https://media.api-sports.io/football/players/22095.png,1987-03-29,Montbéliard,France,1786478321.4673927,83YJTPTYITlx9Q
46972,K. Azamoum,Karim,Azamoum,33,France,178 cm,74 kg,false,https://media.api-sports.io/football/players/46972.png,1990-01-17,,France,1786478321.4673927,EaLEmfL8Jvwl0g
128986,B. Anoff,Blankson,Anoff,24,Ghana,173,65,false,https://media.api-sports.io/football/players/128986.png,2001-03-24,Konkonuru,Ghana,1786478321.4673927,EMxWoR6LrIPqmA
128994,R. Bouallak,Ryan,Bouallak,26,France,190 cm,75 kg,false,https://media.api-sports.io/football/players/128994.png,1999-08-19,Montreuil,France,1786478321.4673927,kadvqdDMb9pElg
163084,F. El Maach,Fouad,El Maach,21,Morocco,,,false,https://media.api-sports.io/football/players/163084.png,2001-01-02,Avignon,France,1786478321.4673927,EpWtjPM3b+udsg
194455,U. Bertelli,Ugo,Bertelli,20,France,168 cm,,false,https://media.api-sports.io/football/players/194455.png,2003-07-15,,France,1786478321.4673927,n8KStjzePtDDog
275671,E. Tchato,Enzo Gianni,Tchato Mbiayi,20,Cameroon,182 cm,75 kg,false,https://media.api-sports.io/football/players/275671.png,2002-11-23,Montpellier,France,1786478321.4673927,LCHCIGtekDC3PA
283294,A. Zadi,Alain,Zadi,19,France,,,false,https://media.api-sports.io/football/players/283294.png,2004-03-10,,France,1786478321.4673927,kEjGLNzR3OO6+g
325783,Everson,Everson Junior,Pereira da Silva,22,Brazil,178,70,false,https://media.api-sports.io/football/players/325783.png,2003-11-07,Nice,France,1786478321.4673927,o8MSOqHlzQlZtw
325786,T. Zoukrou,Tanguy Xavier,Banhie-Zoukrou,19,France,"
    ","
    ",false,https://media.api-sports.io/football/players/325786.png,2003-05-07,"
    ",France,1786478321.4673927,xtbB9a7tWuOwPQ
326079,M. Bamba,Mohamed,Bamba,22,France,180,70,false,https://media.api-sports.io/football/players/326079.png,2003-02-09,Blois,France,1786478321.4673927,2Nhc+kAfFmxqCA
326080,A. Platret,Aurélien,Platret,22,France,,,false,https://media.api-sports.io/football/players/326080.png,2003-02-20,Grasse,France,1786478321.4673927,5l2CV6u2s99JGg
326174,N. Babaï,Nazim,Babaï,22,Algeria,171 cm,,false,https://media.api-sports.io/football/players/326174.png,2003-01-14,Périgueux,France,1786478321.4673927,LOSN8octAVs28A
336656,Vimoj Muntu Wa Mungu,Vimoj,Muntu Wa Mungu,20,France,165 cm,,false,https://media.api-sports.io/football/players/336656.png,2004-10-15,,France,1786478321.4673927,WoLlLxorc+Qe7A
402306,Erwan Adonis,Erwan,Adonis,19,France,,,false,https://media.api-sports.io/football/players/402306.png,2006-01-09,,France,1786478321.4673927,j8mQaS3ml4wJng
2996,S. Thioub,Sada,Thioub,29,Senegal,179 cm,75 kg,false,https://media.api-sports.io/football/players/2996.png,1995-06-01,Nanterre,France,1786478321.4673927,WIhFeFl0M2GkmQ
3445,Pelé,Judilson Mamadú,Tuncará Gomes,32,Guinea-Bissau,182 cm,78 kg,false,https://media.api-sports.io/football/players/3445.png,1991-09-29,Agualva-Cacém,Portugal,1786478321.4673927,3E98xY9JfTHDuw
20563,G. Charbonnier,Gaëtan,Charbonnier,36,France,188 cm,80 kg,false,https://media.api-sports.io/football/players/20563.png,1988-12-27,Saint-Mandé,France,1786478321.4673927,gcXubENJsfLd3g
20625,V. Le Goff,Vincent,Le Goff,35,France,177 cm,69 kg,false,https://media.api-sports.io/football/players/20625.png,1989-10-15,Quimper,France,1786478321.4673927,plcQpAiUL4w/jA
20765,J. Albert,Josué,Albert,33,French Guiana,187,86,false,https://media.api-sports.io/football/players/20765.png,1992-01-21,Colombes,France,1786478321.4673927,mWzP+dIjy1PZ1A
20769,Jérôme  Phojo,Jérôme,Phojo,29,France,178 cm,71 kg,false,https://media.api-sports.io/football/players/20769.png,1993-04-15,Poissy,France,1786478321.4673927,KHpbCh6UZ/vQ+Q
20773,J. Berthomier,Jason,Berthomier,34,France,177 cm,74 kg,false,https://media.api-sports.io/football/players/20773.png,1990-01-06,Montluçon,France,1786478321.4673927,r+NAyZbGC7PK2Q
20822,C. Alhadhur,Chaker,Alhadhur,32,Comoros,172 cm,75 kg,false,https://media.api-sports.io/football/players/20822.png,1991-12-04,Nantes,France,1786478321.4673927,Spwu9Azw7zZsaw
20865,R. Philippoteaux,Romain,Philippoteaux,36,France,170 cm,67 kg,false,https://media.api-sports.io/football/players/20865.png,1988-03-02,Apt,France,1786478321.4673927,ov8+5CLXfL6tsw
20944,J. Hergault,Jérôme,Hergault,36,France,185 cm,80 kg,false,https://media.api-sports.io/football/players/20944.png,1986-04-05,Montmorency,France,1786478321.4673927,f0MWpiiymEJaGw
20951,M. Coutadeur,Mathieu,Coutadeur,38,France,169 cm,67 kg,false,https://media.api-sports.io/football/players/20951.png,1986-03-20,Le Mans,France,1786478321.4673927,Ct7+6b4VLeh86Q
20955,R. Nouri,Riad,Nouri,39,France,178 cm,73 kg,false,https://media.api-sports.io/football/players/20955.png,1985-06-07,Marseille,France,1786478321.4673927,6adFwXs/4hEGVw
21695,M. Alphonse,Mickaël David,Alphonse,34,Guadeloupe,182 cm,75 kg,false,https://media.api-sports.io/football/players/21695.png,1989-07-12,Louhans-Cuiseaux,France,1786478321.4673927,FsQ51kUIuxVuFQ
21708,J. Keita,Abdoulaye Jules,Keita,24,Guinea,168 cm,58 kg,false,https://media.api-sports.io/football/players/21708.png,1998-07-20,Conakry,Guinea,1786478321.4673927,IjTSBETkBYnbJA
24157,B. Ndilu,Bridge,Ndilu,24,France,186 cm,86 kg,false,https://media.api-sports.io/football/players/24157.png,2000-07-21,Le Mans,France,1786478321.4673927,Nnwhjcj1lX/6kg
174714,A. Kalla,Ali,Kalla,26,France,172 cm,68 kg,false,https://media.api-sports.io/football/players/174714.png,1998-04-23,,France,1786478321.4673927,GzMXVTmi+yngeg
191159,F. Duparchy,Florent,Duparchy,24,France,187 cm,,false,https://media.api-sports.io/football/players/191159.png,2000-06-20,Lyon,France,1786478321.4673927,aPA55/flvICU3Q
398498,D. N&apos;Diaye,Demba,N'Diaye,19,France,198 cm,,false,https://media.api-sports.io/football/players/398498.png,2005-08-18,,France,1786478321.4673927,oRt7/DhKzJ2ojg
933,K. Gameiro,Kevin,Dominique Gameiro,37,France,172 cm,70 kg,false,https://media.api-sports.io/football/players/933.png,1987-05-09,Senlis,France,1786478321.4673927,/RnXB7noBH7yXg
1472,R. Salin,Romain Jules,Salin,41,France,186 cm,76 kg,false,https://media.api-sports.io/football/players/1472.png,1984-07-29,Mayenne,France,1786478321.4673927,lJMP1FNjcPUThw
8478,A. Souquet,Arnaud,Souquet,33,France,179 cm,72 kg,false,https://media.api-sports.io/football/players/8478.png,1992-02-12,Paris,France,1786478321.4673927,kJhba7EUeeWRxA
20633,J. Cabot,Jimmy,Cabot,30,France,164 cm,64 kg,false,https://media.api-sports.io/football/players/20633.png,1994-04-18,Chambéry,France,1786478321.4673927,L1CcGFk2SOFkkQ
20688,F. Mayembo,Fernand Destin,Mayembo,29,Congo,184 cm,88 kg,false,https://media.api-sports.io/football/players/20688.png,1996-01-09,Brazzaville,Congo,1786478321.4673927,9BFV5z9VrX89WQ
21012,H. Sakhi,Hamza,Sakhi,29,Morocco,176 cm,69 kg,false,https://media.api-sports.io/football/players/21012.png,1996-06-07,Rabat,Morocco,1786478321.4673927,i8vOx3rl4DhLKQ
22242,E. Kawashima,Eiji,Kawashima,42,Japan,185 cm,82 kg,false,https://media.api-sports.io/football/players/22242.png,1983-03-20,Yono,Japan,1786478321.4673927,qe+lDlz/QAtNkg
22257,D. Liénard,Dimitri,Liénard,37,France,181 cm,77 kg,false,https://media.api-sports.io/football/players/22257.png,1988-02-13,Belfort,France,1786478321.4673927,1hks7SwGQGozNQ
51095,A. Elis,Alberth Josué,Elis Martínez,29,Honduras,185 cm,82 kg,false,https://media.api-sports.io/football/players/51095.png,1996-02-12,San Pedro Sula,Honduras,1786478321.4673927,qJbVd0HxDFsrJA
71568,S. Mvoué,Stève Regis,Mvoué,23,Cameroon,185 cm,73 kg,false,https://media.api-sports.io/football/players/71568.png,2002-02-02,Yaoundé,Cameroon,1786478321.4673927,KgmEy1joLDtjCw
162569,O. Lukić,Ognjen,Lukić,22,Serbia,193 cm,,false,https://media.api-sports.io/football/players/162569.png,2003-07-04,,Serbia,1786478321.4673927,zKP9u/p/8aHhUA
191251,T. Rapnouil,Tom,Rapnouil-Zarandona,24,France,188 cm,,false,https://media.api-sports.io/football/players/191251.png,2001-02-09,Poissy,France,1786478321.4673927,fyF4/9Klp5ecvg
193619,S. Ben Seghir,Salim,Ben Seghir,22,France,177 cm,66 kg,false,https://media.api-sports.io/football/players/193619.png,2003-02-24,Saint-Tropez,France,1786478321.4673927,kjbE7jvgXU1jDQ
272458,S. Yépié Yépié,Samuel,Yépié Yépié,23,France,171 cm,,false,https://media.api-sports.io/football/players/272458.png,2002-10-02,Gonesse,France,1786478321.4673927,Xc/S/rKy5KO1iQ
282540,D. Dongmo,Danel Jordan,Dongmo,24,Cameroon,182 cm,,false,https://media.api-sports.io/football/players/282540.png,2001-01-31,Douala,Cameroon,1786478321.4673927,bMwgyuAmiMV1kw
326092,T. Allix,Teo,Allix,20,France,183 cm,71 kg,false,https://media.api-sports.io/football/players/326092.png,2004-07-05,,France,1786478321.4673927,1Z9LNH+GJfllnw
334645,A. Nanah,Anas,Nanah,22,Morocco,177 cm,65 kg,false,https://media.api-sports.io/football/players/334645.png,2003-03-12,,Morocco,1786478321.4673927,vZisWYSNC4dEag
336561,A. Kari,Ayman,Kari,20,France,176 cm,,false,https://media.api-sports.io/football/players/336561.png,2004-11-19,Ivry-sur-Seine,France,1786478321.4673927,MXYZIY/5HMoSFA
1912,D. Payet,Dimitri,Payet,38,France,175,77,false,https://media.api-sports.io/football/players/1912.png,1987-03-29,Saint-Pierre,Réunion,1786478341.1612031,VlzuEQHJmHlPhg
1916,K. Strootman,Kevin Johannes,Willem Strootman,34,Netherlands,186 cm,78 kg,false,https://media.api-sports.io/football/players/1916.png,1990-02-13,Ridderkerk,Netherlands,1786478341.1612031,zZMKlW29VUlMjA
20669,T. Ducrocq,Tom,Ducrocq,26,France,176,62,false,https://media.api-sports.io/football/players/20669.png,1999-08-25,Blendecques,France,1786478341.1612031,XRBSoYgKSxp3EA
21079,M. Dupé,Maxime,Dupé,32,France,188,88,false,https://media.api-sports.io/football/players/21079.png,1993-03-04,Malestroit,France,1786478341.1612031,PwaUZvFJ8HVINg
21613,L. Joseph,Lenny,Joseph,25,France,183,73,false,https://media.api-sports.io/football/players/21613.png,2000-10-12,Paris,France,1786478341.1612031,CTiY+br+tDEgYQ
22235,J. Bamba,Jonathan Fousseni,Bamba,29,Côte d'Ivoire,175,72,false,https://media.api-sports.io/football/players/22235.png,1996-03-26,Alfortville,France,1786478341.1612031,pDKwuI0ayXW6UA
26313,A. Donis,Anastasios,Donis,29,Greece,178,76,false,https://media.api-sports.io/football/players/26313.png,1996-08-29,Blackburn,England,1786478341.1612031,O0qKzaFu8rHE9A
30807,S. Fofana,Seko Mohamed,Fofana,30,Côte d'Ivoire,183,74,false,https://media.api-sports.io/football/players/30807.png,1995-05-07,Paris,France,1786478341.1612031,GXX1z6TVlfJXfg
31483,A. Gravillon,Andreaw Rayan Andy,Gravillon,27,Guadeloupe,188 cm,75 kg,false,https://media.api-sports.io/football/players/31483.png,1998-02-08,Pointe-à-Pitre,Guadeloupe,1786478341.1612031,eDrlmjVfzzms4w
162589,R. Ascone,Rocco Angelo,Ascone,22,France,180,67,false,https://media.api-sports.io/football/players/162589.png,2003-09-12,,France,1786478341.1612031,ReI2GGrJ+Y1hqg
174783,Y. Diaby,Yadaly,Diaby,25,Guinea,184,76,false,https://media.api-sports.io/football/players/174783.png,2000-08-09,Saint-Pierre,France,1786478341.1612031,BBSuOe5K/p1hmg
174881,M. Mbow,Mamadou Moustapha,Mbow,25,Senegal,192,74,false,https://media.api-sports.io/football/players/174881.png,2000-03-08,Guédiawaye,Senegal,1786478341.1612031,b6my6qbW6jokKQ
237198,O. Ba,Ousmane,Ba,23,Senegal,185,74,false,https://media.api-sports.io/football/players/237198.png,2002-06-06,Rufisque,Senegal,1786478341.1612031,4+3l9WQf0S4hmw
268571,E. Bitshiabu,El Chadaille,Bitshiabu,20,France,196,95,false,https://media.api-sports.io/football/players/268571.png,2005-05-16,Villeneuve-Saint-Georges,France,1786478341.1612031,ZFmWg5Vy2rv7uw
275959,B. Diallo,Baïla,Diallo,24,France,176 cm,70 kg,false,https://media.api-sports.io/football/players/275959.png,2001-06-24,Toulouse,France,1786478341.1612031,ELznoapsdpNPkQ
277085,A. Do Marcolino,Fabrice-Alan,Do Marcolino Anguilet,23,Gabon,194,,false,https://media.api-sports.io/football/players/277085.png,2002-03-19,Libreville,Gabon,1786478341.1612031,B7Q66KiIqrzb5w
293949,J. N&apos;Guessan,Jean Frederic Kouadio,N'Guessan,22,Côte d'Ivoire,177,80,false,https://media.api-sports.io/football/players/293949.png,2003-04-17,Daloa,Côte d'Ivoire,1786478341.1612031,vG2j+coYFHq7WA
306532,S. Hamulić,Saïd,Hamulić,25,Netherlands,189 cm,83 kg,false,https://media.api-sports.io/football/players/306532.png,2000-11-12,Leiderdorp,Netherlands,1786478341.1612031,CqKPjwO71zeAyA
216,M. Icardi,Mauro Emanuel,Icardi Rivero,32,Argentina,181,75,false,https://media.api-sports.io/football/players/216.png,1993-02-19,Rosario,Argentina,1786478341.1612031,3ezedNC6mbhPyA
2209,R. Guitane,Rafik,Guitane,26,France,170,60,false,https://media.api-sports.io/football/players/2209.png,1999-05-26,Evreux,France,1786478341.1612031,q56t9hCZr0jxAw
7577,D. Marešić,Dario,Marešić,26,Austria,183,74,false,https://media.api-sports.io/football/players/7577.png,1999-09-29,Graz,Austria,1786478341.1612031,KBtB+OvOYh7lJQ
20618,T. Bartouche,Teddy,Bartouche-Selbonne,28,France,178,70,false,https://media.api-sports.io/football/players/20618.png,1997-06-05,Lagny-sur-Marne,France,1786478341.1612031,2lysJTX1XLk4jQ
22130,Matis Carvalho,Matis,Carvalho,26,Portugal,186,80,false,https://media.api-sports.io/football/players/22130.png,1999-04-28,Nantes,France,1786478341.1612031,ms/Pv0d8bqyy6w
36910,C. Stengs,Calvin,Stengs,27,Netherlands,182,74,false,https://media.api-sports.io/football/players/36910.png,1998-12-18,Amsterdam,Netherlands,1786478341.1612031,n6EE4KMqXLMegQ
37380,A. Musaba,Anthony Tite,Musaba,25,Netherlands,182,72,false,https://media.api-sports.io/football/players/37380.png,2000-12-06,Nijmegen,Netherlands,1786478341.1612031,jJZVRF0MgevJEQ
40594,A. Buksa,Adam,Buksa,29,Poland,191,78,false,https://media.api-sports.io/football/players/40594.png,1996-07-12,Kraków,Poland,1786478341.1612031,56J4grnUAdkLdA
63998,Camilo,Camilo,Reijers de Oliveira,26,Brazil,178,75,false,https://media.api-sports.io/football/players/63998.png,1999-02-23,Mogi Mirim,Brazil,1786478341.1612031,nvskonWiWxR8/g
144319,S. Soumano,Sambou,Soumano,24,Senegal,182,69,false,https://media.api-sports.io/football/players/144319.png,2001-01-13,Dakar,Senegal,1786478341.1612031,c03WZNb8UrRc3A
153717,Santiago Eneme,Santiago,Eneme Bocari,25,Equatorial Guinea,183,65,false,https://media.api-sports.io/football/players/153717.png,2000-09-29,Malabo,Equatorial Guinea,1786478341.1612031,6HRS3p7cf2FEcw
162004,B. Elmaz,Bartuğ,Elmaz,22,Türkiye,179,72,false,https://media.api-sports.io/football/players/162004.png,2003-02-19,Tekirdağ,Türkiye,1786478341.1612031,o+A4d6J2BgzFBQ
162198,F. Da Silva,Florent,Sanchez Da Silva,22,France,178,67,false,https://media.api-sports.io/football/players/162198.png,2003-04-02,Vaulx-en-Velin,France,1786478341.1612031,fplZhNEQOV1ZmQ
162464,L. Margueron,Lucas,Margueron,24,France,194,,false,https://media.api-sports.io/football/players/162464.png,2001-02-12,Decines,France,1786478341.1612031,+Tz2GN5yPDf6vg
174775,K. Serber,Kléri,Serber,27,France,170,67,false,https://media.api-sports.io/football/players/174775.png,1998-07-03,Rillieux-la-Pape,France,1786478341.1612031,9YplFpcOu2cKnQ
174932,Y. Gomes,Ylan,Gomes,23,France,174,67,false,https://media.api-sports.io/football/players/174932.png,2002-07-22,Cormeilles-en-Parisis,France,1786478341.1612031,BZCGgVeJ7lQbCQ
174939,E. Colas,Erwan,Colas,28,France,179,,false,https://media.api-sports.io/football/players/174939.png,1997-04-22,,France,1786478341.1612031,etVRmB80nJleWA
301651,F. Gnalega,Fred,Gnalega,24,Côte d'Ivoire,175 cm,65 kg,false,https://media.api-sports.io/football/players/301651.png,2001-10-08,Ahoutoué,Côte d'Ivoire,1786478341.1612031,ipdiL9c0hcsoRA
333001,R. Tchato,Ryan,Tchato Mbiayi,21,Cameroon,,,false,https://media.api-sports.io/football/players/333001.png,2004-09-13,,France,1786478341.1612031,8QtNuYO+a4BiJA
336563,D. Gassama,Djeidi,Gassama,22,France,177,70,false,https://media.api-sports.io/football/players/336563.png,2003-09-10,,France,1786478341.1612031,gtBvvfN4zfdMHw
300,G. Wijnaldum,Georginio Gregion Emile,Wijnaldum,35,Netherlands,173,74,false,https://media.api-sports.io/football/players/300.png,1990-11-11,Rotterdam,Netherlands,1786478341.1612031,0aB1fe4QsmAlMA
1901,J. Amavi,Jordan Kévin,Amavi,31,France,176 cm,70 kg,false,https://media.api-sports.io/football/players/1901.png,1994-03-09,Toulon,France,1786478341.1612031,/D+62m1q2D/8iA
3334,Y. Koné,Youssouf,Koné,30,Mali,174,71,false,https://media.api-sports.io/football/players/3334.png,1995-07-05,Bamako,Mali,1786478341.1612031,NnhbpD5jVDvpxA
20714,P. Nouga,Paul Dubien,Mbelek Nouga,26,France,185,78,false,https://media.api-sports.io/football/players/20714.png,1999-07-22,Melun,France,1786478341.1612031,RlNx2ZGR5goI+w
87644,P. Bâ,Pape Ibnou,Bâ,32,Mauritania,177,68,false,https://media.api-sports.io/football/players/87644.png,1993-01-05,Saint-Louis,Senegal,1786478341.1612031,0ov0/k9kwnOIlg
128990,A. Ousmane,Abdoulaye,Ousmane,25,Mauritania,183,,false,https://media.api-sports.io/football/players/128990.png,2000-02-22,Maubeuge,France,1786478341.1612031,Ylhr/RP3KR+0fQ
161621,L. Tchaouna,Loum,Tchaouna,22,France,180,68,false,https://media.api-sports.io/football/players/161621.png,2003-09-08,N'Djamena,Chad,1786478341.1612031,sfTa9A58UZn5Tg
162685,Pedro Ruiz,Pedro,Ruiz Delgado,23,Spain,197 cm,82 kg,false,https://media.api-sports.io/football/players/162685.png,2000-03-30,Sevilla,Spain,1786478341.1612031,hlXN/nN1vOer4g
174599,M. Wackers,Maxime,Wackers,27,France,184,,false,https://media.api-sports.io/football/players/174599.png,1998-01-01,,France,1786478341.1612031,LKyyR6JfQpWYhQ
174702,P. Bellon,Paul,Bellon,25,France,,,false,https://media.api-sports.io/football/players/174702.png,2000-01-15,,France,1786478341.1612031,UE4UgXL3lWZsPg
181800,S. Ramet,Simon,Ramet,22,France,,,false,https://media.api-sports.io/football/players/181800.png,2003-03-13,,France,1786478341.1612031,Xf9FYfgLBonjTg
287114,A. Samoura,Amadou,Samoura,22,France,,,false,https://media.api-sports.io/football/players/287114.png,2003-11-21,Montivilliers,France,1786478341.1612031,+lzple1BCX9YkQ
341089,E. Bongemba,Edvin,Bongemba,21,France,187,70,false,https://media.api-sports.io/football/players/341089.png,2004-01-14,,France,1786478341.1612031,f7DyagzH0noOIA
363220,A. Nuss,Antoine,Nuss,22,France,179,67,false,https://media.api-sports.io/football/players/363220.png,2003-12-19,,France,1786478341.1612031,wxVu2eOmFt/kWg
375990,P. Mboup,Pathé,Mboup,22,Senegal,175,,false,https://media.api-sports.io/football/players/375990.png,2003-10-19,,Senegal,1786478341.1612031,iQ6ONexp2CIL8A
392568,R. Etonde,Romaric,Etonde,18,France,,,false,https://media.api-sports.io/football/players/392568.png,2005-04-30,,France,1786478341.1612031,ZNwa+Sb+7hiMhw
395764,N. Ferro,Nolan,Ferro,19,France,183,72,false,https://media.api-sports.io/football/players/395764.png,2006-01-18,Saint-Claude,France,1786478341.1612031,IXJi5LzCci/XRQ
401575,W. Hasbi,Walid,Hasbi,21,Morocco,188,78,false,https://media.api-sports.io/football/players/401575.png,2004-01-07,Sidi Othmane,Morocco,1786478341.1612031,M2z5foNsUDQM+A
410902,Y. Chaib,Yacine,Chaib,20,France,,,false,https://media.api-sports.io/football/players/410902.png,2005-01-27,,France,1786478341.1612031,Xk9zw7IZmttNQQ
103,J. Aholou,Jean-Eudes Pascal Armand,Aholou,31,Côte d'Ivoire,187,75,false,https://media.api-sports.io/football/players/103.png,1994-03-20,Yopougnon,Côte d'Ivoire,1786478360.8025584,FGiIAF0yJ55rCg
263,L. Kurzawa,Layvin Marc,Kurzawa,33,France,182 cm,74 kg,false,https://media.api-sports.io/football/players/263.png,1992-09-04,Fréjus,France,1786478360.8025584,+es/VHfMuIgarA
278,Kylian Mbappé,Kylian,Mbappé Lottin,27,France,178,75,false,https://media.api-sports.io/football/players/278.png,1998-12-20,Paris,France,1786478360.8025584,UU1rEEMiYiAhAg
731,K. Navas,Keylor Antonio,Navas Gamboa,39,Costa Rica,185,80,false,https://media.api-sports.io/football/players/731.png,1986-12-15,San Isidro,Costa Rica,1786478360.8025584,KBJqJ8iZn8m8aA
1278,Y. Karamoh,Yann Dorgelès Isaac,Karamoh,27,France,185,77,false,https://media.api-sports.io/football/players/1278.png,1998-07-08,Abidjan,Côte d'Ivoire,1786478360.8025584,ATrctv78Ab2oag
19250,B. Brahimi,Billal,Brahimi,25,Algeria,183,75,false,https://media.api-sports.io/football/players/19250.png,2000-03-14,Paris,France,1786478360.8025584,4E3HDJxP6wn4bQ
20600,R. Perraud,Romain Paul Jean-Michel,Perraud,28,France,173,68,false,https://media.api-sports.io/football/players/20600.png,1997-09-22,Toulouse,France,1786478360.8025584,EVVMcpThtVPeoA
20833,L. Leroy,Léo,Leroy,25,France,187,82,false,https://media.api-sports.io/football/players/20833.png,2000-02-14,Marseille,France,1786478360.8025584,DFRidS+SKWmgkw
21701,V. Rosier,Valentin André Henri,Rosier,29,France,175,71,false,https://media.api-sports.io/football/players/21701.png,1996-08-19,Montauban,France,1786478360.8025584,hcxTJ3W9GB5zGQ
22260,I. Sissoko,Ibrahima,Sissoko,28,France,193,90,false,https://media.api-sports.io/football/players/22260.png,1997-10-27,Meaux,France,1786478360.8025584,lwRrMfx4+arCzA
24207,S. Diarra,Stéphane Imad,Diarra,27,Côte d'Ivoire,173,58,false,https://media.api-sports.io/football/players/24207.png,1998-12-09,Abidjan,Côte d'Ivoire,1786478360.8025584,7TlK4aZmuHTVWg
48475,S. Hefti,Silvan,Hefti,28,Switzerland,182,76,false,https://media.api-sports.io/football/players/48475.png,1997-10-25,Rorschach,Switzerland,1786478360.8025584,JIDLgFPKNR5b1Q
84101,D. Chambost,Dylan,Chambost,28,France,177,70,false,https://media.api-sports.io/football/players/84101.png,1997-08-19,Annecy,France,1786478360.8025584,3Y22HUjhACzVIw
129670,N. Mbuku,Nathanaël,Mbuku,23,France,170,65,false,https://media.api-sports.io/football/players/129670.png,2002-03-16,Villeneuve-Saint-Georges,France,1786478360.8025584,mmkMsJI8VToyrw
174768,A. Pierre,Alexandre,Pierre,24,Haiti,190,88,false,https://media.api-sports.io/football/players/174768.png,2001-02-25,Aubervilliers,France,1786478360.8025584,lCUegyuuGCyBxA
174797,M. Rivera,Maxence,Rivera,23,France,171,61,false,https://media.api-sports.io/football/players/174797.png,2002-05-30,Bourgoin-Jallieu,France,1786478360.8025584,pSv5Xt3GpMBBAA
195512,M. Satriano,Martín Adrián,Satriano Costa,24,Uruguay,187,75,false,https://media.api-sports.io/football/players/195512.png,2001-02-20,Montevideo,Uruguay,1786478360.8025584,hplFz7OzF1n4cg
288055,Ângelo,Ângelo Gabriel,Borges Damaceno,21,Brazil,180,78,false,https://media.api-sports.io/football/players/288055.png,2004-12-21,,Brazil,1786478360.8025584,IBM3ZTvL4gcrIg
304161,B. Traoré,Bénie Adama,Traoré,23,Côte d'Ivoire,172,68,false,https://media.api-sports.io/football/players/304161.png,2002-11-30,Ouragahio,Côte d'Ivoire,1786478360.8025584,q8mfBkt/ak3BVA
361881,Antonin Cartillier,Antonin,Cartillier,21,France,176,,false,https://media.api-sports.io/football/players/361881.png,2004-06-23,,France,1786478360.8025584,ODm8XChlpmzpJQ
260,C. Dagba,Colin,Obasanya Dagba,27,France,170,62,false,https://media.api-sports.io/football/players/260.png,1998-09-09,Béthune,France,1786478360.8025584,QY+ek8BRBp+gww
327,A. Ounas,Adam Mohamed,Ounas,29,Algeria,172 cm,65 kg,false,https://media.api-sports.io/football/players/327.png,1996-11-11,Chambray-lès-Tours,France,1786478360.8025584,TO2qCEt0ePyNkA
1854,J. Correa,Carlos Joaquín,Correa,31,Argentina,189,75,false,https://media.api-sports.io/football/players/1854.png,1994-08-13,Juan B. Alberdi,Argentina,1786478360.8025584,GGr8iD9v1z6mZA
2059,W. Ben Yedder,Wissam,Ben Yedder,35,France,170 cm,68 kg,false,https://media.api-sports.io/football/players/2059.png,1990-08-12,Sarcelles,France,1786478360.8025584,j5WFU9QeUfj6tQ
18751,Ivan Cavaleiro,Ivan Ricardo,Neves Abreu Cavaleiro,32,Portugal,175 cm,72 kg,false,https://media.api-sports.io/football/players/18751.png,1993-10-18,Vila Franca de Xira,Portugal,1786478360.8025584,OHNT9vA4xE8OGg
20568,A. Letellier,Alexandre,Letellier,34,France,193 cm,93 kg,false,https://media.api-sports.io/football/players/20568.png,1990-12-11,Paris,France,1786478360.8025584,2AN5hZoufg1HfQ
20651,J. Leca,Jean-Louis,Leca,39,France,180 cm,75 kg,false,https://media.api-sports.io/football/players/20651.png,1985-09-21,Bastia,France,1786478360.8025584,M512QhLP2t7fQQ
22219,A. Jakubech,Adam,Jakubech,28,Slovakia,188 cm,85 kg,false,https://media.api-sports.io/football/players/22219.png,1997-01-02,Presov,Slovakia,1786478360.8025584,ywDEzTxQlZTZZg
24288,M. Bayo,Mohamed Lamine,Bayo,27,Guinea,188,76,false,https://media.api-sports.io/football/players/24288.png,1998-06-04,Clermont-Ferrand,France,1786478360.8025584,/l8NdVdTJ+Itkw
36868,S. Spierings,Stijn,Spierings,29,Netherlands,188,83,false,https://media.api-sports.io/football/players/36868.png,1996-03-12,Alkmaar,Netherlands,1786478360.8025584,Fe7A9E9VgPG9sQ
41748,J. Onana,Jean Emile Junior,Onana Onana,26,Cameroon,189,85,false,https://media.api-sports.io/football/players/41748.png,2000-01-08,Yaoundé,Cameroon,1786478360.8025584,sbC48PxoZK3J9A
48372,E. Cömert,Eray Ervin,Cömert,27,Switzerland,183,80,false,https://media.api-sports.io/football/players/48372.png,1998-02-04,Rheinfelden,Switzerland,1786478360.8025584,2x3xj2RVuFUqtg
49888,Y. Yazıcı,Yusuf,Yazıcı,29,Türkiye,184,76,false,https://media.api-sports.io/football/players/49888.png,1997-01-29,Trabzon,Türkiye,1786478360.8025584,iRAvlzlkw+Z/Ug
156465,I. Soumaré,Issa,Soumaré,25,Senegal,182,78,false,https://media.api-sports.io/football/players/156465.png,2000-10-10,Podor,Senegal,1786478360.8025584,hcetwgO7yz0lpA
333151,B. Traoré,Bonota,Traoré,22,France,181 cm,83 kg,false,https://media.api-sports.io/football/players/333151.png,2003-06-30,,France,1786478360.8025584,T4KNbH3itFB0Xw
334964,D. Moussadek,Djamal,Moussadek Medou Otye,22,France,185 cm,82 kg,false,https://media.api-sports.io/football/players/334964.png,2002-04-03,Le Mans,France,1786478360.8025584,+gOR//YGXOmTqA
343316,J. Belocian,Jeanuël,Belocian,20,France,186,73,false,https://media.api-sports.io/football/players/343316.png,2005-02-17,Les Abymes,Guadeloupe,1786478360.8025584,7a+sxoWATF8aQw
374499,Malamine Efekele,Malamine,Efekele,21,France,188,80,false,https://media.api-sports.io/football/players/374499.png,2004-07-19,,France,1786478360.8025584,J9qFnlpkFVCdow
409217,Serif Nhaga,Serif,Nhaga,20,Portugal,170 cm,66 kg,false,https://media.api-sports.io/football/players/409217.png,2005-09-01,,Guinea-Bissau,1786478360.8025584,UD7368Sy3cQwBA
430044,J. Bery,Jules,Bery,21,France,,,false,https://media.api-sports.io/football/players/430044.png,2004-01-24,Blois,France,1786478360.8025584,WF5zajaF/s/jjw
2704,Y. Abdelhamid,Yunis,Abdelhamid,38,Morocco,190,83,false,https://media.api-sports.io/football/players/2704.png,1987-09-28,Montpellier,France,1786478360.8025584,qw8PvVfaOiw1QQ
2985,A. Gomis,Amigo Alfred Benjamin Junior,Gomis,32,Senegal,196,83,false,https://media.api-sports.io/football/players/2985.png,1993-09-05,Ziguinchor,Senegal,1786478360.8025584,sIJAEWMNgCsEKg
3395,S. Mounié,Steve Michel,Mounié,31,Benin,190,83,false,https://media.api-sports.io/football/players/3395.png,1994-09-29,Parakou,Benin,1786478360.8025584,soGp18APGPJUSQ
18592,I. Ndiaye,Iliman Cheikh,Baroy Ndiaye,25,Senegal,180,70,false,https://media.api-sports.io/football/players/18592.png,2000-03-06,Rouen,France,1786478360.8025584,brWvrQqQ4EgRrw
20696,P. Gueye,Pape Alassane,Gueye,26,Senegal,189,79,false,https://media.api-sports.io/football/players/20696.png,1999-01-24,Montreuil,France,1786478360.8025584,Sqf+toimFUqpeQ
20848,S. Laiton,Sonny Patrick,Laiton,25,France,191,87,false,https://media.api-sports.io/football/players/20848.png,2000-01-28,Saint-Louis,Réunion,1786478360.8025584,kzzLJVRO1qprmw
20867,Y. Begraoui,Yanis Redha,Begraoui,24,Morocco,179,72,false,https://media.api-sports.io/football/players/20867.png,2001-07-04,Étampes,France,1786478360.8025584,jyqAOmI1XKwWLg
45804,V. Birmančević,Veljko,Birmančević,27,Serbia,179,67,false,https://media.api-sports.io/football/players/45804.png,1998-03-05,Šabac,Serbia,1786478360.8025584,LvEeY0/LFT3GVw
85914,J. Le Cardinal,Julien,Le Cardinal,28,France,182,73,false,https://media.api-sports.io/football/players/85914.png,1997-08-03,Saint-Brieuc,France,1786478360.8025584,64t7HPsun6Ot3A
161622,M. Abline,Matthis,Abline,22,France,176,67,false,https://media.api-sports.io/football/players/161622.png,2003-03-28,,France,1786478360.8025584,vJIdAhtZ/CE9Mg
163032,F. Rieder,Fabian,Rieder,23,Switzerland,179,74,false,https://media.api-sports.io/football/players/163032.png,2002-02-16,Bern,Switzerland,1786478360.8025584,wB4pUZuiz/N8Lg
179400,M. Estève,Maxime,Estève,23,France,193,87,false,https://media.api-sports.io/football/players/179400.png,2002-05-26,Montpellier,France,1786478360.8025584,lVs8EbKAR8p1bg
191299,T. Himeur,Thomas,Himeur,24,France,187 cm,72 kg,false,https://media.api-sports.io/football/players/191299.png,2001-01-17,Toulouse,France,1786478360.8025584,RhPEoo2QwUKzTQ
274278,I. Baldé,Ibrahima,Baldé,22,France,185,77,false,https://media.api-sports.io/football/players/274278.png,2003-01-17,Paris,France,1786478360.8025584,utuIdqpMx9LgBQ
276554,C. Keita,Cheick,Keita,22,France,185,,false,https://media.api-sports.io/football/players/276554.png,2003-04-02,Champigny-sur-Marne,France,1786478360.8025584,ZjkNeLCDZqmvXg
277046,M. Koné,Mohamed,Koné,23,Côte d'Ivoire,186,78,false,https://media.api-sports.io/football/players/277046.png,2002-03-07,Adjamé,Côte d'Ivoire,1786478360.8025584,tBYfsSja6hlgpg
281408,Vítinha,Vítor Manuel,Carvalho Oliveira,25,Portugal,178,74,false,https://media.api-sports.io/football/players/281408.png,2000-03-15,Braga,Portugal,1786478360.8025584,IEfNdrbonfTknQ
333000,L. Jousselin,Léo,Jousselin,23,France,181 cm,71 kg,false,https://media.api-sports.io/football/players/333000.png,2002-01-02,Nantes,France,1786478360.8025584,TqcTJSsKyiHDTg
435514,R. Mandengue,Rayan Edwards,Kwedi Mandengue,19,Cameroon,,,false,https://media.api-sports.io/football/players/435514.png,2006-01-06,Douala,Cameroon,1786478360.8025584,iLLrq3TDbzp6IA
436484,T. Diawara,Tidiane,Diawara,20,France,188,,false,https://media.api-sports.io/football/players/436484.png,2005-04-29,,France,1786478360.8025584,pUolam9JHSrR0g
406,Salif Sané,Salif,Sané,34,Senegal,196 cm,85 kg,false,https://media.api-sports.io/football/players/406.png,1990-08-25,Lormont,France,1786478380.4431953,2AjgIT8lDXg87A
410,D. Caligiuri,Daniel,Caligiuri,35,Germany,182 cm,80 kg,false,https://media.api-sports.io/football/players/410.png,1988-01-15,Villingen-Schwenningen,Germany,1786478380.4431953,6022Xr39FxyahA
1805,Martin Josef Hinteregger,Martin Josef,Hinteregger,33,Austria,186 cm,82 kg,false,https://media.api-sports.io/football/players/1805.png,1992-09-07,Sankt Veit an der Glan,Austria,1786478380.4431953,f2Imi0p366easw
25298,A. Hahn,André,Hahn,33,Germany,185 cm,80 kg,false,https://media.api-sports.io/football/players/25298.png,1990-08-13,Otterndorf,Germany,1786478380.4431953,lN2z4wkOwJyQBg
25333,R. Jarstein,Rune,Almenning Jarstein,39,Norway,192 cm,88 kg,false,https://media.api-sports.io/football/players/25333.png,1984-09-29,Porsgrunn,Norway,1786478380.4431953,QvhyE/CGXdiwXg
25344,M. Plattenhardt,Marvin,Plattenhardt,31,Germany,181 cm,76 kg,false,https://media.api-sports.io/football/players/25344.png,1992-01-26,Filderstadt,Germany,1786478380.4431953,+FcW8+Gy1BdtJg
25640,T. Strobl,Tobias,Strobl,33,Germany,188 cm,77 kg,false,https://media.api-sports.io/football/players/25640.png,1990-05-12,München,Germany,1786478380.4431953,xAdF6H1gASOJSQ
26258,N. Petersen,Nils,Petersen,35,Germany,188 cm,84 kg,false,https://media.api-sports.io/football/players/26258.png,1988-12-06,Wernigerode,Germany,1786478380.4431953,eqlBOM21IK5Cyg
163072,M. Morgenstern,Marlon,Morgenstern,24,Germany,184,68,false,https://media.api-sports.io/football/players/163072.png,2001-01-30,Berlin,Germany,1786478380.4431953,SUXVn9f2O3tg4A
202942,F. Otto,Fynn,Otto,23,Germany,192,78,false,https://media.api-sports.io/football/players/202942.png,2002-03-08,Gießen,Germany,1786478380.4431953,YxBGI755rEFcyg
280044,J. Horz,Jannik Reiner,Horz,22,Germany,193,,false,https://media.api-sports.io/football/players/280044.png,2003-04-14,,Germany,1786478380.4431953,DRUU49tQEJ6Itw
280411,B. Klefisch,Ben,Klefisch,22,Germany,186,80,false,https://media.api-sports.io/football/players/280411.png,2003-06-02,Leverkusen,Germany,1786478380.4431953,1JiuZ1Qt8GYjzQ
286369,J. Schröder,Jan Alex,Wilson Schröder,20,Germany,182 cm,73 kg,false,https://media.api-sports.io/football/players/286369.png,2003-04-15,,Germany,1786478380.4431953,shHC0qIQeHvl7A
323950,Enrique Herrero,Juan Enrique,Herrero Garcia,19,Spain,173 cm,67 kg,false,https://media.api-sports.io/football/players/323950.png,2005-01-28,,Spain,1786478380.4431953,0O+C2OYolYd5fg
327888,N. Simić,Noa-Gabriel,Simić,21,Croatia,,,false,https://media.api-sports.io/football/players/327888.png,2004-07-21,,Croatia,1786478380.4431953,WDaeQwLOLGcGfQ
330612,T. Buchmann,Tarek,Buchmann,20,Germany,188,79,false,https://media.api-sports.io/football/players/330612.png,2005-02-28,Augsburg,Germany,1786478380.4431953,M6DAwAp/clqyBA
330625,L. Köhl,Leon,Köhl,19,Germany,,,false,https://media.api-sports.io/football/players/330625.png,2004-02-17,,Germany,1786478380.4431953,UHZwSdnWl46jvg
336224,M. Pannewig,Mats Henry,Pannewig,21,Germany,195,92,false,https://media.api-sports.io/football/players/336224.png,2004-10-28,Hamm,Germany,1786478380.4431953,bm0lU7IV9Toxag
339221,N. Böll,Nico Jan,Böll,18,Germany,,,false,https://media.api-sports.io/football/players/339221.png,2004-04-25,,Germany,1786478380.4431953,DcAEJlc32xVdNw
409050,L. Britscho,Louis,Britscho,18,Germany,,,false,https://media.api-sports.io/football/players/409050.png,2007-02-25,,Germany,1786478380.4431953,POnmptFaUbHgSw
26,M. Wolf,Marius,Wolf,30,Germany,188,81,false,https://media.api-sports.io/football/players/26.png,1995-05-27,Coburg,Germany,1786478380.4431953,fSMf+EbnjvAQCQ
416,S. Rudy,Sebastian,Rudy,33,Germany,180 cm,74 kg,false,https://media.api-sports.io/football/players/416.png,1990-02-28,Villingen-Schwenningen,Germany,1786478380.4431953,Y2Z6Fp1cnIPBNQ
714,N. Amiri,Nadiem,Amiri,29,Germany,180,75,false,https://media.api-sports.io/football/players/714.png,1996-10-27,Ludwigshafen am Rhein,Germany,1786478380.4431953,8YVyAfVMi2OzAA
976,K. Bellarabi,Karim,Bellarabi,33,Germany,184 cm,81 kg,false,https://media.api-sports.io/football/players/976.png,1990-04-08,Berlin,Germany,1786478380.4431953,rXWF5cTDkk9iVA
19068,F. Passlack,Felix,Passlack,27,Germany,170,74,false,https://media.api-sports.io/football/players/19068.png,1998-05-29,Bottrop,Germany,1786478380.4431953,RPUufZRbtox/sg
24801,J. Hector,Jonas Armin,Hector,33,Germany,185 cm,75 kg,false,https://media.api-sports.io/football/players/24801.png,1990-05-27,Saarbrücken,Germany,1786478380.4431953,6c+7JZ1DTALiZg
25307,M. Richter,Marco,Richter,28,Germany,176,74,false,https://media.api-sports.io/football/players/25307.png,1997-11-24,Friedberg,Germany,1786478380.4431953,98kHTclkT8MbEw
25342,M. Mittelstädt,Maximilian,Mittelstädt,28,Germany,180,71,false,https://media.api-sports.io/football/players/25342.png,1997-03-18,Berlin,Germany,1786478380.4431953,Ra5jxP/D2eRXKA
25413,E. Rexhbeçaj,Elvis,Rexhbeçaj,28,Kosovo,182,78,false,https://media.api-sports.io/football/players/25413.png,1997-11-01,Gjonaj,Kosovo,1786478380.4431953,9/KOBxDXeK7dRQ
178093,Y. Keitel,Yannik,Keitel,25,Germany,186,84,false,https://media.api-sports.io/football/players/178093.png,2000-02-15,Breisach,Germany,1786478380.4431953,oD7tWMpP9D0uoA
286710,D. Scherhant,Derry Lionel,Scherhant,23,Germany,185,78,false,https://media.api-sports.io/football/players/286710.png,2002-11-10,,Germany,1786478380.4431953,Xbv4C5ljj1OzQQ
322627,F. Chiarodia,Fabio Christian,Chiarodia,20,Italy,186,80,false,https://media.api-sports.io/football/players/322627.png,2005-06-05,Oldenburg,Italy,1786478380.4431953,5lrX8zFznsl1jA
380587,I. Maza,Ibrahim,Maza,20,Germany,180,70,false,https://media.api-sports.io/football/players/380587.png,2005-11-24,Berlin,Germany,1786478380.4431953,XNCCISnJw+kUrQ
8,Raphaël Guerreiro,Raphaël Adelino José,Guerreiro,32,Portugal,170,71,false,https://media.api-sports.io/football/players/8.png,1993-12-22,Le Blanc-Mesnil,France,1786478380.4431953,uFthrOI75yl1WQ
1157,K. Laimer,Konrad,Laimer,28,Austria,180,72,false,https://media.api-sports.io/football/players/1157.png,1997-05-27,Salzburg,Austria,1786478380.4431953,RWzKnvd8/cFYrA
24845,J. Ryerson,Julian,Ryerson,28,Norway,183,86,false,https://media.api-sports.io/football/players/24845.png,1997-11-17,Lyngdal,Norway,1786478380.4431953,J1J/XqqNleqzhA
24894,D. Ramaj,Diant,Ramaj,24,Germany,189,81,false,https://media.api-sports.io/football/players/24894.png,2001-09-19,Stuttgart,Germany,1786478380.4431953,ILKcaQyih3pzsQ
25158,D. Raum,David,Raum,27,Germany,180,75,false,https://media.api-sports.io/football/players/25158.png,1998-04-22,Nürnberg,Germany,1786478380.4431953,pVM1+xsR3j43iA
25242,M. Bülter,Marius,Bülter,32,Germany,188,85,false,https://media.api-sports.io/football/players/25242.png,1993-03-29,Ibbenbüren,Germany,1786478380.4431953,ljmhuV/fiWAzpg
25368,W. Anton,Waldemar,Riptsov Anton,29,Germany,189,86,false,https://media.api-sports.io/football/players/25368.png,1996-07-20,Almalyk,Uzbekistan,1786478380.4431953,Y9euv+qbXRnj0w
26232,M. Flekken,Mark,Flekken,32,Netherlands,195,87,false,https://media.api-sports.io/football/players/26232.png,1993-06-13,Bocholtz,Netherlands,1786478380.4431953,F5/uSk5CmGMz+Q
32893,H. Ito,Hiroki,Ito,26,Japan,188,84,false,https://media.api-sports.io/football/players/32893.png,1999-05-12,Shizuoka,Japan,1786478380.4431953,OuBmPXst1sbznQ
37246,J. Blaswich,Janis Jonathan,Blaswich,34,Germany,193,88,false,https://media.api-sports.io/football/players/37246.png,1991-05-02,Willich,Germany,1786478380.4431953,4fRP7Fn+Mva4BQ
203042,G. Strauch,Georg,Strauch,24,Germany,177,74,false,https://media.api-sports.io/football/players/203042.png,2001-03-30,,Germany,1786478380.4431953,vVHNjCZdXpAWmg
203370,M. Neutgens,Maximilian,Neutgens,21,Germany,180,66,false,https://media.api-sports.io/football/players/203370.png,2004-03-03,,Germany,1786478380.4431953,qqJTU6W/6DsDMg
281924,D. Katić,Daniel,Katić,22,Croatia,,,false,https://media.api-sports.io/football/players/281924.png,2003-04-26,,Croatia,1786478380.4431953,DrbHaygzGn+yfw
323951,A. Zehnter,Aaron,Zehnter,21,Germany,180,70,false,https://media.api-sports.io/football/players/323951.png,2004-10-31,Sonderhofen,Germany,1786478380.4431953,hx7RV+j5o10CLw
334337,R. Smajić,Rijad,Smajić,21,Bosnia and Herzegovina,190,82,false,https://media.api-sports.io/football/players/334337.png,2004-05-02,Köln,Germany,1786478380.4431953,LeoUCgbc79Cfsg
22,J. Bruun Larsen,Jacob,Bruun Larsen,27,Denmark,183,77,false,https://media.api-sports.io/football/players/22.png,1998-09-19,Lyngby,Denmark,1786478400.0765917,SJX/M+T0z1bUHg
99,R. Pierre-Gabriel,Ronaël Julien,Pierre-Gabriel,27,France,177,76,false,https://media.api-sports.io/football/players/99.png,1998-06-13,Paris,France,1786478400.0765917,AFp03peD8P/wyQ
277,M. Diaby,Moussa,Diaby,26,France,170,68,false,https://media.api-sports.io/football/players/277.png,1999-07-07,Paris,France,1786478400.0765917,F2QierwviLMZUA
721,N. Schulz,Nico,Schulz,32,Germany,181 cm,83 kg,false,https://media.api-sports.io/football/players/721.png,1993-04-01,Berlin,Germany,1786478400.0765917,AysKMjNzu+cMgQ
975,J. Baumgartlinger,Julian,Baumgartlinger,35,Austria,181 cm,85 kg,false,https://media.api-sports.io/football/players/975.png,1988-01-02,Salzburg,Austria,1786478400.0765917,45D7iXCGbUxbhw
1097,M. Dabbur,Moanes,Dabbur,33,Israel,183,78,false,https://media.api-sports.io/football/players/1097.png,1992-05-14,Nazareth,Israel,1786478400.0765917,Mny+0xWPi5WQmQ
1143,M. Halstenberg,Marcel,Halstenberg,34,Germany,188 cm,87 kg,false,https://media.api-sports.io/football/players/1143.png,1991-09-27,Laatzen,Germany,1786478400.0765917,Go6OOo0zcaH0fw
1159,M. Sabitzer,Marcel,Sabitzer,31,Austria,178,76,false,https://media.api-sports.io/football/players/1159.png,1994-03-17,Graz,Austria,1786478400.0765917,xxE9nwL8l95GMQ
19202,L. Buchanan,Lee David,Buchanan,24,England,175,67,false,https://media.api-sports.io/football/players/19202.png,2001-03-07,,England,1786478400.0765917,3efqbySYIFXhGQ
25010,Anderson Lucoqui,Anderson-Lenda,Lucoqui,28,Angola,181,76,false,https://media.api-sports.io/football/players/25010.png,1997-07-06,,Germany,1786478400.0765917,5oMIXcKde6ZdSQ
25283,B. Leneis,Benjamin,Leneis,26,Germany,195,91,false,https://media.api-sports.io/football/players/25283.png,1999-03-08,München,Germany,1786478400.0765917,3ljgO8xG8EpZoA
37439,R. Ache,Ragnar Prince,Friedel Ache,27,Germany,183,81,false,https://media.api-sports.io/football/players/37439.png,1998-07-28,Frankfurt am Main,Germany,1786478400.0765917,G9Ww6sRhxaSvyA
162079,L. Günther,Lasse,Günther,22,Germany,181,83,false,https://media.api-sports.io/football/players/162079.png,2003-03-21,München,Germany,1786478400.0765917,HBWF3v5iRfCQvg
162102,G. Gürpüz,Göktan,Gürpüz,23,Türkiye,175,60,false,https://media.api-sports.io/football/players/162102.png,2003-01-22,Duisburg,Germany,1786478400.0765917,9OGmOYcSNDeWzw
202017,W. Faghir,Wahidullah,Faghir,22,Denmark,186,83,false,https://media.api-sports.io/football/players/202017.png,2003-07-29,Vejle,Denmark,1786478400.0765917,CbW4zlEVAc93/A
203182,J. Schwirten,Joshua,Schwirten,23,Germany,182 cm,78 kg,false,https://media.api-sports.io/football/players/203182.png,2002-01-07,Bergisch,Germany,1786478400.0765917,5S899csL7EOO+Q
203331,J. Schenk,Johannes,Schenk,22,Germany,191,85,false,https://media.api-sports.io/football/players/203331.png,2003-01-13,Schweinfurt,Germany,1786478400.0765917,tNZQZyl+9YYD3g
279868,A. MacNulty,Anselmo,García MacNulty,22,Republic of Ireland,187,86,false,https://media.api-sports.io/football/players/279868.png,2003-02-19,Sevilla,Spain,1786478400.0765917,ALPofuhchhtf0g
357253,O. Preil,Oskar,Preil,22,Germany,187 cm,,false,https://media.api-sports.io/football/players/357253.png,2003-09-14,,Germany,1786478400.0765917,qbxsVuItsIZehA
304,S. Mané,Sadio,Mané,33,Senegal,175,69,false,https://media.api-sports.io/football/players/304.png,1992-04-10,Sedhiou,Senegal,1786478400.0765917,Y78Le1WdFn2nQA
717,K. Demirbay,Kerem,Demirbay,32,Germany,183,73,false,https://media.api-sports.io/football/players/717.png,1993-07-03,Herten,Germany,1786478400.0765917,/yLmMIfOq42naA
2802,Y. Sommer,Yann,Sommer,37,Switzerland,183,79,false,https://media.api-sports.io/football/players/2802.png,1988-12-17,Morges,Switzerland,1786478400.0765917,if6S2xf2QB9Amw
24970,K. Schindler,Kingsley,Schindler,32,Ghana,183 cm,80 kg,false,https://media.api-sports.io/football/players/24970.png,1993-07-12,Hamburg,Germany,1786478400.0765917,jzhDGGqMugwKbw
25510,F. Pfanne,Franz,Pfanne,31,Germany,187,82,false,https://media.api-sports.io/football/players/25510.png,1994-12-10,Bautzen,Germany,1786478400.0765917,3NC7vldCVIamFQ
25533,N. Schmidt,Niklas Uwe,Schmidt,27,Germany,184,89,false,https://media.api-sports.io/football/players/25533.png,1998-03-01,Kassel,Germany,1786478400.0765917,FN1sRToK5F/eNQ
26610,M. Eberwein,Michael,Eberwein,29,Germany,192,78,false,https://media.api-sports.io/football/players/26610.png,1996-03-11,Dellnhausen,Germany,1786478400.0765917,vw1CzXO9mN+law
128813,P. Besong,Paul-Philipp,Besong,25,Germany,184,93,false,https://media.api-sports.io/football/players/128813.png,2000-10-06,Fröndenberg,Germany,1786478400.0765917,O35Vg8q09UQ41A
135844,J. Perea,Juan José,Perea Mendoza,25,Colombia,184,82,false,https://media.api-sports.io/football/players/135844.png,2000-02-23,Bogotá,Colombia,1786478400.0765917,soO/hBwhZG5HtQ
161918,L. Semić,Lion,Semić,22,Germany,169,68,false,https://media.api-sports.io/football/players/161918.png,2003-09-13,Fritzlar,Bosnia and Herzegovina,1786478400.0765917,mz2lBk6lZyZCIg
177840,D. Becker,Dominik,Becker,25,Germany,188,75,false,https://media.api-sports.io/football/players/177840.png,2000-01-09,Koblenz,Germany,1786478400.0765917,YfFc2+VwHDt80Q
202841,F. Michel,Falko,Michel,24,Germany,186,80,false,https://media.api-sports.io/football/players/202841.png,2001-01-14,Breisach am Rhein,Germany,1786478400.0765917,K0QQbeNNoSThgQ
207236,Ö. Beyaz,Ömer Faruk,Beyaz,22,Türkiye,171,65,false,https://media.api-sports.io/football/players/207236.png,2003-08-29,İstanbul,Türkiye,1786478400.0765917,KzY2NdJi4zG2EA
269531,N. Collins,Pharrell Nnamdi,Collins,21,Germany,188,81,false,https://media.api-sports.io/football/players/269531.png,2004-01-10,Düsseldorf,Nigeria,1786478400.0765917,Nw/AbeyZ/nkzcw
278931,J. Sesay,John Peter,Sesay,22,Germany,179 cm,71 kg,false,https://media.api-sports.io/football/players/278931.png,2003-05-08,Freetown,Sierra Leone,1786478400.0765917,z5Iu0KZATpIrYw
287932,B. Bobzien,Ben,Bobzien,22,Germany,176,70,false,https://media.api-sports.io/football/players/287932.png,2003-04-29,Gießen,Germany,1786478400.0765917,K2EV3A/jbh2gPw
334173,Marian Kirsch,Marian,Kirsch,21,Germany,196,82,false,https://media.api-sports.io/football/players/334173.png,2004-02-12,Hannover,Germany,1786478400.0765917,15svvBgTo4E/QQ
335335,Julian Dean Rijkhoff,Julian Dean,Rijkhoff,20,Netherlands,183 cm,,false,https://media.api-sports.io/football/players/335335.png,2005-01-25,Purmerend,Netherlands,1786478400.0765917,gGpQlUwsK2aDdQ
336583,P. Aning,Prince Adu-Addae Junior,Aning,21,Netherlands,176,71,false,https://media.api-sports.io/football/players/336583.png,2004-04-23,Amsterdam,Netherlands,1786478400.0765917,2TkAG02UYopm4Q
1068,J. Góralski,Jacek,Góralski,33,Poland,172 cm,66 kg,false,https://media.api-sports.io/football/players/1068.png,1992-09-21,Bydgoszcz,Poland,1786478400.0765917,IzxpsdKElKlSqw
5795,M. Klimowicz,Mateo,Klimowicz,25,Germany,179,75,false,https://media.api-sports.io/football/players/5795.png,2000-07-06,Córdoba,Argentina,1786478400.0765917,DpU6ToMG2bhMew
18882,L. Mousset,Lys,Mousset,29,France,184 cm,80 kg,false,https://media.api-sports.io/football/players/18882.png,1996-02-08,Le Havre,France,1786478400.0765917,6L1JqR7QwZD2EQ
25913,A. Hack,Alexander,Hack,32,Germany,193,88,false,https://media.api-sports.io/football/players/25913.png,1993-09-08,Memmingen,Germany,1786478400.0765917,aKapsiievKW9jw
33017,K. Endo,Keita,Endo,28,Japan,175,70,false,https://media.api-sports.io/football/players/33017.png,1997-11-22,Yokohama,Japan,1786478400.0765917,CglcuykBs/zlYw
162718,M. Bogarde,Melayro Chakewno Jalaino,Bogarde,23,Netherlands,172,82,false,https://media.api-sports.io/football/players/162718.png,2002-05-28,Rotterdam,Netherlands,1786478400.0765917,6imuK304OuiZ2w
178702,T. Berger,Tom,Kaspar Berger,24,Germany,183,79,false,https://media.api-sports.io/football/players/178702.png,2001-07-31,,Germany,1786478400.0765917,Dn13VoBM42Olhw
280320,E. Shabani,Eniss,Shabani,22,Germany,180,77,false,https://media.api-sports.io/football/players/280320.png,2003-05-29,Gießen,Germany,1786478400.0765917,F5Iqy6bFJGH/FQ
280428,G. Marušić,Gabriel,Marušić,22,Croatia,186,70,false,https://media.api-sports.io/football/players/280428.png,2003-03-03,,Croatia,1786478400.0765917,0xA1fv8i+S3dZg
286726,M. Sanogo,Hassan-Malick,Sanogo,21,USA,185,,false,https://media.api-sports.io/football/players/286726.png,2004-06-30,,USA,1786478400.0765917,eXIyFV5mgNJgWw
314273,S. Raebiger,Lars Sidney,Raebiger,20,Germany,176,70,false,https://media.api-sports.io/football/players/314273.png,2005-04-17,Freiberg,Germany,1786478400.0765917,sC9/2bKZidT3WA
328617,William Cole Campbell,William Cole,Campbell,19,USA,170,68,false,https://media.api-sports.io/football/players/328617.png,2006-02-20,Houston,USA,1786478400.0765917,M7GQvV87E9uDzA
336023,N. Baier,Nico,Baier,20,Germany,176 cm,61 kg,false,https://media.api-sports.io/football/players/336023.png,2005-04-18,,Germany,1786478400.0765917,EEi1EFhVOX96Aw
340162,I. Digberekou,Ibrahim,Digberekou,20,Belgium,,,false,https://media.api-sports.io/football/players/340162.png,2005-02-22,,Belgium,1786478400.0765917,eelNjGBOt4wxLg
366021,Rafael Lubach,Rafael,Lubach,20,Germany,178,66,false,https://media.api-sports.io/football/players/366021.png,2005-01-11,Kassel,Germany,1786478400.0765917,HbYloRWS7XSV1g
366062,Benedikt Wimmer,Benedikt,Wimmer,20,Germany,200,,false,https://media.api-sports.io/football/players/366062.png,2005-02-12,Altötting,Germany,1786478400.0765917,4LvPLmuwlsJpaw
374505,C. Negele,Christopher,Negele,20,Germany,172 cm,69 kg,false,https://media.api-sports.io/football/players/374505.png,2005-04-11,Ulm,Germany,1786478400.0765917,cAHm+22KYIBJ9g
394664,Maximilian Hennig,Maximilian,Hennig,19,Germany,178,68,false,https://media.api-sports.io/football/players/394664.png,2006-10-12,,Germany,1786478400.0765917,9NejEo+34/qLLw
394740,D. Odogu,David Uyoyo,Odogu,19,Germany,191,83,false,https://media.api-sports.io/football/players/394740.png,2006-06-03,Berlin,Germany,1786478400.0765917,WyPPPvHg/e0Gbw
453965,M. Cisse,Moussa,Cisse,29,France,,,false,https://media.api-sports.io/football/players/453965.png,1995-02-02,,France,1786478400.0765917,C0QGbbZrGdVjLw
40984,T. Puchacz,Tymoteusz,Puchacz,27,Poland,180,74,false,https://media.api-sports.io/football/players/40984.png,1999-01-23,Sulechów,Poland,1786478420.5522623,QDY/XCWicFLK2w
87966,K. Okyere Wriedt,Kwasi,Okyere Wriedt,31,Ghana,188,82,false,https://media.api-sports.io/football/players/87966.png,1994-07-10,Hamburg,Germany,1786478420.5522623,scU8IkopWxZAMA
102807,U. Llanez,Ulysses,Llanez Jr.,23,USA,178 cm,70 kg,false,https://media.api-sports.io/football/players/102807.png,2001-04-02,Lynwood,USA,1786478420.5522623,FVvFuOgG2ez2pA
162170,Hugo Novoa,Hugo,Novoa Ramos,22,Spain,182,69,false,https://media.api-sports.io/football/players/162170.png,2003-01-24,,Spain,1786478420.5522623,MlduIjfiqbw9+Q
182434,D. Beljo,Dion Drena,Beljo,23,Croatia,195,84,false,https://media.api-sports.io/football/players/182434.png,2002-03-01,Zagreb,Croatia,1786478420.5522623,mJYTYHDpVk2YuQ
202558,F. Roggow,Franz,Roggow,23,Germany,186,75,false,https://media.api-sports.io/football/players/202558.png,2002-07-14,Bad Freienwalde,Germany,1786478420.5522623,aBoIpM2zLphE3g
202728,L. Laux,Lucas,Laux,23,Germany,,,false,https://media.api-sports.io/football/players/202728.png,2002-10-14,,Germany,1786478420.5522623,v9xWJLP8UR87Jw
202884,K. Ezekwem,Kimberly Chiwetalu,Akwaeze Ezekwem,23,Germany,187 cm,79 kg,false,https://media.api-sports.io/football/players/202884.png,2001-06-19,Munich,Germany,1786478420.5522623,IF2VA9Pu0U9Q2Q
203332,L. Denk,Luca,Denk,22,Germany,182,,false,https://media.api-sports.io/football/players/203332.png,2003-03-02,,Germany,1786478420.5522623,9i7GjNleoKy7yw
203377,J. Hettwer,Julian,Hettwer,22,Germany,182,73,false,https://media.api-sports.io/football/players/203377.png,2003-06-15,Bochum,Germany,1786478420.5522623,Jz3Aqo/2mCbfXw
279866,J. Löpping,Jakob,Löpping,21,Germany,178 cm,,false,https://media.api-sports.io/football/players/279866.png,2003-06-20,,Switzerland,1786478420.5522623,vrNlu9vNb+wBFg
280429,T. Hülsmann,Tom Ritzy,Hülsmann,21,Germany,200,91,false,https://media.api-sports.io/football/players/280429.png,2004-04-11,Trier,Germany,1786478420.5522623,HJZ+69EonHmI/Q
286639,Bryan Zaragoza,Bryan,Zaragoza Martínez,24,Spain,164,61,false,https://media.api-sports.io/football/players/286639.png,2001-04-25,Málaga,Spain,1786478420.5522623,U8ZCQiwoS0YA7A
290213,H. Siquet,Hugo Thierry,Siquet,23,Belgium,180,70,false,https://media.api-sports.io/football/players/290213.png,2002-07-09,Marche-en-Famenne,Belgium,1786478420.5522623,FNXMTvF4BMDP0Q
322507,J. Janitzek,Justin Pascal,Janitzek,21,Germany,192,80,false,https://media.api-sports.io/football/players/322507.png,2004-02-10,,Germany,1786478420.5522623,ZIs2fGqmsRaj/A
338947,Olof Matteo Perez Vinlöf,Olof Matteo,Perez Vinlöf,20,Sweden,,,false,https://media.api-sports.io/football/players/338947.png,2005-12-18,,Sweden,1786478420.5522623,Tcoltchb7sb38g
356353,Vincent Manuba,Vincent,Manuba,20,Germany,,,false,https://media.api-sports.io/football/players/356353.png,2005-07-01,,Germany,1786478420.5522623,JIqnoy2uBzvPxQ
380626,M. Scholze,Max,Scholze,20,Germany,192,76,false,https://media.api-sports.io/football/players/380626.png,2005-04-30,,Germany,1786478420.5522623,w+Uus1FWjVezJA
386819,Andrew Junior Awusi Boddien,Andrew,Junior Awusi Boddien,19,Spain,,,false,https://media.api-sports.io/football/players/386819.png,2006-01-17,,Germany,1786478420.5522623,PnqToKLrnjkJvA
431913,Trevor Chidubem Benedict,Trevor Chidubem,Benedict,18,Germany,,,false,https://media.api-sports.io/football/players/431913.png,2007-01-31,,Germany,1786478420.5522623,nGodixOsxMBucw
14704,B. Franjić,Bartol,Franjić,25,Croatia,186,77,false,https://media.api-sports.io/football/players/14704.png,2000-01-14,Zagreb,Croatia,1786478420.5522623,RaYYwZBWHJSsWQ
203297,N. Sauter,Niklas,Sauter,22,Germany,190,80,false,https://media.api-sports.io/football/players/203297.png,2003-04-06,Münsterlingen,Germany,1786478420.5522623,HasXRpH9F8mfxQ
302595,E. Staugaard,Emil Coster Joost,Staugaard,24,Denmark,192 cm,86 kg,false,https://media.api-sports.io/football/players/302595.png,2001-09-20,København,Denmark,1786478420.5522623,JYOtMhT2EhgnhQ
358420,J. Jantunen,Jaaso,Jantunen,20,Finland,196,,false,https://media.api-sports.io/football/players/358420.png,2005-01-31,,Finland,1786478420.5522623,Xx4Iktz41PM2EQ
364662,J. Norbye,Jonathan,Vonheim Norbye,18,Norway,183 cm,69 kg,false,https://media.api-sports.io/football/players/364662.png,2007-03-26,Alta,Norway,1786478420.5522623,DMtTEbsEut04AA
380583,Ronny Boamah Seibt,Ronny,Boamah Seibt,20,Germany,191 cm,81 kg,false,https://media.api-sports.io/football/players/380583.png,2005-07-10,,Germany,1786478420.5522623,sphrUw4Rrfr1dw
380625,Grayson Dettoni,Grayson,Dettoni,20,USA,195,88,false,https://media.api-sports.io/football/players/380625.png,2005-06-29,Manassas,USA,1786478420.5522623,Md19uw5VEbQgjg
386854,Ken Eghosa Gideon Izekor,Ken Eghosa Gideon,Izekor,18,Germany,175 cm,72 kg,false,https://media.api-sports.io/football/players/386854.png,2007-05-24,Aachen,Germany,1786478420.5522623,jSf3tOu8pGV+ag
393190,Tyler Louis Meiser,Tyler Louis,Meiser,18,Germany,189 cm,72 kg,false,https://media.api-sports.io/football/players/393190.png,2007-03-01,,Germany,1786478420.5522623,oUGdNQ8iOlQh9g
394668,Yannik David Dasbach,Yannik David,Dasbach,19,Germany,,,false,https://media.api-sports.io/football/players/394668.png,2006-01-21,,Germany,1786478420.5522623,t1HCUvb4DohAFg
412700,Javier Fernández González,Javier,Fernández González,19,Spain,,,false,https://media.api-sports.io/football/players/412700.png,2006-11-28,Ourense,Spain,1786478420.5522623,GR6OOfUL2zKrjg
431908,Leon Koß,Leon,Koß,19,Germany,185 cm,79 kg,false,https://media.api-sports.io/football/players/431908.png,2006-09-12,,Germany,1786478420.5522623,VCDB5J6cF8JB1A
431919,Adin Ličina,Adin,Ličina,18,Germany,,,false,https://media.api-sports.io/football/players/431919.png,2007-01-06,,Montenegro,1786478420.5522623,t/Japlo/s75QSA
431920,Mudaser Sadat,Mudaser,Sadat,18,Germany,,,false,https://media.api-sports.io/football/players/431920.png,2007-02-17,,Germany,1786478420.5522623,GVTo9xNYc/4ujA
440152,Benjamin Lade,Benjamin,Lade,19,Germany,187 cm,75 kg,false,https://media.api-sports.io/football/players/440152.png,2006-06-28,Erbach,Germany,1786478420.5522623,cEPyIkgI5CAlrA
441231,L. Voufack,Lionel,Voufack,18,Germany,178 cm,75 kg,false,https://media.api-sports.io/football/players/441231.png,2007-10-07,,Germany,1786478420.5522623,gOwpSmMn77Qv3g
444960,Jan Bürger,Jan,Bürger,18,Germany,180 cm,,false,https://media.api-sports.io/football/players/444960.png,2007-03-10,Keine Angabe,Germany,1786478420.5522623,nTLm2em16MAp/Q
444983,Jamie Schuldes,Jamie,Schuldes,18,Germany,,,false,https://media.api-sports.io/football/players/444983.png,2007-01-26,Hannover,Germany,1786478420.5522623,qs/ZyZNaAhMHzA
479144,M. Walther,Mika,Walther,18,Germany,182 cm,71 kg,false,https://media.api-sports.io/football/players/479144.png,2007-09-26,,Germany,1786478420.5522623,uDKEAbUNtfFwsA
479598,K. Raterink,Kalonji,Muyembi Raterink,18,Germany,189 cm,85 kg,false,https://media.api-sports.io/football/players/479598.png,2006-04-07,Winterswijk,Germany,1786478420.5522623,A8ek0fCOdtF1vQ
1124,O. Burke,Oliver Jasen,Burke,28,Scotland,188,74,false,https://media.api-sports.io/football/players/1124.png,1997-04-07,Kirkcaldy,Scotland,1786478420.5522623,IMtAd4b1NpW5QQ
1156,T. Krauß,Tom,Krauß,24,Germany,182,72,false,https://media.api-sports.io/football/players/1156.png,2001-06-22,Leipzig,Germany,1786478420.5522623,0Jjrlg1ISqxkvA
2598,R. Dōan,Ritsu,Dōan,27,Japan,172,70,false,https://media.api-sports.io/football/players/2598.png,1998-06-16,Amagasaki,Japan,1786478420.5522623,T3AUtcVCKjWZmw
7288,M. Zetterer,Michael,Zetterer,30,Germany,187,79,false,https://media.api-sports.io/football/players/7288.png,1995-07-12,München,Germany,1786478420.5522623,NrX0qlq3uNCLng
18964,Bernardo,Bernardo,Fernandes da Silva Junior,30,Brazil,186,76,false,https://media.api-sports.io/football/players/18964.png,1995-05-14,São Paulo,Brazil,1786478420.5522623,OTOk365+VJB9jA
21393,S. Guirassy,Serhou Yadaly,Guirassy,29,Guinea,187,82,false,https://media.api-sports.io/football/players/21393.png,1996-03-12,Arles,France,1786478420.5522623,NRq+mBK4YOIyAw
24842,L. Maloney,Lennard,Maloney,26,USA,187,89,false,https://media.api-sports.io/football/players/24842.png,1999-10-08,Berlin,Germany,1786478420.5522623,MImqduB4gjh6Qw
25917,R. Baku,Bote Ridle,Nzuzi Baku,27,Germany,176,72,false,https://media.api-sports.io/football/players/25917.png,1998-04-08,Mainz,Germany,1786478420.5522623,WIPBDpPcCdHo5g
26395,P. Drewes,Patrick,Drewes,32,Germany,194,87,false,https://media.api-sports.io/football/players/26395.png,1993-02-04,Delmenhorst,Germany,1786478420.5522623,ewH8hLICJVKZ9A
46930,E. Demirović,Ermedin,Demirović,27,Bosnia and Herzegovina,185,84,false,https://media.api-sports.io/football/players/46930.png,1998-03-25,Hamburg,Germany,1786478420.5522623,C/KiQSC791CIbg
66019,A. Hložek,Adam,Hložek,23,Czechia,188,84,false,https://media.api-sports.io/football/players/66019.png,2002-07-25,Ivančice,Czechia,1786478420.5522623,sC4EQOP0yuSxog
106851,S. Machino,Shuto,Machino,26,Japan,185,81,false,https://media.api-sports.io/football/players/106851.png,1999-09-30,Iga,Japan,1786478420.5522623,7j1nk5jt6kWnIQ
158644,M. Beier,Maximilian,Beier,23,Germany,183,72,false,https://media.api-sports.io/football/players/158644.png,2002-10-17,Brandenburg an der Havel,Germany,1786478420.5522623,tf8eAyLsqQWp5A
161921,G. Reyna,Giovanni Alejandro,Reyna,23,USA,185,79,false,https://media.api-sports.io/football/players/161921.png,2002-11-13,Durham,England,1786478420.5522623,JJn0xx/qoPi+ug
202696,I. Matanović,Igor,Matanović,22,Croatia,194,90,false,https://media.api-sports.io/football/players/202696.png,2003-03-31,Hamburg,Germany,1786478420.5522623,q55SH+cGgvuPIQ
202844,N. Weißhaupt,Noah Raphael,Weißhaupt,24,Germany,181,72,false,https://media.api-sports.io/football/players/202844.png,2001-09-20,Rostock,Germany,1786478420.5522623,nJ/yx7XDc2fobA
280091,T. Oermann,Tim,Oermann,22,Germany,187,76,false,https://media.api-sports.io/football/players/280091.png,2003-10-06,Bochum,Germany,1786478420.5522623,7iidbL62xpiGPA
280339,A. Sieb,Armindo,Sieb,22,Germany,175,75,false,https://media.api-sports.io/football/players/280339.png,2003-02-17,Halle,Germany,1786478420.5522623,Wp/FS+8ab5MT/g
324957,T. Rothe,Tom Alexander,Rothe,21,Germany,193,85,false,https://media.api-sports.io/football/players/324957.png,2004-10-29,Rendsburg,Germany,1786478420.5522623,OLKWDdGY7IrzrA
511930,S. Rapsch,Simeon,Rapsch,17,Germany,190 cm,,false,https://media.api-sports.io/football/players/511930.png,2008-02-09,,Germany,1786478420.5522623,foyrJj5m1Rswlg
91300,G. Galeotafiore,Gioacchino,Galeotafiore,22,Italy,,,false,https://media.api-sports.io/football/players/91300.png,2000-02-15,,Italy,1786478440.2310262,DLCcKH1EmR1NSA
194670,E. Toçi,Eljon,Toçi,22,Albania,,,false,https://media.api-sports.io/football/players/194670.png,2003-01-09,,Albania,1786478440.2310262,gqm5Yqz/xwfI4A
289515,B. Bartha,Botond,Bartha,22,Hungary,,,false,https://media.api-sports.io/football/players/289515.png,2003-02-13,,Hungary,1786478440.2310262,lzxQ9MbvKr4YRg
297579,C. Traorè,Chaka,Traorè,21,Côte d'Ivoire,175 cm,68 kg,false,https://media.api-sports.io/football/players/297579.png,2004-12-23,Abengourou,Côte d'Ivoire,1786478440.2310262,sakRX0XGdhrOOQ
335060,K. Mercier,Kévin,Mercier,19,France,,,false,https://media.api-sports.io/football/players/335060.png,2004-02-28,,France,1786478440.2310262,G9IF2SZPk69Y0g
336562,D. Weidmann,Daouda,Weidmann,22,France,180,75,false,https://media.api-sports.io/football/players/336562.png,2003-05-04,Paris,France,1786478440.2310262,xh6GRTlHwRiYUA
336689,Y. El Hilali,Youns Gabriele,El Hilali,21,Italy,,,false,https://media.api-sports.io/football/players/336689.png,2003-06-08,Milan,Italy,1786478440.2310262,plzTGY2y6yNbjA
341821,J. Boli,Jordan,Boli,23,France,,,false,https://media.api-sports.io/football/players/341821.png,2002-06-06,,France,1786478440.2310262,j/V4/aFrtZYKhw
341918,E. Hasić,Emin,Hasić,22,Sweden,191,,false,https://media.api-sports.io/football/players/341918.png,2003-02-08,,Sweden,1786478440.2310262,YZKGlJip9xhzFQ
341924,B. Barba,Benedetto,Barba,22,Italy,,,false,https://media.api-sports.io/football/players/341924.png,2003-01-27,,Italy,1786478440.2310262,C/RP2ITVoXSNkw
342060,A. Milan,Alberto,Milan,20,Italy,,,false,https://media.api-sports.io/football/players/342060.png,2003-04-04,,Italy,1786478440.2310262,sKhMuOvxQFAk2g
342061,A. Anton,Andrei,Anton,22,Italy,,,false,https://media.api-sports.io/football/players/342061.png,2003-08-23,,Italy,1786478440.2310262,pXJXTuoHmgweBw
342064,Mattia Florio,Mattia,Florio,22,Italy,,,false,https://media.api-sports.io/football/players/342064.png,2003-09-05,,Italy,1786478440.2310262,+3mWgxwwPhU23g
342222,M. Ivković,Mate,Ivković,19,Croatia,,,false,https://media.api-sports.io/football/players/342222.png,2006-01-04,Split,Croatia,1786478440.2310262,m8F6pf/pF285eg
344336,Davide Franzini,Davide,Franzini,19,Italy,,,false,https://media.api-sports.io/football/players/344336.png,2005-02-08,Thiene,Italy,1786478440.2310262,6QfC+iSdw35LXA
345475,J. Antollini,Jacopo,Antollini,21,Italy,,,false,https://media.api-sports.io/football/players/345475.png,2004-01-10,Caldiero,Italy,1786478440.2310262,NQtxSFnqF8ml9Q
354531,C. Cassano,Claudio,Cassano,22,Italy,172 cm,59 kg,false,https://media.api-sports.io/football/players/354531.png,2003-07-22,Trani,Italy,1786478440.2310262,+YrJAoeSEt6BvA
362756,Elia Boseggia,Elia,Boseggia,21,Italy,,,false,https://media.api-sports.io/football/players/362756.png,2004-02-06,,Italy,1786478440.2310262,Azx8orHxi3GiCw
374359,D. Bartesaghi,Davide,Bartesaghi,20,Italy,193,86,false,https://media.api-sports.io/football/players/374359.png,2005-12-29,Erba,Italy,1786478440.2310262,sJ5nzoXVLHxPMA
394436,S. Kassama,Sheriff,Kassama,21,Italy,186,,false,https://media.api-sports.io/football/players/394436.png,2004-09-16,,Italy,1786478440.2310262,cOlwPrmXAliODg
162522,J. Da Riva,Jacopo,Da Riva,25,Italy,187 cm,81 kg,false,https://media.api-sports.io/football/players/162522.png,2000-10-27,,Italy,1786478440.2310262,B4KEYMRyW9FmHw
199707,J. Ryan,John,Ryan,21,Republic of Ireland,,,false,https://media.api-sports.io/football/players/199707.png,2004-01-21,Limerick,Republic of Ireland,1786478440.2310262,PLjk4A1qwr7dMA
295770,M. Carnelos,Matteo,Carnelos,22,Italy,,,false,https://media.api-sports.io/football/players/295770.png,2003-02-22,,Italy,1786478440.2310262,e7gPHwiagN3pLQ
308673,Andrea Sergio Mazza,Andrea Sergio,Mazza,21,Italy,190 cm,76 kg,false,https://media.api-sports.io/football/players/308673.png,2004-01-01,,Italy,1786478440.2310262,6mfwk/elJ5YZMw
325142,V. Boffelli,Valerio,Boffelli,21,Italy,182 cm,,false,https://media.api-sports.io/football/players/325142.png,2004-09-04,,Italy,1786478440.2310262,ApwBsvo0glfLHg
328711,Leo Dos Reis,Leonardo,Dos Reis Muñiz,22,Spain,,,false,https://media.api-sports.io/football/players/328711.png,2003-01-23,Barcelona,Spain,1786478440.2310262,WuNoh2nkVNKsqw
330720,Alberto Dima,Alberto,Dima,20,Italy,,,false,https://media.api-sports.io/football/players/330720.png,2004-01-22,,Italy,1786478440.2310262,xDYFy+Mja8TuTw
336605,C. Foglio,Christian,Foglio,20,Italy,,,false,https://media.api-sports.io/football/players/336605.png,2004-01-09,,Italy,1786478440.2310262,9V/2onetcwzyxg
336610,A. Gala,Antonio,Gala,21,Italy,,,false,https://media.api-sports.io/football/players/336610.png,2004-06-07,Napoli,Italy,1786478440.2310262,e3wrWSgwxEu+aw
336687,A. Coubiș,Andrei,Coubiș,22,Romania,189,,false,https://media.api-sports.io/football/players/336687.png,2003-09-29,,Italy,1786478440.2310262,Ch1FYfThH2tVIA
346866,S. Mbangula,Samuel-Germain,Kinduelu Mbangula Tshifunda,21,Belgium,171,64,false,https://media.api-sports.io/football/players/346866.png,2004-01-16,Bruxelles,Belgium,1786478440.2310262,ioL1NFTLuE5czQ
350609,L. Codutti,Lorenzo,Codutti,22,Italy,183 cm,72 kg,false,https://media.api-sports.io/football/players/350609.png,2003-06-27,,Italy,1786478440.2310262,AZRSaSUcv3mS1w
352228,Angelo Guida,Angelo,Guida,22,Italy,,,false,https://media.api-sports.io/football/players/352228.png,2002-08-24,Caserta,Italy,1786478440.2310262,skx0/0N3+Olx+g
364512,Federico Agazzi,Federico,Agazzi,21,Italy,,,false,https://media.api-sports.io/football/players/364512.png,2004-04-18,,Italy,1786478440.2310262,6EgnWNq6KPrtbg
371910,J. Šimić,Jan-Carlo,Šimić,20,Serbia,186,79,false,https://media.api-sports.io/football/players/371910.png,2005-05-02,Nürtingen,Germany,1786478440.2310262,iqkMvo62Q5KVpg
383000,I. Kamate,Issiaka,Kamate,21,France,186 cm,78 kg,false,https://media.api-sports.io/football/players/383000.png,2004-08-02,Aulnay-sous-Bois,France,1786478440.2310262,LsUvk0T76Gx4qQ
384423,A. Bakoune,Adam,Bakoune,19,Italy,,,false,https://media.api-sports.io/football/players/384423.png,2006-02-06,,Italy,1786478440.2310262,enn/tIpv2wC8NQ
392377,F. Mangiameli,Federico,Mangiameli,20,Italy,,,false,https://media.api-sports.io/football/players/392377.png,2005-03-28,Milano,Italy,1786478440.2310262,44cFwZjQrQ4EDg
393946,B. Maliszewski,Bartłomiej,Maliszewski,19,Poland,,,false,https://media.api-sports.io/football/players/393946.png,2004-02-12,,Poland,1786478440.2310262,hM7gy8wOgY6zVQ
272,A. Rabiot,Adrien Thibault Marie,Rabiot-Provost,30,France,188,72,false,https://media.api-sports.io/football/players/272.png,1995-04-03,Saint-Maurice,France,1786478440.2310262,jpeSVYEB1lXgLw
484,A. Miranchuk,Aleksey,Miranchuk,30,Russia,182,74,false,https://media.api-sports.io/football/players/484.png,1995-10-17,Slavyansk-na-Kubani,Russia,1786478440.2310262,ar/DHRT6XRWtzg
777,A. Ćorić,Ante,Ćorić,28,Croatia,172 cm,68 kg,false,https://media.api-sports.io/football/players/777.png,1997-04-14,Zagreb,Croatia,1786478440.2310262,G3+RUPbjIKeOYQ
1748,L. Coulibaly,Lassana,Coulibaly,29,Mali,183,77,false,https://media.api-sports.io/football/players/1748.png,1996-04-10,Bamako,Mali,1786478440.2310262,eeTtGLLM/FafdQ
30755,E. Vignato,Emanuel,Vignato,25,Italy,175,70,false,https://media.api-sports.io/football/players/30755.png,2000-08-24,Negrar,Italy,1786478440.2310262,ARPMRI7r1WN4ig
30845,E. Gyasi,Emanuel Quartsin,Gyasi,31,Ghana,181,70,false,https://media.api-sports.io/football/players/30845.png,1994-01-11,Palermo,Italy,1786478440.2310262,szlknr0B3ur7Bw
31084,P. Ghiglione,Paolo,Ghiglione,28,Italy,187,80,false,https://media.api-sports.io/football/players/31084.png,1997-02-02,Voghera,Italy,1786478440.2310262,oh0Jx29RJ3Xqsg
31318,M&apos;Bala Nzola,M'Bala,Nzola,29,Angola,185,91,false,https://media.api-sports.io/football/players/31318.png,1996-08-18,Buco-Zau,Angola,1786478440.2310262,g9Y+ItfLnp/v9Q
31678,J. Akpa Akpro,Jean-Daniel Dave,Lewis Akpa Akpro,33,Côte d'Ivoire,180,70,false,https://media.api-sports.io/football/players/31678.png,1992-10-11,Toulouse,France,1786478440.2310262,/KQXjxuV9oXj4g
31730,L. Venuti,Lorenzo,Venuti,30,Italy,180,76,false,https://media.api-sports.io/football/players/31730.png,1995-04-12,Montevarchi,Italy,1786478440.2310262,91mKsolS6UtINA
36987,S. Lammers,Sam Adrianus Martinus,Lammers,28,Netherlands,189,77,false,https://media.api-sports.io/football/players/36987.png,1997-04-30,Tilburg,Netherlands,1786478440.2310262,wwZHv1t1HbkMXw
136087,F. Parisi,Fabiano,Parisi,25,Italy,178,70,false,https://media.api-sports.io/football/players/136087.png,2000-11-09,Solofra,Italy,1786478440.2310262,DGJbPOZgMPztng
193870,J. Antiste,Janis,Antiste,23,France,183,75,false,https://media.api-sports.io/football/players/193870.png,2002-08-18,Toulouse,France,1786478440.2310262,d7t4lPLjAcMfBA
263481,L. Colombo,Lorenzo,Colombo,23,Italy,186,74,false,https://media.api-sports.io/football/players/263481.png,2002-03-08,Vimercate,Italy,1786478440.2310262,we6/dbw8RSM4bg
340700,J. Fazzini,Jacopo,Fazzini,22,Italy,178,62,false,https://media.api-sports.io/football/players/340700.png,2003-03-16,Massa,Italy,1786478440.2310262,6M7ogdjuEJSu2A
342038,F. Afena-Gyan,Felix Ohene,Afena-Gyan,22,Ghana,175,62,false,https://media.api-sports.io/football/players/342038.png,2003-01-19,,Ghana,1786478440.2310262,yb37eVmlghzL5A
342653,F. Missori,Filippo,Missori,21,Italy,182,,false,https://media.api-sports.io/football/players/342653.png,2004-03-24,Roma,Italy,1786478440.2310262,OAAJh4z6tHezzQ
188,S. Handanovič,Samir,Handanovič,39,Slovenia,193 cm,92 kg,false,https://media.api-sports.io/football/players/188.png,1984-07-14,Ljubljana,Slovenia,1786478459.9086185,x3gYFc4tlbK5rw
214,F. Colidio,Facundo,Colidio,25,Argentina,182,68,false,https://media.api-sports.io/football/players/214.png,2000-01-04,Rafaela,Argentina,1786478459.9086185,bqdYxTS3OkRt2Q
526,A. Onana,André,Onana Onana,29,Cameroon,190,93,false,https://media.api-sports.io/football/players/526.png,1996-04-02,Nkol Ngok,Cameroon,1786478459.9086185,wr5a2vDMIrBzIg
1831,A. Rebić,Ante,Rebić,32,Croatia,185,78,false,https://media.api-sports.io/football/players/1831.png,1993-09-21,Split,Croatia,1786478459.9086185,dVC7TJr7ZYt3kQ
2897,Kim Min-Jae,Min-Jae,Kim,29,Korea Republic,190,88,false,https://media.api-sports.io/football/players/2897.png,1996-11-15,Tongyeong,Korea Republic,1786478459.9086185,rxIo+OtireWEjQ
30786,S. Sturaro,Stefano,Sturaro,32,Italy,181 cm,80 kg,false,https://media.api-sports.io/football/players/30786.png,1993-03-09,Sanremo,Italy,1786478459.9086185,mqXBR3U/gjP5DA
30974,A. Cordaz,Alex,Cordaz,40,Italy,188 cm,83 kg,false,https://media.api-sports.io/football/players/30974.png,1983-01-01,Vittorio Veneto,Italy,1786478459.9086185,AszrGeTSX2Jn5Q
30996,M. Rohdén,Marcus Christer,Rohdén,34,Sweden,182,76,false,https://media.api-sports.io/football/players/30996.png,1991-05-11,Värnamo,Sweden,1786478459.9086185,NO2zWromsviyDA
31081,F. Cassata,Francesco D'Assisi,Cassata,28,Italy,183,76,false,https://media.api-sports.io/football/players/31081.png,1997-07-16,Sarzana,Italy,1786478459.9086185,7xdoVDkJWPJ9KA
31531,L. Candellone,Leonardo,Candellone,28,Italy,186,70,false,https://media.api-sports.io/football/players/31531.png,1997-09-15,Torino,Italy,1786478459.9086185,GgSmwDCIYHf5vg
112396,A. Satariano,Alexander,Satariano,24,Malta,184,,false,https://media.api-sports.io/football/players/112396.png,2001-10-25,,Malta,1786478459.9086185,JCUofcLn70369g
135863,G. Ciocci,Giuseppe,Ciocci,23,Italy,193,90,false,https://media.api-sports.io/football/players/135863.png,2002-01-24,Cagliari,Italy,1786478459.9086185,nNwYJVDoaa9e1A
135965,D. Males,Darian,Males,24,Switzerland,188,76,false,https://media.api-sports.io/football/players/135965.png,2001-05-03,Luzern,Switzerland,1786478459.9086185,ooTSWPTvouElnw
264479,G. Manzari,Giacomo,Manzari,25,Italy,178,72,false,https://media.api-sports.io/football/players/264479.png,2000-09-21,Bari,Italy,1786478459.9086185,DyD3G+rYNA2dWA
279760,G. Agostino,Giuseppe,Agostino,22,Italy,,,false,https://media.api-sports.io/football/players/279760.png,2002-12-21,,Italy,1786478459.9086185,yoM6rdeWaNqjGA
291780,D. Boloca,Daniel,Boloca,27,Romania,188,80,false,https://media.api-sports.io/football/players/291780.png,1998-12-22,Chieri,Italy,1786478459.9086185,IFN180yrp+Lu0A
315026,Y. Kallon,Yayah,Kallon,24,Sierra Leone,175 cm,70 kg,false,https://media.api-sports.io/football/players/315026.png,2001-06-30,Koidu-Sefadu,Sierra Leone,1786478459.9086185,nNg59Kjb5otY2w
329550,N. Cavuoti,Nicolò,Cavuoti,22,Italy,177,,false,https://media.api-sports.io/football/players/329550.png,2003-04-04,,Italy,1786478459.9086185,IfAhdJqpdSv8VQ
342050,L. Palomba,Luigi,Palomba,22,Italy,,,false,https://media.api-sports.io/football/players/342050.png,2003-04-17,,Italy,1786478459.9086185,r2lrRMpUd6iCsQ
351324,E. Lolic,Eldin,Lolic,21,Bosnia and Herzegovina,,,false,https://media.api-sports.io/football/players/351324.png,2004-05-15,Lyon,Bosnia and Herzegovina,1786478459.9086185,CW22CU5yfeBBMw
349,A. Terzić,Aleksa,Terzić,26,Serbia,184,75,false,https://media.api-sports.io/football/players/349.png,1999-08-17,Belgrade,Serbia,1786478459.9086185,Oodq771greJNrQ
2738,C. Gytkjær,Christian,Lund Gytkjær,35,Denmark,185,77,false,https://media.api-sports.io/football/players/2738.png,1990-05-06,Roskilde,Denmark,1786478459.9086185,fomMWq3ejl6JhA
22174,A. Tamèze,Adrien Fidele,Tamèze Aoutsa,31,France,180,78,false,https://media.api-sports.io/football/players/22174.png,1994-02-04,Lille,France,1786478459.9086185,nU89wkGpRLaLvw
30483,R. Soriano,Roberto,Soriano,34,Italy,182 cm,76 kg,false,https://media.api-sports.io/football/players/30483.png,1991-02-08,Darmstadt,Germany,1786478459.9086185,bElQeVQAeDisFg
30490,N. Sansone,Nicola,Domenico Sansone,34,Italy,175 cm,68 kg,false,https://media.api-sports.io/football/players/30490.png,1991-09-10,München,Germany,1786478459.9086185,IvuFjaV9xJLFoA
30495,S. Sirigu,Salvatore,Sirigu,38,Italy,192 cm,80 kg,false,https://media.api-sports.io/football/players/30495.png,1987-01-12,Nuoro,Italy,1786478459.9086185,3q7pdnCfpAn80A
30781,Miguel Veloso,Miguel Luís,Pinto Veloso,38,Portugal,180 cm,79 kg,false,https://media.api-sports.io/football/players/30781.png,1986-05-11,Coimbra,Portugal,1786478459.9086185,r5BDPzr7jDfcpQ
30934,L. Marrone,Luca,Marrone,35,Italy,186 cm,75 kg,false,https://media.api-sports.io/football/players/30934.png,1990-03-28,Torino,Italy,1786478459.9086185,mbMqpT1sDiOyPQ
30981,R. Marchizza,Riccardo,Marchizza,27,Italy,185,80,false,https://media.api-sports.io/football/players/30981.png,1998-03-26,Roma,Italy,1786478459.9086185,F3gxMvTubW6iZw
30989,A. Barberis,Andrea,Barberis,32,Italy,177 cm,72 kg,false,https://media.api-sports.io/football/players/30989.png,1993-12-11,Genoa,Italy,1786478459.9086185,CSLtFQfy/bWeTA
31123,S. Mazzocchi,Simone,Mazzocchi,27,Italy,180 cm,70 kg,false,https://media.api-sports.io/football/players/31123.png,1998-08-17,Milano,Italy,1786478459.9086185,9plt5f6rBHmWSw
31402,F. Ranocchia,Filippo,Ranocchia,24,Italy,178,,false,https://media.api-sports.io/football/players/31402.png,2001-05-14,Perugia,Italy,1786478459.9086185,GAXb7TDk9Bn39A
32028,G. Meli,Gabriel Manuel,Meli,26,Italy,188 cm,75 kg,false,https://media.api-sports.io/football/players/32028.png,1999-02-05,,Italy,1786478459.9086185,qqvbI4Ao9WvUcA
37437,A. Harroui,Abdoulrahmane,Harroui,27,Morocco,182,76,false,https://media.api-sports.io/football/players/37437.png,1998-01-13,Leiden,Netherlands,1786478459.9086185,19kSaV9A2u3Clw
50023,S. Ujkani,Samir,Ujkani,35,Kosovo,188 cm,78 kg,false,https://media.api-sports.io/football/players/50023.png,1988-07-05,Resnik,Kosovo,1786478459.9086185,GclCg4cJDy7L8w
56560,Y. Maleh,Youssef,Maleh,27,Morocco,179,70,false,https://media.api-sports.io/football/players/56560.png,1998-08-22,Castel San Pietro Terme,Italy,1786478459.9086185,AtAYi041somY2w
162733,R. Providence,Ruben Fritzner,Providence,24,France,178,66,false,https://media.api-sports.io/football/players/162733.png,2001-07-07,Lagny-sur-Marne,France,1786478459.9086185,ggrZHNshp1FBOg
336639,F. Zuccon,Federico,Zuccon,22,Italy,188,,false,https://media.api-sports.io/football/players/336639.png,2003-04-01,Genova,Italy,1786478459.9086185,X3wQEouLZa3H5w
236,M. Ihattaren,Mohamed  Amine,Ihattaren,23,Netherlands,183,77,false,https://media.api-sports.io/football/players/236.png,2002-02-12,Utrecht,Netherlands,1786478459.9086185,/Vw9sxTFS9UAFQ
829,Rodrigo Becão,Rodrigo,Nascimento França,30,Brazil,191,79,false,https://media.api-sports.io/football/players/829.png,1996-01-19,Salvador,Brazil,1786478459.9086185,OwG80hmOoLX76w
1719,M. Müldür,Mert,Müldür,26,Türkiye,184,74,false,https://media.api-sports.io/football/players/1719.png,1999-04-03,Wien,Austria,1786478459.9086185,XwtDnCrNp3BM+g
2771,O. Aina,Temitayo Olufisayo Olaoluwa,Aina,29,Nigeria,184,82,false,https://media.api-sports.io/football/players/2771.png,1996-10-08,London,England,1786478459.9086185,Hy3Drk+1p+fJJg
7600,Igor,Igor Júlio,dos Santos de Paulo,27,Brazil,185,85,false,https://media.api-sports.io/football/players/7600.png,1998-02-07,Bom Sucesso,Brazil,1786478459.9086185,DMUIuQui6s3udA
16103,M. Warming,Magnus,Warming,25,Denmark,188,72,false,https://media.api-sports.io/football/players/16103.png,2000-06-08,Nykøbing,Denmark,1786478459.9086185,AoYd28iM5at3Hg
18890,A. Barreca,Antonio,Barreca,30,Italy,183,70,false,https://media.api-sports.io/football/players/18890.png,1995-03-18,Torino,Italy,1786478459.9086185,AMcOjJBWAVfV3A
21103,A. Touré,Abdoulaye,Touré,31,France,188,84,false,https://media.api-sports.io/football/players/21103.png,1994-03-03,Nantes,France,1786478459.9086185,9cdV6n07x74/QQ
30513,B. Kone,Benjamin Lhassine,Kone,25,Côte d'Ivoire,172,75,false,https://media.api-sports.io/football/players/30513.png,2000-03-14,,Côte d'Ivoire,1786478459.9086185,Aof4jLfkioXnnw
30514,V. Millico,Vincenzo,Millico,25,Italy,173 cm,68 kg,false,https://media.api-sports.io/football/players/30514.png,2000-08-12,Turin,Italy,1786478459.9086185,Rwxf6BIfu06GKQ
30531,J. Boga,Jérémie,Boga,28,Côte d'Ivoire,172,68,false,https://media.api-sports.io/football/players/30531.png,1997-01-03,Marseille,France,1786478459.9086185,5uNWT1P4vOq3lQ
30624,F. Bandinelli,Filippo,Bandinelli,30,Italy,180,70,false,https://media.api-sports.io/football/players/30624.png,1995-03-29,Firenze,Italy,1786478459.9086185,ff/Iw14nH0EpAw
30637,R. Insigne,Roberto,Insigne,31,Italy,172,65,false,https://media.api-sports.io/football/players/30637.png,1994-05-11,Napoli,Italy,1786478459.9086185,Iz1wjDFGgfDJpQ
30733,A. Šemper,Adrian,Šemper,27,Croatia,194,89,false,https://media.api-sports.io/football/players/30733.png,1998-01-12,Zagreb,Croatia,1786478459.9086185,WsAVFVsWzITQUQ
30740,P. Jaroszyński,Paweł Kamil,Jaroszyński,31,Poland,184 cm,77 kg,false,https://media.api-sports.io/football/players/30740.png,1994-10-02,Lublin,Poland,1786478459.9086185,kwvH5gwP7kQs7A
30765,I. Radu,Ionuț Andrei,Radu,28,Romania,188,70,false,https://media.api-sports.io/football/players/30765.png,1997-05-28,București,Romania,1786478459.9086185,gKkmP70K+HtvhA
31136,S. Romagnoli,Simone,Romagnoli,35,Italy,193,85,false,https://media.api-sports.io/football/players/31136.png,1990-02-09,Cremona,Italy,1786478459.9086185,yiF6TcYEIVIJlw
51144,B. Reynolds,Bryan Keith,Reynolds Jr.,24,USA,185,77,false,https://media.api-sports.io/football/players/51144.png,2001-06-28,Fort Worth,USA,1786478459.9086185,oJeSKpIEtgTbcA
162010,S. Panada,Simone,Panada,23,Italy,,,false,https://media.api-sports.io/football/players/162010.png,2002-06-02,,Italy,1786478459.9086185,z4Fv8B3SagM1IQ
264476,I. Delpupo,Isaías Omar,Delpupo,22,Italy,176,69,false,https://media.api-sports.io/football/players/264476.png,2003-03-31,El Socorro,Argentina,1786478459.9086185,O1S/LtdBsOMDsA
105,F. Ballo-Touré,Fodé,Ballo-Touré,28,Senegal,182,70,false,https://media.api-sports.io/football/players/105.png,1997-01-03,Conflans-Sainte-Honorine,France,1786478479.6866138,o0GOlAfewvu0hw
305,D. Origi,Divock,Okoth Origi,30,Belgium,185 cm,75 kg,false,https://media.api-sports.io/football/players/305.png,1995-04-18,Oostende,Belgium,1786478479.6866138,zh+nRub1XS0ONg
319,S. Luperto,Sebastiano,Luperto,29,Italy,191,75,false,https://media.api-sports.io/football/players/319.png,1996-09-06,Lecce,Italy,1786478479.6866138,WjU/9CGl8PHnRA
1863,C. Immobile,Ciro,Immobile,35,Italy,185,78,false,https://media.api-sports.io/football/players/1863.png,1990-02-20,Torre Annunziata,Italy,1786478479.6866138,skd79d0OnJh8ZA
2475,R. Pereyra,Roberto Maximiliano,Pereyra,34,Argentina,182,77,false,https://media.api-sports.io/football/players/2475.png,1991-01-07,San Miguel de Tucumán,Argentina,1786478479.6866138,nNHZR8GfWE1GiQ
2495,D. Zapata,Duván Esteban,Zapata Banguero,34,Colombia,189,88,false,https://media.api-sports.io/football/players/2495.png,1991-04-01,Cali,Colombia,1786478479.6866138,3+AJFZ91sxsU8A
25387,Walace,Walace,Souza Silva,30,Brazil,188,75,false,https://media.api-sports.io/football/players/25387.png,1995-04-04,Salvador,Brazil,1786478479.6866138,VVgl7383CeZ7hA
30427,C. Okoli,Memeh Caleb,Okoli,24,Italy,191,91,false,https://media.api-sports.io/football/players/30427.png,2001-07-13,Vicenza,Italy,1786478479.6866138,wEWNZABn8HURNA
30438,N. Cambiaghi,Nicolò,Cambiaghi,25,Italy,173,66,false,https://media.api-sports.io/football/players/30438.png,2000-12-28,Monza,Italy,1786478479.6866138,TTTv59sRkobCAA
30635,M. Coda,Massimo,Coda,37,Italy,184,72,false,https://media.api-sports.io/football/players/30635.png,1988-11-10,Cava de' Tirreni,Italy,1786478479.6866138,gNKURHxgrO5dgw
31226,A. Buongiorno,Alessandro,Buongiorno,26,Italy,190,86,false,https://media.api-sports.io/football/players/31226.png,1999-06-06,Turin,Italy,1786478479.6866138,SPHlkLQ2YrocEw
31503,L. Mancuso,Leonardo,Mancuso,33,Italy,182,80,false,https://media.api-sports.io/football/players/31503.png,1992-05-26,Milano,Italy,1786478479.6866138,tUoInvtQeeQj1w
46988,Josep Martínez,Josep,Martínez Riera,27,Spain,191,78,false,https://media.api-sports.io/football/players/46988.png,1998-05-27,Alzira,Spain,1786478479.6866138,Ufg32tO5XjaSUQ
61808,M. Çetin,Yıldırım Mert,Çetin,28,Türkiye,189 cm,90 kg,false,https://media.api-sports.io/football/players/61808.png,1997-01-01,Ankara,Türkiye,1786478479.6866138,2w5pL+teSE7bIw
128498,C. Travaglini,Christian,Travaglini,25,Italy,184 cm,,false,https://media.api-sports.io/football/players/128498.png,2000-01-07,Milano,Italy,1786478479.6866138,fd96KxUGUGGm7Q
162570,G. Cittadini,Giorgio,Cittadini,23,Italy,193,72,false,https://media.api-sports.io/football/players/162570.png,2002-04-18,Gardone Val Trompia,Italy,1786478479.6866138,4OpdB59aIrnYTA
162907,A. Zanoli,Alessandro,Zanoli,25,Italy,188,74,false,https://media.api-sports.io/football/players/162907.png,2000-10-03,Carpi,Italy,1786478479.6866138,H9RGY+8o95EelQ
196843,C. Dalle Mura,Christian,Dalle Mura,23,Italy,185 cm,70 kg,false,https://media.api-sports.io/football/players/196843.png,2002-02-02,Pietrasanta,Italy,1786478479.6866138,6ln6jsv+Reo7VA
288777,M. Bertini,Marco,Bertini,23,Italy,185 cm,,false,https://media.api-sports.io/football/players/288777.png,2002-08-07,,Italy,1786478479.6866138,yJZ7ih8P6GsfKw
402326,M. Tremolada,Marco Andrea,Tremolada,21,Italy,187 cm,,false,https://media.api-sports.io/football/players/402326.png,2004-03-02,,Italy,1786478479.6866138,M1PtGf1TnnV1ZQ
877,M. Kean,Moise Bioty,Kean,25,Italy,183,67,false,https://media.api-sports.io/football/players/877.png,2000-02-28,Vercelli,Italy,1786478479.6866138,+xS/+Z/avpR+Yw
2107,Z. Vanheusden,Zinho,Vanheusden,26,Belgium,187 cm,80 kg,false,https://media.api-sports.io/football/players/2107.png,1999-07-29,Hasselt,Belgium,1786478479.6866138,frf7qTj/bET6/A
10238,Carlos Augusto,Carlos Augusto,Zopolato Neves,26,Brazil,184,78,false,https://media.api-sports.io/football/players/10238.png,1999-01-07,Campinas,Brazil,1786478479.6866138,+eBe+4x0Ti/JRg
30440,R. Piccoli,Roberto,Piccoli,24,Italy,187,78,false,https://media.api-sports.io/football/players/30440.png,2001-01-27,Bergamo,Italy,1786478479.6866138,myFDmZcDofHx+w
30509,A. Belotti,Andrea,Belotti,32,Italy,181,72,false,https://media.api-sports.io/football/players/30509.png,1993-12-20,Calcinate,Italy,1786478479.6866138,lHQlQbWZ3Za0CQ
30815,K. Lasagna,Kevin,Lasagna,33,Italy,185,80,false,https://media.api-sports.io/football/players/30815.png,1992-08-10,Suzzara,Italy,1786478479.6866138,b+E2HbfwlO5V+A
32194,A. Sersanti,Alessandro,Sersanti,23,Italy,185,78,false,https://media.api-sports.io/football/players/32194.png,2002-02-16,Grosseto,Italy,1786478479.6866138,8bCFUSo3ojFmgg
32196,M. Aramu,Mattia,Aramu,30,Italy,180 cm,67 kg,false,https://media.api-sports.io/football/players/32196.png,1995-05-14,Ciriè,Italy,1786478479.6866138,urdSdKwKlpUIYw
37250,L. Czyborra,Lennart-Marten,Quint Czyborra,26,Germany,181 cm,72 kg,false,https://media.api-sports.io/football/players/37250.png,1999-05-03,Berlin,Germany,1786478479.6866138,S5FNdjfH2i/N1g
81012,D. Vásquez,Devis Estiven,Vásquez Llach,27,Colombia,195,93,false,https://media.api-sports.io/football/players/81012.png,1998-05-12,Barranquilla,Colombia,1786478479.6866138,En7K7S3b24kEhQ
126766,N. Rauti,Nicola,Rauti,25,Italy,180 cm,,false,https://media.api-sports.io/football/players/126766.png,2000-04-17,,Italy,1786478479.6866138,POjkXMLXVIdntg
154799,L. Binks,Luis Thomas,Binks,24,England,188,86,false,https://media.api-sports.io/football/players/154799.png,2001-09-02,,England,1786478479.6866138,grCYZy1jxC01vQ
161852,A. Cioffi,Antonio,Cioffi,23,Italy,,,false,https://media.api-sports.io/football/players/161852.png,2002-12-19,,Italy,1786478479.6866138,ekLbBHJbUi0vnQ
161859,G. Oristanio,Gaetano Pio,Oristanio,23,Italy,175,62,false,https://media.api-sports.io/football/players/161859.png,2002-09-28,Vallo della Lucania,Italy,1786478479.6866138,LoVguacCoQZg4g
266185,M. Compagnon,Mattia,Compagnon,24,Italy,171,,false,https://media.api-sports.io/football/players/266185.png,2001-11-06,,Italy,1786478479.6866138,ng82VJUGY4xIVg
303678,G. D&apos;Agostino,Giuseppe,D'Agostino,22,Italy,,,false,https://media.api-sports.io/football/players/303678.png,2003-05-11,Massa di Somma,Italy,1786478479.6866138,5+hBrOBgknfBTA
322626,M. Zanotti,Mattia,Zanotti,22,Italy,173,71,false,https://media.api-sports.io/football/players/322626.png,2003-01-11,,Italy,1786478479.6866138,t7PABDH5nZU2Mg
341823,A. Silvestro,Alessandro,Silvestro,23,Italy,,,false,https://media.api-sports.io/football/players/341823.png,2002-08-27,,Italy,1786478479.6866138,m7ZEYwnSJS304A
341912,G. Ambrosino,Giuseppe,Ambrosino Di Bruttopilo,22,Italy,187,76,false,https://media.api-sports.io/football/players/341912.png,2003-09-10,Procida,Italy,1786478479.6866138,NTo8oQclDvrjLw
342433,A. Tikvić,Antonio,Tikvić,21,Croatia,195,89,false,https://media.api-sports.io/football/players/342433.png,2004-04-21,Hamburg,Germany,1786478479.6866138,Kj4SoV+aM3/M1Q
787,G. Cangiano,Gianmarco,Cangiano,24,Italy,176,73,false,https://media.api-sports.io/football/players/787.png,2001-11-16,Napoli,Italy,1786478479.6866138,D8eQvXhlvAr2sQ
18830,M. Arnautović,Marko,Arnautović,36,Austria,192,83,false,https://media.api-sports.io/football/players/18830.png,1989-04-19,Wien,Austria,1786478479.6866138,aT+O11Kivo9nyA
30392,S. Ghidotti,Simone,Ghidotti,25,Italy,193,81,false,https://media.api-sports.io/football/players/30392.png,2000-03-19,Brescia,Italy,1786478479.6866138,OPCqh0T3REqnmw
30418,P. Gollini,Pierluigi,Gollini,30,Italy,194,94,false,https://media.api-sports.io/football/players/30418.png,1995-03-18,Bologna,Italy,1786478479.6866138,dHCbaB7A97LhQQ
30988,F. Valietti,Federico,Valietti,26,Italy,185 cm,,false,https://media.api-sports.io/football/players/30988.png,1999-01-25,Bergamo,Italy,1786478479.6866138,HhNgYAJUkiXjsw
31031,R. Inglese,Roberto,Inglese,34,Italy,187 cm,85 kg,false,https://media.api-sports.io/football/players/31031.png,1991-11-12,Lucera,Italy,1786478479.6866138,FHI2jq/9uGIEDg
31517,G. Frabotta,Gianluca,Frabotta,26,Italy,176,70,false,https://media.api-sports.io/football/players/31517.png,1999-06-24,Roma,Italy,1786478479.6866138,w3U1lnaE8oj8ig
31717,M. Bleve,Marco,Bleve,30,Italy,184,84,false,https://media.api-sports.io/football/players/31717.png,1995-10-18,San Cesario di Lecce,Italy,1786478479.6866138,rDYF4vjWPJ+i6Q
43096,L. Munteanu,Louis,Munteanu,23,Romania,,,false,https://media.api-sports.io/football/players/43096.png,2002-06-16,Vaslui,Romania,1786478479.6866138,+RB5iZOdOzadng
134926,D. Maldini,Daniel,Maldini,24,Italy,188,83,false,https://media.api-sports.io/football/players/134926.png,2001-10-11,,Italy,1786478479.6866138,Tb9J19jGLIY/WA
162029,Pablo Rodríguez,Pablo,Rodríguez Delgado,24,Spain,178,70,false,https://media.api-sports.io/football/players/162029.png,2001-08-04,Las Palmas de Gran Canaria,Spain,1786478479.6866138,95Q39f+i2WzGOw
237268,F. Rinaldi,Filippo,Rinaldi,23,Italy,188,70,false,https://media.api-sports.io/football/players/237268.png,2002-12-04,,Italy,1786478479.6866138,gHnIvmu8OvyA7A
264474,S. Boccia,Salvatore,Boccia,24,Italy,,,false,https://media.api-sports.io/football/players/264474.png,2001-06-06,,Italy,1786478479.6866138,JgZPF6j9M/dL0Q
305821,Matheus Martins,Matheus Martins,Silva dos Santos,22,Brazil,179,77,false,https://media.api-sports.io/football/players/305821.png,2003-07-16,,Brazil,1786478479.6866138,JkMzR38tRZtH4g
330405,G. Vaglica,Giovanni,Vaglica,22,Italy,,,false,https://media.api-sports.io/football/players/330405.png,2003-02-06,,Italy,1786478479.6866138,tXmVsVBoux3LMA
336640,A. Oliveri,Andrea,Oliveri,22,Italy,181,,false,https://media.api-sports.io/football/players/336640.png,2003-01-14,Palermo,Italy,1786478479.6866138,jcQnZDDVSr2BdQ
340699,D. Degli Innocenti,Duccio,Degli Innocenti,22,Italy,180,75,false,https://media.api-sports.io/football/players/340699.png,2003-04-28,,Italy,1786478479.6866138,fhNuTGLIY/DnRw
341996,A. Renzi,Alessandro,Renzi,21,Italy,,,false,https://media.api-sports.io/football/players/341996.png,2004-01-27,,Italy,1786478479.6866138,5x/6I1P45XMFZg
342067,F. Distefano,Filippo,Distefano,22,Italy,173,59,false,https://media.api-sports.io/football/players/342067.png,2003-08-28,Camaiore,Italy,1786478479.6866138,m5JrNG79a0QJ7w
342071,D. Mastrantonio,Davide,Mastrantonio,21,Italy,187 cm,,false,https://media.api-sports.io/football/players/342071.png,2004-01-16,Roma,Italy,1786478479.6866138,rniuSL3EKlzaBQ
660,Pape Cheikh,Pape Cheikh,Diop Gueye,27,Senegal,180 cm,68 kg,false,https://media.api-sports.io/football/players/660.png,1997-08-08,Dakar,Senegal,1786478499.4253962,12No//RdjbzPkA
1560,Barragán,Antonio,Barragán Fernández,35,Spain,182 cm,76 kg,false,https://media.api-sports.io/football/players/1560.png,1987-06-12,Pontedeume,Spain,1786478499.4253962,WfLA4bu8IzyF3w
1682,Sergio Asenjo,Sergio,Asenjo Andrés,34,Spain,189 cm,87 kg,false,https://media.api-sports.io/football/players/1682.png,1989-06-28,Palencia,Spain,1786478499.4253962,WEwXviq4rpDPLQ
2047,Aleix Vidal,Aleix,Vidal Parreu,34,Spain,177 cm,70 kg,false,https://media.api-sports.io/football/players/2047.png,1989-08-21,Puigpelat,Spain,1786478499.4253962,UWaX/gBD31YUgQ
46665,Iñigo Pérez,Iñigo,Pérez Soto,34,Spain,178 cm,74 kg,false,https://media.api-sports.io/football/players/46665.png,1988-01-18,Pamplona,Spain,1786478499.4253962,zNCU76SKbSlo4g
46950,David Mayoral,David,Mayoral Lastras,25,Spain,172 cm,71 kg,false,https://media.api-sports.io/football/players/46950.png,1997-04-05,Ávila,Spain,1786478499.4253962,S/Tk8IgXXyH1QA
47095,Nano,Alexander,Mesa Travieso,27,Spain,178 cm,77 kg,false,https://media.api-sports.io/football/players/47095.png,1995-02-05,La Laguna,Spain,1786478499.4253962,gnPSZHdeawo+ug
47272,Balenziaga,Mikel,Balenziaga Oruesagasti,36,Spain,177 cm,76 kg,false,https://media.api-sports.io/football/players/47272.png,1988-02-29,Zumárraga,Spain,1786478499.4253962,hwFYzQtCvjDSXQ
47282,Raúl García,Raúl,García Escudero,38,Spain,184 cm,83 kg,false,https://media.api-sports.io/football/players/47282.png,1986-07-11,Pamplona,Spain,1786478499.4253962,tEA7MjWhmtCgWw
47335,Dídac Vilá Rosselló,Dídac,Vilá Rosselló,33,Spain,185 cm,74 kg,false,https://media.api-sports.io/football/players/47335.png,1989-06-09,Mataró,Spain,1786478499.4253962,97orFNecaqeMBw
47342,Víctor Sánchez Mata,Víctor,Sánchez Mata,35,Spain,174 cm,72 kg,false,https://media.api-sports.io/football/players/47342.png,1987-09-08,Terrassa,Spain,1786478499.4253962,NC4fTj8AYJGAXw
47515,Borja García,Borja,García Freire,34,Spain,175 cm,72 kg,false,https://media.api-sports.io/football/players/47515.png,1990-11-02,Torremocha de Jarama,Spain,1786478499.4253962,IGtknzuOBTq/Uw
177587,M. Herzig,Marius,Herzig,24,Germany,188 cm,,false,https://media.api-sports.io/football/players/177587.png,1999-12-17,Waldkirchen,Germany,1786478499.4253962,BGeT8c7IeP0MQA
181211,Genar Fornés,Genar,Fornés Casasús,25,Spain,,,false,https://media.api-sports.io/football/players/181211.png,2000-01-17,Barcelona,Spain,1786478499.4253962,zyWIiixyreGFlQ
305797,Enrique Fernández,Enrique,Fernández López,22,Spain,177 cm,,false,https://media.api-sports.io/football/players/305797.png,2003-09-16,Trebujena,Spain,1786478499.4253962,shl89Gupo5w8gg
348539,Unai Hernández,Unai,Hernández Lorenzo,21,Spain,171,65,false,https://media.api-sports.io/football/players/348539.png,2004-12-14,Badalona,Spain,1786478499.4253962,w/nxDhGa/ZJP/Q
363331,Juan Martín Ginzo,Juan Martín,Ginzo,23,Argentina,176,78,false,https://media.api-sports.io/football/players/363331.png,2002-03-05,Lanús,Argentina,1786478499.4253962,bY3kZ2EOdSNP/Q
364416,Jesús,Jesús,López Soria,20,Spain,187 cm,"
    ",false,https://media.api-sports.io/football/players/364416.png,2002-08-01,La Nucía,Spain,1786478499.4253962,XjzE3EP4s/0+Wg
386859,Héctor Fort,Héctor,Fort García,19,Spain,185,78,false,https://media.api-sports.io/football/players/386859.png,2006-08-02,Barcelona,Spain,1786478499.4253962,vcqWWtG62jzi1w
392455,Germán García,Germán,García Fernández,21,Spain,185,75,false,https://media.api-sports.io/football/players/392455.png,2004-02-01,,Spain,1786478499.4253962,2ONzgyc4NRg5hg
1583,Sergio León,Sergio,León Limones,35,Spain,178 cm,73 kg,false,https://media.api-sports.io/football/players/1583.png,1989-01-06,La Palma del Río,Spain,1786478499.4253962,EXmsAWhcuE5n2A
46772,José Mari,José María,Martín Bejarano-Serrano,37,Spain,180 cm,69 kg,false,https://media.api-sports.io/football/players/46772.png,1987-12-06,Rota,Spain,1786478499.4253962,XeQfgubJTMDltw
46775,Salvi,Salvador,Sánchez Ponce,34,Spain,175 cm,64 kg,false,https://media.api-sports.io/football/players/46775.png,1991-03-30,El Puerto de Santa María,Spain,1786478499.4253962,WExveS9811ukMA
46922,J. Narváez,Juan José,Narváez Solarte,30,Colombia,181 cm,79 kg,false,https://media.api-sports.io/football/players/46922.png,1995-02-12,Pasto,Colombia,1786478499.4253962,jVRDRXZ4YicUFg
47041,Alberto Perea,Alberto Álvaro,Perea Correoso,34,Spain,177 cm,74 kg,false,https://media.api-sports.io/football/players/47041.png,1990-12-19,Albacete,Spain,1786478499.4253962,lix9xHK+HwoVjw
47274,Capa,Ander,Capa Rodríguez,33,Spain,175 cm,75 kg,false,https://media.api-sports.io/football/players/47274.png,1992-02-08,Portugalete,Spain,1786478499.4253962,9J46DRy63eXlfA
47310,Illarramendi,Asier,Illarramendi Andonegi,35,Spain,179 cm,75 kg,false,https://media.api-sports.io/football/players/47310.png,1990-03-08,Mutriku,Spain,1786478499.4253962,zP/l4d0ON/o0jA
47474,Jordi Masip,Jordi,Masip López,35,Spain,180 cm,76 kg,false,https://media.api-sports.io/football/players/47474.png,1989-01-03,Sabadell,Spain,1786478499.4253962,OfFzE63xKdVvXg
144261,Carlos García-Die,Carlos,García-Die Sánchez,25,Spain,188 cm,75 kg,false,https://media.api-sports.io/football/players/144261.png,2000-07-07,Barcelona,Spain,1786478499.4253962,DFMY6+1ZpKMCbg
162530,Sergio Santos,Sergio,Santos Fernández,24,Spain,180 cm,73 kg,false,https://media.api-sports.io/football/players/162530.png,2001-01-03,Leganés,Spain,1786478499.4253962,XOWjsF6BetNzqQ
195918,Diego Moreno,Diego,Moreno Garbayo,24,Spain,177 cm,,false,https://media.api-sports.io/football/players/195918.png,2001-06-21,Cintruénigo,Spain,1786478499.4253962,vKJizWM2pUm6pg
286643,Koffi,Emmanuel,Amankwaa Akurugu,24,Ghana,174 cm,,false,https://media.api-sports.io/football/players/286643.png,2001-11-20,Accra,Ghana,1786478499.4253962,AkBQYIeOBigqBw
286798,Fran López,Francisco,López Fernández,23,Spain,,,false,https://media.api-sports.io/football/players/286798.png,2002-01-24,A Coruña,Spain,1786478499.4253962,w9v79H1pjzxokA
287177,Adrián Corral,Adrián,Corral Alciturri,22,Spain,183 cm,76 kg,false,https://media.api-sports.io/football/players/287177.png,2003-01-05,Santander,Spain,1786478499.4253962,GCkRgNtgql0Mmg
317418,M. Fall,Mamadou Ibra,Mbacke Fall,23,Senegal,188 cm,74 kg,false,https://media.api-sports.io/football/players/317418.png,2002-11-21,Rufisque,Senegal,1786478499.4253962,5f9PHny2mDT98Q
331003,Roberto Arroyo,Roberto,Arroyo Gregorio,22,Spain,181 cm,68 kg,false,https://media.api-sports.io/football/players/331003.png,2003-08-25,Valladolid,Spain,1786478499.4253962,U6G6xbxGxhTLzA
336557,Aleix Garrido,Aleix,Garrido Cañizares,21,Spain,170 cm,63 kg,false,https://media.api-sports.io/football/players/336557.png,2004-02-22,Ripoll,Spain,1786478499.4253962,+rnpU0LO1rzAzg
348329,Pablo Ramírez,Pablo,Ramírez Moreno,22,Spain,,,false,https://media.api-sports.io/football/players/348329.png,2003-03-18,,Spain,1786478499.4253962,/aOjrYWGGU77yA
400020,Luismi Quirant,Luis Miguel,Quirant Reche,20,Spain,,,false,https://media.api-sports.io/football/players/400020.png,2004-01-01,,Spain,1786478499.4253962,/Le9YvY2pmVfqw
46666,Roberto Torres,Roberto,Torres Morales,36,Spain,178 cm,72 kg,false,https://media.api-sports.io/football/players/46666.png,1989-03-07,Pamplona,Spain,1786478499.4253962,WoJ28RIRSfWvHA
46700,Darío,Darío,Ramos Pinazo,26,Spain,191 cm,78 kg,false,https://media.api-sports.io/football/players/46700.png,1999-10-19,Valencia,Spain,1786478499.4253962,fWYzJPD0B+6o6g
162449,Charlie Pérez,Carlos Manuel,Pérez Sánchez,23,Spain,,,false,https://media.api-sports.io/football/players/162449.png,2002-06-07,,Spain,1786478499.4253962,C0rTwMgJ5H37CA
162605,Javi Domínguez,Javier,Domínguez Arribas,24,Spain,195 cm,83 kg,false,https://media.api-sports.io/football/players/162605.png,2001-03-26,Madrid,Spain,1786478499.4253962,YkB3oK/Eut3UjA
163447,José Lara,José,Alonso Lara,25,Spain,161 cm,60 kg,false,https://media.api-sports.io/football/players/163447.png,2000-03-07,Sevilla,Spain,1786478499.4253962,Syu3HOlauRM3MA
182664,Gaizka Ayesa,Gaizka,Ayesa Burgui,24,Spain,182 cm,79 kg,false,https://media.api-sports.io/football/players/182664.png,2001-04-02,Ansoáin,Spain,1786478499.4253962,JhcnMaM+41kvjw
182713,Diego Fuoli,Diego Licinio,Lázaro Fuoli,28,Spain,188 cm,79 kg,false,https://media.api-sports.io/football/players/182713.png,1997-10-20,Zaragoza,Spain,1786478499.4253962,i7nblW/OdSwgbg
192024,L. Spatz,Lautaro Marco,Spatz,24,Argentina,185 cm,75 kg,false,https://media.api-sports.io/football/players/192024.png,2001-10-19,Buenos Aires,Argentina,1786478499.4253962,f+iTQfJfVObqZQ
208670,Diego Bri,Diego Vicente,Bri Carrazoni,23,Spain,177 cm,67 kg,false,https://media.api-sports.io/football/players/208670.png,2002-09-12,Elche,Spain,1786478499.4253962,Enkhu5fNxyh5Ww
286620,Joan Puig,Joan,Puig Mateos,23,Spain,,,false,https://media.api-sports.io/football/players/286620.png,2002-11-16,Girona,Spain,1786478499.4253962,LDDka5g27MGG7g
313026,Luis Bilbao,Luis,Bilbao Arechaga,22,Spain,,,false,https://media.api-sports.io/football/players/313026.png,2003-03-24,Berango,Spain,1786478499.4253962,He0IB+0ksH4/KQ
327552,Nando,Hernando,Almodóvar Marrufo,22,Spain,192 cm,,false,https://media.api-sports.io/football/players/327552.png,2003-11-03,Jerez de la Frontera,Spain,1786478499.4253962,4V6KhY3whxlOEA
336681,Sergio Díez,Sergio,Díez Roldán,22,Spain,178 cm,75 kg,false,https://media.api-sports.io/football/players/336681.png,2003-07-28,Madrid,Spain,1786478499.4253962,HP22lKw7wLA6WQ
351235,Kikín,José Antonio,Ángel García,22,Spain,,,false,https://media.api-sports.io/football/players/351235.png,2003-01-20,Trebujena,Spain,1786478499.4253962,2Zc/erVdYSNcUg
377197,Pablo Muñoz,Pablo,Muñoz Crespo,22,Spain,,,false,https://media.api-sports.io/football/players/377197.png,2003-09-04,San Sebastián de los Reyes,Spain,1786478499.4253962,WP55JwOrdiwi2A
384266,Junior Bita,Wibuala Junior,Bita Bueto,20,Spain,,,false,https://media.api-sports.io/football/players/384266.png,2005-06-08,Adzopé,Côte d'Ivoire,1786478499.4253962,f+B4gu0NusL/Aw
386849,A. Raihani,Abdellah,Raihani Ennaou,21,Morocco,187 cm,,false,https://media.api-sports.io/football/players/386849.png,2004-02-03,Barcelona,Morocco,1786478499.4253962,8keox0ZlfmT07Q
83,A. Danjuma,Arnaut,Danjuma Adam Groeneveld,28,Netherlands,178,74,false,https://media.api-sports.io/football/players/83.png,1997-01-31,Lagos,Nigeria,1786478519.083371,/4cz1HWvTC02dg
274,E. Cavani,Edinson Roberto,Cavani Gómez,38,Uruguay,185,71,false,https://media.api-sports.io/football/players/274.png,1987-02-14,Salto,Uruguay,1786478519.083371,yXC62vOvTYYfWA
634,David Silva,David Josué,Jiménez Silva,37,Spain,170 cm,67 kg,false,https://media.api-sports.io/football/players/634.png,1986-01-08,Arguineguín,Spain,1786478519.083371,yGAqlSTETCdwzA
1584,Loren Morón,Lorenzo Jesús,Morón García,32,Spain,188,66,false,https://media.api-sports.io/football/players/1584.png,1993-12-30,Marbella,Spain,1786478519.083371,pU0VIug2RzXuQw
1699,Iborra,Vicente,Iborra de la Fuente,37,Spain,190 cm,80 kg,false,https://media.api-sports.io/football/players/1699.png,1988-01-16,Moncada,Spain,1786478519.083371,2Mt6wwM/p5yOvQ
1700,Iván Martín,Iván,Martín Núñez,26,Spain,178,70,false,https://media.api-sports.io/football/players/1700.png,1999-02-14,Bilbao,Spain,1786478519.083371,immRnSiLkIEQZg
18742,M. Doherty,Matthew James,Doherty,33,Republic of Ireland,185,80,false,https://media.api-sports.io/football/players/18742.png,1992-01-16,Dublin,Republic of Ireland,1786478519.083371,5ld+jf8A5qU20A
18949,Oriol Romeu,Oriol,Romeu Vidal,34,Spain,183,83,false,https://media.api-sports.io/football/players/18949.png,1991-09-24,Ulldecona,Spain,1786478519.083371,fe2MIRLZ6sgbNg
32871,T. Hara,Taichi,Hara,26,Japan,191,84,false,https://media.api-sports.io/football/players/32871.png,1999-05-05,Hino,Japan,1786478519.083371,3sVuzRPqJn7ftA
46910,Iván Martos,Iván,Martos Campillo,28,Spain,182 cm,68 kg,false,https://media.api-sports.io/football/players/46910.png,1997-05-15,Manresa,Spain,1786478519.083371,bZ6DyMILy81tAQ
47080,Jorge Sáenz,Jorge,Sáenz de Miera Colmeiro,29,Spain,188 cm,81 kg,false,https://media.api-sports.io/football/players/47080.png,1996-11-17,Santa Cruz de Tenerife,Spain,1786478519.083371,kJ0KVx+K9hWMoA
170541,Miquel Llabrés,Miquel,Llabrés Alemany,25,Spain,,,false,https://media.api-sports.io/football/players/170541.png,2000-01-28,,Spain,1786478519.083371,tYw8nBF63P03Qw
182496,Joel del Pino,Joel,del Pino Lorenzo Gil,28,Spain,,,false,https://media.api-sports.io/football/players/182496.png,1997-11-22,Las Palmas de Gran Canaria,Spain,1786478519.083371,xE0jeqr3AkhTPA
182515,Claudio,Claudio,Mendes Vicente,25,Spain,186,80,false,https://media.api-sports.io/football/players/182515.png,2000-12-08,Arrecife,Spain,1786478519.083371,yR6bRe0dWwdAWA
182588,Juan Artola,Juan,Artola Canales,25,Spain,176 cm,72 kg,false,https://media.api-sports.io/football/players/182588.png,2000-04-07,Bilbao,Spain,1786478519.083371,7EfuL46zVAia4Q
182627,Alex Petxarroman,Alex,Petxarroman Eizaguirre,28,Spain,179 cm,67 kg,false,https://media.api-sports.io/football/players/182627.png,1997-02-06,San Sebastián,Spain,1786478519.083371,iHd4ebhjMtWn1A
276995,F. Mwepu,Francisco,Mwepu,25,Zambia,178 cm,70 kg,false,https://media.api-sports.io/football/players/276995.png,2000-02-29,Chambishi,Zambia,1786478519.083371,lgxrZIDh3js/lw
289788,Yoel Ramírez,Yoel,Ramírez Sesma,23,Spain,184 cm,73 kg,false,https://media.api-sports.io/football/players/289788.png,2002-02-05,Mallén,Spain,1786478519.083371,FAv5wSi336EOxg
347886,Félix Garreta,Félix,Martí Garreta,21,Spain,,,false,https://media.api-sports.io/football/players/347886.png,2004-04-21,Palau-solità i Plegamans,Spain,1786478519.083371,gUDku7SCohnM5w
371912,Dani Rodríguez,Daniel,Rodríguez Crespo,20,Spain,,,false,https://media.api-sports.io/football/players/371912.png,2005-08-09,Astigarraga,Spain,1786478519.083371,TithbX0+RZLeUw
111,Rony Lopes,Marcos Paulo,Mesquita Lopes,30,Portugal,174,68,false,https://media.api-sports.io/football/players/111.png,1995-12-28,Belém,Brazil,1786478519.083371,BPB2oDnbRIcifg
146,Álex Collado,Álex,Collado Gutiérrez,26,Spain,178,67,false,https://media.api-sports.io/football/players/146.png,1999-04-22,Sabadell,Spain,1786478519.083371,AXSsH/T/U5UDdw
1570,Sergio Canales,Sergio,Canales Madrazo,34,Spain,176,65,false,https://media.api-sports.io/football/players/1570.png,1991-02-16,Santander,Spain,1786478519.083371,1X09pHPpXaJYlg
1696,S. Chukwueze,Samuel Chimerenka,Chukwueze,26,Nigeria,172,70,false,https://media.api-sports.io/football/players/1696.png,1999-05-22,Umahaia,Nigeria,1786478519.083371,UeyqljBTgFdriw
18895,F. Lejeune,Florian Grégoire,Claude Lejeune,34,France,189,89,false,https://media.api-sports.io/football/players/18895.png,1991-05-20,Paris,France,1786478519.083371,INNZAIM2f6Kwaw
25345,K. Rekik,Karim,Rekik,31,Netherlands,186 cm,84 kg,false,https://media.api-sports.io/football/players/25345.png,1994-12-02,Den Haag,Netherlands,1786478519.083371,fMwtsJVGtUTaow
46835,J. Harper,Jack,Harper,29,Scotland,187 cm,78 kg,false,https://media.api-sports.io/football/players/46835.png,1996-02-28,Málaga,Spain,1786478519.083371,G7x7WG5iHEAMyQ
47265,Jorge Molina,Jorge,Molina Vidal,41,Spain,188 cm,72 kg,false,https://media.api-sports.io/football/players/47265.png,1982-04-22,Alcoy,Spain,1786478519.083371,d27r1GaFuuOuLw
47351,Álex Domínguez,Alejandro,Domínguez Romero,27,Spain,187,80,false,https://media.api-sports.io/football/players/47351.png,1998-07-30,Granollers,Spain,1786478519.083371,EpD8dx7B3EPaNA
47426,Rubén Blanco,Rubén,Blanco Veiga,30,Spain,188,70,false,https://media.api-sports.io/football/players/47426.png,1995-07-25,Mos,Spain,1786478519.083371,h8tszDc/HEu0VA
107207,Mario Hernández,Mario,Hernández Fernández,24,Spain,,,false,https://media.api-sports.io/football/players/107207.png,1999-01-25,Madrid,Spain,1786478519.083371,UAlxxa4sXLJzpg
119213,Alfon González,Alfonso,González Martínez,26,Spain,172,60,false,https://media.api-sports.io/football/players/119213.png,1999-05-04,Albacete,Spain,1786478519.083371,k1WpxRPKX/zc4A
131529,Enrique Clemente,Enrique,Clemente Maza,26,Spain,180 cm,79 kg,false,https://media.api-sports.io/football/players/131529.png,1999-03-04,Zaragoza,Spain,1786478519.083371,1tIArgGzQv3S/w
161933,Nico González,Nicolás,González Iglesias,23,Spain,189,88,false,https://media.api-sports.io/football/players/161933.png,2002-01-03,A Coruña,Spain,1786478519.083371,I6qPaSAwJAjJMw
182164,Pepe Sánchez,José,Sánchez Martínez,25,Spain,185 cm,63 kg,false,https://media.api-sports.io/football/players/182164.png,2000-03-02,Linares,Spain,1786478519.083371,cMTuiY7WTmw8rQ
188445,Luismi Cruz,Luis Miguel,Cruz Hernández,24,Spain,166 cm,62 kg,false,https://media.api-sports.io/football/players/188445.png,2001-05-23,El Puerto de Santa María,Spain,1786478519.083371,gp/jFZ3O2Ml5Lg
287388,Isaac,Isaac,Hernández Pérez,24,Spain,,,false,https://media.api-sports.io/football/players/287388.png,2000-10-14,,Spain,1786478519.083371,HotLot9npbWvxQ
330361,Ale García,Pedro Alejandro,García Mejías,22,Spain,181 cm,,false,https://media.api-sports.io/football/players/330361.png,2003-03-19,Las Palmas de Gran Canaria,Spain,1786478519.083371,aB41Z9E+5v8QuA
332217,Matas,Lluc,Matas García,23,Spain,,,false,https://media.api-sports.io/football/players/332217.png,2002-01-01,Aiguafreda,Spain,1786478519.083371,CBRcWTfgA0DgNw
755,Jaime Seoane,Jaime,Seoane Valenciano,28,Spain,175,73,false,https://media.api-sports.io/football/players/755.png,1997-01-22,Madrid,Spain,1786478519.083371,Sg2+LTafMF07tQ
934,Santi Mina,Santiago,Mina Lorenzo,28,Spain,185 cm,79 kg,false,https://media.api-sports.io/football/players/934.png,1995-12-07,Vigo,Spain,1786478519.083371,C87kxEFNy4/Qog
18965,Martín Montoya,Martín,Montoya Torralbo,34,Spain,175,73,false,https://media.api-sports.io/football/players/18965.png,1991-04-14,Barcelona,Spain,1786478519.083371,ZRSBIaUAPvq62w
46919,César de la Hoz,César,de la Hoz López,33,Spain,179 cm,74 kg,false,https://media.api-sports.io/football/players/46919.png,1992-03-30,Orejo,Spain,1786478519.083371,X8EdjpK8twUxSw
47297,Andoni Zubiaurre,Andoni,Zubiaurre Dorronsoro,29,Spain,190,80,false,https://media.api-sports.io/football/players/47297.png,1996-12-04,Ordizia,Spain,1786478519.083371,jaBu+ZrrnxKUfg
47550,Mario Suárez,Mario,Suárez Mata,36,Spain,188 cm,80 kg,false,https://media.api-sports.io/football/players/47550.png,1987-02-24,Alcobendas,Spain,1786478519.083371,QT+dBsvdxiA18g
67902,C. Olivera,Cristian Gonzalo,Olivera Ibarra,23,Uruguay,175,77,false,https://media.api-sports.io/football/players/67902.png,2002-04-17,Montevideo,Uruguay,1786478519.083371,yLqSC8eLkIimCw
157988,Sergio Carreira,Sergio,Carreira Vilariño,25,Spain,170,70,false,https://media.api-sports.io/football/players/157988.png,2000-10-13,Vigo,Spain,1786478519.083371,zAKKnypXYFsq3A
161931,Arnau Solà,Arnau,Solà Mateu,22,Spain,179,73,false,https://media.api-sports.io/football/players/161931.png,2003-04-04,Amposta,Spain,1786478519.083371,TQos9JkKEum6Nw
162106,Y. Musah,Yunus Dimoara,Musah,23,USA,178,71,false,https://media.api-sports.io/football/players/162106.png,2002-11-29,New York,USA,1786478519.083371,pwmhtg463R0Gig
184362,Dani Tasende,Daniel,Esmorís Tasende,25,Spain,172 cm,64 kg,false,https://media.api-sports.io/football/players/184362.png,2000-07-06,Coristanco,Spain,1786478519.083371,BS/Lnl6j3Tl4jw
185943,Julen Pérez,Julen,Pérez del Pino,25,Spain,,,false,https://media.api-sports.io/football/players/185943.png,2000-06-28,,Spain,1786478519.083371,FuY92KpxSN9jhQ
186160,Cristian Abreu,Cristian,Abreu Sánchez,25,Spain,,,false,https://media.api-sports.io/football/players/186160.png,2000-11-20,Santa Cruz de Tenerife,Spain,1786478519.083371,nByyei5oFLjjcQ
203426,J. Gómez,Jonathan Germán,Gómez Mendoza,22,USA,176,71,false,https://media.api-sports.io/football/players/203426.png,2003-09-01,North Richland Hills,USA,1786478519.083371,iLdA3qQM2z84Tw
287387,Javier Cendón,Javier,Cendón Hernández,22,Spain,,,false,https://media.api-sports.io/football/players/287387.png,2001-06-02,,Spain,1786478519.083371,gxIapOrXWjSwsw
324750,Carlos Martín,Carlos,Martín Domínguez,23,Spain,184,73,false,https://media.api-sports.io/football/players/324750.png,2002-04-22,Madrid,Spain,1786478519.083371,p1gNx8bEWbSX0w
336560,Álex Valle,Álex,Valle Gómez,21,Spain,178,72,false,https://media.api-sports.io/football/players/336560.png,2004-04-25,Badalona,Spain,1786478519.083371,wlzS7/I7kAGhxg
353634,A. Lebarbier,Alex Douma Johan,Lebarbier,21,France,,,false,https://media.api-sports.io/football/players/353634.png,2004-08-23,Clichy,France,1786478519.083371,UgV9Y5PcW10vTQ
364415,Jesús Santiago,Jesús,Santiago Pérez,21,Spain,192,78,false,https://media.api-sports.io/football/players/364415.png,2004-05-25,Cartagena,Spain,1786478519.083371,mLgsj7F6VRiLrA
380234,Ale Palanca,Alejandro,Rodríguez,22,Spain,175 cm,,false,https://media.api-sports.io/football/players/380234.png,2003-01-26,Las Palmas de Gran Canaria,Spain,1786478519.083371,+fVc0SWMJeJpcg
119,R. Falcao,Radamel Falcao,García Zárate,39,Colombia,177,72,false,https://media.api-sports.io/football/players/119.png,1986-02-10,Santa Marta,Colombia,1786478538.6755235,EkwZhJOiOCyDqw
583,João Félix,João,Félix Sequeira,26,Portugal,181,70,false,https://media.api-sports.io/football/players/583.png,1999-11-10,Viseu,Portugal,1786478538.6755235,RbwltSNtcC8AlA
619,Eric García,Eric,García Martret,24,Spain,180,77,false,https://media.api-sports.io/football/players/619.png,2001-01-09,Martorell,Spain,1786478538.6755235,c9H1eyILHEiOCQ
855,João Cancelo,João Pedro,Cavaco Cancelo,31,Portugal,182,74,false,https://media.api-sports.io/football/players/855.png,1994-05-27,Barreiro,Portugal,1786478538.6755235,XS6LjoX8izTGyw
915,Gabriel Paulista,Gabriel Armando,de Abreu,35,Brazil,185,72,false,https://media.api-sports.io/football/players/915.png,1990-11-26,São Paulo,Brazil,1786478538.6755235,77r7z4vUMue24Q
2273,Kepa,Kepa,Arrizabalaga Revuelta,31,Spain,189,84,false,https://media.api-sports.io/football/players/2273.png,1994-10-03,Ondárroa,Spain,1786478538.6755235,fMA0z0HS9UFyQw
2824,N. Maksimović,Nemanja,Maksimović,30,Serbia,189,69,false,https://media.api-sports.io/football/players/2824.png,1995-01-26,Banja Koviljača,Serbia,1786478538.6755235,W1mmuSqqScEFXA
18907,Joselu,José Luis,Sanmartín Mato,35,Spain,191,82,false,https://media.api-sports.io/football/players/18907.png,1990-03-27,Stuttgart,Germany,1786478538.6755235,DNOZ5kMfV/e2rg
47516,Aleix García,Aleix,García Serrano,28,Spain,173,68,false,https://media.api-sports.io/football/players/47516.png,1997-06-28,Ulldecona,Spain,1786478538.6755235,aQLTt4JskJMc9Q
64268,J. Mojica,Johan Andrés,Mojica Palacio,33,Colombia,185,66,false,https://media.api-sports.io/football/players/64268.png,1992-08-21,Cali,Colombia,1786478538.6755235,+DXT8JNyypKzkA
162547,T. Zidane,Theo,Zidane Fernández,23,France,196 cm,74 kg,false,https://media.api-sports.io/football/players/162547.png,2002-05-18,Marseille,France,1786478538.6755235,/bRG2OnrRNzmzA
189997,Mario de Luis,Mario,de Luis Jiménez,23,Spain,185,75,false,https://media.api-sports.io/football/players/189997.png,2002-06-05,Madrid,Spain,1786478538.6755235,FSY9FUmk2SGRTQ
197448,Yan Couto,Yan,Bueno Couto,23,Brazil,168,60,false,https://media.api-sports.io/football/players/197448.png,2002-06-03,Curitiba,Brazil,1786478538.6755235,+iE2mKozbWKTXQ
206260,Lucas Cañizares,Lucas,Cañizares Conchello,23,Spain,188 cm,81 kg,false,https://media.api-sports.io/football/players/206260.png,2002-05-10,Valencia,Spain,1786478538.6755235,rx0a5xvmM5i1KA
237174,Álvaro Carrillo,Álvaro,Carrillo Alacid,23,Spain,182 cm,72 kg,false,https://media.api-sports.io/football/players/237174.png,2002-04-06,Murcia,Spain,1786478538.6755235,3luOxs5rI80Rxw
266657,Sávio,Sávio,Moreira de Oliveira,21,Brazil,179,66,false,https://media.api-sports.io/football/players/266657.png,2004-04-10,São Mateus,Brazil,1786478538.6755235,j/i0SrCyGu95JA
279792,Vinícius Tobias,Vinícius Augusto,Tobias da Silva,21,Brazil,177,67,false,https://media.api-sports.io/football/players/279792.png,2004-02-23,São Paulo,Brazil,1786478538.6755235,LcoKaPR3dEoq9g
285909,Pablo Torre,Pablo,Torre Carral,22,Spain,173,65,false,https://media.api-sports.io/football/players/285909.png,2003-04-03,Santander,Spain,1786478538.6755235,2+eefU978oVdrg
330438,Edgar Pujol,Edgar Climent,Pujol Portorreal,21,Spain,177,70,false,https://media.api-sports.io/football/players/330438.png,2004-08-07,Sabadell,Spain,1786478538.6755235,+FYRM3z9PzynpQ
334575,Diego Piñeiro,Diego,Piñeiro del Álamo,21,Spain,185 cm,69 kg,false,https://media.api-sports.io/football/players/334575.png,2004-02-13,Madrid,Spain,1786478538.6755235,YK1upN+hMW3c4w
176,E. Lamela,Erik Manuel,Lamela Cordero,33,Argentina,181,79,false,https://media.api-sports.io/football/players/176.png,1992-03-04,Florida,Argentina,1786478538.6755235,t2Th4ImJzFcx0g
385,Óliver Torres,Óliver,Torres Muñoz,31,Spain,178,70,false,https://media.api-sports.io/football/players/385.png,1994-11-10,Navalmoral de la Mata,Spain,1786478538.6755235,/dbydp3np2TIFw
738,Sergio Ramos,Sergio,Ramos García,39,Spain,184,82,false,https://media.api-sports.io/football/players/738.png,1986-03-30,Camas,Spain,1786478538.6755235,OOTimK+4xirKPw
897,M. Greenwood,Mason Will John,Greenwood,24,England,181,70,false,https://media.api-sports.io/football/players/897.png,2001-10-01,Bradford,England,1786478538.6755235,GhmrEMpgXdRKww
1920,N. Radonjić,Nemanja,Radonjić,29,Serbia,185,78,false,https://media.api-sports.io/football/players/1920.png,1996-02-15,Niš,Serbia,1786478538.6755235,iAnaCQV9UlWsCQ
2671,Jaime Mata,Jaime,Mata Arnaiz,37,Spain,185 cm,79 kg,false,https://media.api-sports.io/football/players/2671.png,1988-10-24,Madrid,Spain,1786478538.6755235,HxOTngj/8ij2JA
22233,B. Soumaré,Boubakary,Soumaré,26,France,188,70,false,https://media.api-sports.io/football/players/22233.png,1999-02-27,Noisy-le-Sec,France,1786478538.6755235,hf1csogYAA5rVw
41973,Miguel Crespo,Miguel,Crespo da Silva,29,Portugal,186,73,false,https://media.api-sports.io/football/players/41973.png,1996-09-11,Lyon,France,1786478538.6755235,inZ8NU5dUzme9A
46657,Nacho Vidal,Ignacio,Vidal Miralles,30,Spain,180,75,false,https://media.api-sports.io/football/players/46657.png,1995-01-24,Campello,Spain,1786478538.6755235,EE0r69vELnkJow
47416,Óscar Rodríguez,Óscar,Rodríguez Arnaiz,27,Spain,174 cm,67 kg,false,https://media.api-sports.io/football/players/47416.png,1998-06-28,Talavera de la Reina,Spain,1786478538.6755235,cxjqF/j/B3B3sQ
47527,S. Dimitrievski,Stole,Dimitrievski,32,North Macedonia,188,84,false,https://media.api-sports.io/football/players/47527.png,1993-12-25,Kumanovo,North Macedonia,1786478538.6755235,AMSF/Ah0QHDDiA
51051,J. Araujo,Julián Vicente,Araujo Zúñiga,24,Mexico,175,70,false,https://media.api-sports.io/football/players/51051.png,2001-08-13,Lompoc,USA,1786478538.6755235,Vn5x6k5zdqLAiQ
107153,Kike Pérez,Enrique,Pérez Muñoz,28,Spain,184,80,false,https://media.api-sports.io/football/players/107153.png,1997-02-14,Gálvez,Spain,1786478538.6755235,MfS5otjVdgw76w
162028,Juanmi Latasa,Juan Miguel,Latasa Fernández Layos,24,Spain,192 cm,86 kg,false,https://media.api-sports.io/football/players/162028.png,2001-03-23,Madrid,Spain,1786478538.6755235,T7BIoZzloVZo/w
162123,I. Moriba,Moriba,Kourouma Kourouma,22,Guinea,165,73,false,https://media.api-sports.io/football/players/162123.png,2003-01-19,Conakry,Guinea,1786478538.6755235,MyWlfx3p6FvA4g
180560,H. Mejbri,Hannibal,Mejbri,22,Tunisia,177,74,false,https://media.api-sports.io/football/players/180560.png,2003-01-21,Ivry-sur-Seine,France,1786478538.6755235,kYdZ293rKjV+zA
195923,José Ángel Carmona,José Ángel,Carmona Navarro,23,Spain,184,80,false,https://media.api-sports.io/football/players/195923.png,2002-01-29,El Viso del Alcor,Spain,1786478538.6755235,UdhBU0CdlG6RiQ
288699,M. Perrone,Máximo,Perrone,22,Argentina,177,68,false,https://media.api-sports.io/football/players/288699.png,2003-01-07,Buenos Aires,Argentina,1786478538.6755235,hkb+BMr05BoFmA
311344,A. Véliz,Alejo,Véliz,22,Argentina,186,77,false,https://media.api-sports.io/football/players/311344.png,2003-09-19,Santa Fe,Argentina,1786478538.6755235,36fNtRword9iBg
350073,Marcos Fernández,Marcos,Fernández Cózar,22,Spain,176 cm,68 kg,false,https://media.api-sports.io/football/players/350073.png,2003-07-17,Andratx,Spain,1786478538.6755235,9CjloA7BnHj7ow
614,C. Bravo,Claudio Andrés,Bravo Muñoz,42,Chile,184,84,false,https://media.api-sports.io/football/players/614.png,1983-04-13,Buin,Chile,1786478538.6755235,iZAUmFlBBejLKA
763,Daniel Fuzato,Daniel,Cerantola Fuzato,28,Brazil,190,88,false,https://media.api-sports.io/football/players/763.png,1997-07-04,Santa Bárbara D'Oeste,Brazil,1786478538.6755235,sJrjI5De5Zv7ww
925,Gonçalo Guedes,Gonçalo Manuel,Ganchinho Guedes,29,Portugal,179,68,false,https://media.api-sports.io/football/players/925.png,1996-11-29,Benavente,Portugal,1786478538.6755235,oc/oyHppMY8Eqg
1117,K. Tierney,Kieran,Tierney,28,Scotland,178,70,false,https://media.api-sports.io/football/players/1117.png,1997-06-05,Douglas,Scotland,1786478538.6755235,/Jye/SmxLEpymQ
2063,André Silva,André Miguel,Valente da Silva,30,Portugal,185,84,false,https://media.api-sports.io/football/players/2063.png,1995-11-06,Gondomar,Portugal,1786478538.6755235,Ce93im9F8vsViw
8493,R. Yaremchuk,Roman,Yaremchuk,30,Ukraine,191,79,false,https://media.api-sports.io/football/players/8493.png,1995-11-27,Lviv,Ukraine,1786478538.6755235,flb4aYGCpYc+BA
8587,S. Amallah,Selim,Amallah,29,Morocco,186 cm,82 kg,false,https://media.api-sports.io/football/players/8587.png,1996-11-15,Hautrage,Belgium,1786478538.6755235,ceyjxdJm2F9h4g
43084,I. Hagi,Ianis,Hagi,27,Romania,182,74,false,https://media.api-sports.io/football/players/43084.png,1998-10-22,İstanbul,Türkiye,1786478538.6755235,UTGOU819ageYuw
47299,Gorosabel,Andoni,Gorosabel Espinosa,29,Spain,174,70,false,https://media.api-sports.io/football/players/47299.png,1996-08-04,Arrasate,Spain,1786478538.6755235,Wc6xaUiKzsBYtA
47306,Álex Sola,Alejandro,Sola López-Ocaña,26,Spain,178,75,false,https://media.api-sports.io/football/players/47306.png,1999-06-09,San Sebastián,Spain,1786478538.6755235,VHuavEWGQqV5sg
47529,Miguel Ángel Morro,Miguel Ángel,Morro Muñoz,25,Spain,193 cm,82 kg,false,https://media.api-sports.io/football/players/47529.png,2000-09-11,Alcalá de Henares,Spain,1786478538.6755235,LBLmcbioSYn5FA
47566,Javi Galán,Javier,Galán Gil,31,Spain,170,70,false,https://media.api-sports.io/football/players/47566.png,1994-11-19,Badajoz,Spain,1786478538.6755235,s6V77+MOH609zA
161877,Pablo Gozálbez,Pablo,Gozálbez Gilabert,24,Spain,170,66,false,https://media.api-sports.io/football/players/161877.png,2001-04-30,Canet d'en Berenguer,Spain,1786478538.6755235,eRi76xkxtSL2AQ
182685,Diego Collado,Diego,Collado Raya,24,Spain,183 cm,73 kg,false,https://media.api-sports.io/football/players/182685.png,2001-01-09,Granada,Spain,1786478538.6755235,10pT44gpQE4cBw
195717,Y. Mosquera,Yerson,Mosquera Valdelamar,24,Colombia,187,76,false,https://media.api-sports.io/football/players/195717.png,2001-05-02,Apartadó,Colombia,1786478538.6755235,pHp+HrnU2y69jg
197800,Unai Ropero,Unai,Ropero Pérez,24,Spain,187,72,false,https://media.api-sports.io/football/players/197800.png,2001-11-20,Vitoria-Gasteiz,Spain,1786478538.6755235,wsqAY3GjfTtv3g
237066,Rafa Marín,Rafael,Marín Zamora,23,Spain,191,83,false,https://media.api-sports.io/football/players/237066.png,2002-05-19,Guadajoz,Spain,1786478538.6755235,NYPktdZUpR6Tdg
270516,Peter,Peter Federico,González Carmona,23,Spain,180,68,false,https://media.api-sports.io/football/players/270516.png,2002-07-25,Madrid,Spain,1786478538.6755235,cf0/9IbruhivKw
323935,G. Simeone,Giuliano,Simeone Baldini,23,Argentina,174,75,false,https://media.api-sports.io/football/players/323935.png,2002-12-18,Roma,Italy,1786478538.6755235,6urCQId6wYS1jQ
358628,Samu,Samuel,Omorodion Aghehowa,21,Spain,193,90,false,https://media.api-sports.io/football/players/358628.png,2004-05-05,Melilla,Spain,1786478538.6755235,FQZy9NQmgAHpHA
