==================== 2026-09-02T23:10:08.427406Z | 00000000-0000-0000-0000-000000000000 ====================
==================== 2026-09-02T23:10:08.437788Z | 87118596-e9cb-4f5f-81bf-2949de19259b ====================
23:10:08.438797 [info ]: Starting dbt LSP server
23:10:08.440325 [info ]: Connecting to LSP client on port 8000
23:10:08.443567 [info ]: Successfully connected to LSP client
23:10:08.443803 [info ]: Creating LSP service...
23:10:08.462507 [info ]: Creating LSP server...
23:10:08.462529 [info ]: Starting LSP server...
23:10:08.618512 [info ]: Loading profiles.yml
==================== 2026-09-02T23:10:08.752831Z | 0f7ee5b4-3527-4f44-9d25-e33e1fb85f6a ====================
23:10:08.755151 [info ]: Started loading project
23:10:08.765539 [info ]: Loading profiles.yml
23:10:08.821166 [info ]:    Started resolving packages from packages.yml
23:10:09.179461 [info ]:   Finished [  0.36s] resolving packages from packages.yml (1 items)
23:10:09.183019 [debug]:    Started loading packages
23:10:09.232862 [debug]:     Loaded [  0.05s] packages
23:10:09.244875 [info ]: Finished loading project [  0.49s]
23:10:09.253373 [info ]: Started parsing
23:10:10.321374 [debug]: Finished parsing models/schema.yml [  0.03s]
23:10:10.407283 [debug]: Finished parsing models/marts/player_features.sql [  0.06s]
23:10:10.450190 [debug]: Finished parsing models/staging/stg_players.sql [  0.04s]
23:10:11.065980 [info ]: Finished parsing [  1.81s]
23:10:11.075458 [info ]: Cached model count updated: 2 models (estimate)
23:10:11.075496 [info ]: Cached model count updated: 2 models (accurate)
23:10:11.079294 [info ]: Started scheduling
23:10:11.095863 [info ]: Finished scheduling [  0.02s]
23:10:11.096786 [debug]: Compilation - 2 nodes selected: {"model.soccer_analytics.player_features", "model.soccer_analytics.stg_players"}
23:10:11.101657 [info ]: Started scheduling
23:10:11.102142 [info ]: Finished scheduling [  0.00s]
23:10:11.110274 [debug]: Initializing schema store with entry: Frontier(CanonicalFqn { catalog: "api_sports", schema: "soccer_analytics_data", table: "players_raw" }) and interval: None
23:10:11.111111 [debug]: Initializing schema store with entry: Frontier(CanonicalFqn { catalog: "api_sports", schema: "soccer_analytics_data", table: "players_raw__statistics" }) and interval: None
23:10:11.183308 [info ]: Started building task graph
23:10:11.188991 [info ]: Finished building task graph [  0.01s]
23:10:11.257712 [info ]: Started rendering (2 nodes)
23:10:11.258767 [info ]: Started model main.player_features
23:10:11.259337 [debug]: Started rendering model main.player_features
23:10:11.260575 [info ]: Started model main.stg_players
23:10:11.260633 [debug]: Started rendering model main.stg_players
23:10:11.273337 [debug]: Compiled SQL for node model.soccer_analytics.player_features at target\.lsp\compiled\soccer_analytics\models\marts\player_features.sql
23:10:11.276187 [debug]: Finished rendering [  0.02s] model main.player_features [success]
23:10:11.277338 [info ]: Started analyzing (2 nodes)
23:10:11.277360 [debug]: Started analyzing model main.player_features
23:10:11.302171 [debug]: Compiled SQL for node model.soccer_analytics.stg_players at target\.lsp\compiled\soccer_analytics\models\staging\stg_players.sql
23:10:11.302673 [debug]: Finished rendering [  0.04s] model main.stg_players [success]
23:10:11.302702 [info ]: Finished rendering [  0.04s] (2 nodes, 0 skipped, 0 errors)
23:10:11.302728 [debug]: Started analyzing model main.stg_players
23:10:11.313903 [debug]: Finished analyzing [  0.04s] model main.player_features [success]
23:10:11.313956 [info ]:  Succeeded [  0.05s] model main.player_features (table)
23:10:11.333268 [debug]: Finished analyzing [  0.03s] model main.stg_players [success]
23:10:11.333301 [info ]: Finished analyzing [  0.06s] (2 nodes, 0 skipped, 0 errors)
23:10:11.333311 [info ]:  Succeeded [  0.07s] model main.stg_players (view)
23:10:11.354515 [info ]: Started scheduling
23:10:11.354695 [info ]: Finished scheduling [  0.00s]
23:10:11.356566 [info ]: 
==================== Execution Summary =====================
Finished 'compile' successfully for target 'dev' [2.6s]
Processed: 2 models
Summary: 2 total | 2 success
23:10:11.365695 [info ]: Cached model count updated: 2 models (accurate)
==================== 2026-09-02T23:10:13.081608Z | 0315d894-f9a6-40f9-b3c8-c9dc990221aa ====================
23:10:13.081714 [info ]: Started loading project
23:10:13.082291 [info ]: Loading profiles.yml
23:10:13.114295 [info ]: Cached model count updated: 2 models (estimate)
23:10:13.114320 [info ]: Cached model count updated: 2 models (accurate)
23:10:13.114346 [info ]: Started scheduling
23:10:13.114400 [info ]: Finished scheduling [  0.00s]
23:10:13.114416 [debug]: Compilation - 2 nodes selected: {"model.soccer_analytics.player_features", "model.soccer_analytics.stg_players"}
23:10:13.149909 [info ]: Started building task graph
23:10:13.149972 [info ]: Finished building task graph [  0.00s]
23:10:13.156313 [info ]: Started rendering (2 nodes)
23:10:13.156346 [info ]: Started model main.player_features
23:10:13.156355 [debug]: Started rendering model main.player_features
23:10:13.156406 [info ]: Finished loading project [  0.07s]
23:10:13.156418 [info ]: Started model main.stg_players
23:10:13.156452 [debug]: Started rendering model main.stg_players
23:10:13.157277 [debug]: Compiled SQL for node model.soccer_analytics.player_features at target\.lsp\compiled\soccer_analytics\models\marts\player_features.sql
23:10:13.157362 [debug]: Compiled SQL for node model.soccer_analytics.stg_players at target\.lsp\compiled\soccer_analytics\models\staging\stg_players.sql
23:10:13.157435 [debug]: Finished rendering [  0.00s] model main.player_features [success]
23:10:13.157483 [info ]: Started analyzing (2 nodes)
23:10:13.157501 [debug]: Started analyzing model main.player_features
23:10:13.157527 [debug]: Finished rendering [  0.00s] model main.stg_players [success]
23:10:13.157534 [info ]: Finished rendering [  0.00s] (2 nodes, 0 skipped, 0 errors)
23:10:13.157544 [debug]: Started analyzing model main.stg_players
23:10:13.158129 [debug]: Finished analyzing [  0.00s] model main.player_features [success]
23:10:13.158157 [info ]:  Succeeded [  0.00s] model main.player_features (table)
23:10:13.158767 [debug]: Finished analyzing [  0.00s] model main.stg_players [success]
23:10:13.158781 [info ]: Finished analyzing [  0.00s] (2 nodes, 0 skipped, 0 errors)
23:10:13.158787 [info ]:  Succeeded [  0.00s] model main.stg_players (view)
23:10:13.163142 [info ]: Started scheduling
23:10:13.163198 [info ]: Finished scheduling [  0.00s]
23:10:13.163292 [info ]: 
==================== Execution Summary =====================
Finished 'compile' successfully for target 'dev' [81ms]
Processed: 2 models
Summary: 2 total | 2 success
23:10:13.163504 [info ]: Cached model count updated: 2 models (accurate)
==================== 2026-09-03T18:32:57.004564Z | d98dad5e-8aaf-4c5d-826f-3b581411beaa ====================
18:32:57.047431 [info ]: Started loading project
18:32:57.107526 [info ]: Loading profiles.yml
18:32:57.771067 [info ]: Cached model count updated: 2 models (accurate)
18:32:57.770525 [info ]: Finished loading project [  0.72s]
18:32:57.772519 [info ]: 
==================== Execution Summary =====================
Finished 'compile' successfully for target 'dev' [767ms]
==================== 2026-09-03T18:32:58.249908Z | 230d345c-7aba-4935-b023-261bb9a7eca9 ====================
18:32:58.251019 [info ]: Started loading project
18:32:58.253392 [info ]: Loading profiles.yml
18:32:58.345505 [info ]: Cached model count updated: 2 models (accurate)
18:32:58.345807 [info ]: Finished loading project [  0.09s]
18:32:58.345840 [info ]: 
==================== Execution Summary =====================
Finished 'compile' successfully for target 'dev' [95ms]
18:32:59.258964 [info ]: Loading profiles.yml
==================== 2026-09-03T18:32:59.964676Z | 59075d5c-26b7-46ee-a730-9c308ac7661d ====================
18:32:59.965495 [info ]: Started loading project
18:32:59.968910 [info ]: Loading profiles.yml
18:33:00.045336 [info ]: Cached model count updated: 2 models (estimate)
18:33:00.045569 [info ]: Cached model count updated: 2 models (accurate)
18:33:00.052663 [info ]: Started scheduling
18:33:00.065597 [info ]: Finished scheduling [  0.01s]
18:33:00.067615 [debug]: Compilation - 2 nodes selected: {"model.soccer_analytics.player_features", "model.soccer_analytics.stg_players"}
18:33:01.120772 [info ]: Started building task graph
18:33:01.130060 [info ]: Finished building task graph [  0.01s]
18:33:01.219012 [info ]: Started rendering (2 nodes)
18:33:01.223045 [info ]: Started model main.player_features
18:33:01.224414 [debug]: Started rendering model main.player_features
18:33:01.226633 [info ]: Finished loading project [  1.26s]
18:33:01.227002 [info ]: Started model main.stg_players
18:33:01.227047 [debug]: Started rendering model main.stg_players
18:33:01.247039 [debug]: Compiled SQL for node model.soccer_analytics.stg_players at target\.lsp\compiled\soccer_analytics\models\staging\stg_players.sql
18:33:01.247039 [debug]: Compiled SQL for node model.soccer_analytics.player_features at target\.lsp\compiled\soccer_analytics\models\marts\player_features.sql
18:33:01.254054 [debug]: Finished rendering [  0.03s] model main.player_features [success]
18:33:01.257334 [info ]: Started analyzing (2 nodes)
18:33:01.257383 [debug]: Started analyzing model main.player_features
18:33:01.257810 [debug]: Finished rendering [  0.03s] model main.stg_players [success]
18:33:01.257855 [info ]: Finished rendering [  0.04s] (2 nodes, 0 skipped, 0 errors)
18:33:01.257885 [debug]: Started analyzing model main.stg_players
18:33:01.294490 [debug]: Finished analyzing [  0.04s] model main.player_features [success]
18:33:01.294575 [info ]:  Succeeded [  0.06s] model main.player_features (table)
18:33:01.295066 [debug]: Finished analyzing [  0.04s] model main.stg_players [success]
18:33:01.295097 [info ]: Finished analyzing [  0.04s] (2 nodes, 0 skipped, 0 errors)
18:33:01.295106 [info ]:  Succeeded [  0.07s] model main.stg_players (view)
18:33:01.329013 [info ]: Started scheduling
18:33:01.331128 [info ]: Finished scheduling [  0.00s]
18:33:01.332798 [info ]: 
==================== Execution Summary =====================
Finished 'compile' successfully for target 'dev' [1.4s]
Processed: 2 models
Summary: 2 total | 2 success
18:33:01.334621 [info ]: Cached model count updated: 2 models (accurate)
==================== 2026-09-04T01:53:59.272884Z | 01bfb4c1-90ea-4115-8c19-56e693fbf6e1 ====================
01:53:59.283649 [info ]: Started loading project
01:53:59.315679 [info ]: Loading profiles.yml
01:53:59.539205 [info ]: Finished loading project [  0.26s]
01:53:59.539230 [info ]: Cached model count updated: 2 models (accurate)
01:53:59.539778 [info ]: 
==================== Execution Summary =====================
Finished 'compile' successfully for target 'dev' [266ms]
==================== 2026-09-04T01:53:59.759911Z | 50d8d63b-9547-457f-83bf-2b437792b37d ====================
01:53:59.760045 [info ]: Started loading project
01:53:59.761469 [info ]: Loading profiles.yml
01:53:59.828574 [info ]: Cached model count updated: 2 models (accurate)
01:53:59.828587 [info ]: Finished loading project [  0.07s]
01:53:59.828637 [info ]: 
==================== Execution Summary =====================
Finished 'compile' successfully for target 'dev' [68ms]
==================== 2026-09-04T01:54:01.399577Z | 03d86ff9-6a62-4e60-a5eb-516e412c45e4 ====================
01:54:01.399751 [info ]: Started loading project
01:54:01.403999 [info ]: Loading profiles.yml
01:54:01.454722 [info ]: Cached model count updated: 2 models (estimate)
01:54:01.454813 [info ]: Cached model count updated: 2 models (accurate)
01:54:01.457275 [info ]: Started scheduling
01:54:01.465879 [info ]: Finished scheduling [  0.01s]
01:54:01.466140 [debug]: Compilation - 2 nodes selected: {"model.soccer_analytics.player_features", "model.soccer_analytics.stg_players"}
01:54:02.544015 [info ]: Started building task graph
01:54:02.550609 [info ]: Finished building task graph [  0.01s]
01:54:02.659869 [info ]: Started rendering (2 nodes)
01:54:02.660638 [info ]: Started model main.player_features
01:54:02.661157 [debug]: Started rendering model main.player_features
01:54:02.663767 [info ]: Finished loading project [  1.26s]
01:54:02.664495 [info ]: Started model main.stg_players
01:54:02.664941 [debug]: Started rendering model main.stg_players
01:54:02.689223 [debug]: Compiled SQL for node model.soccer_analytics.player_features at target\.lsp\compiled\soccer_analytics\models\marts\player_features.sql
01:54:02.695681 [debug]: Finished rendering [  0.03s] model main.player_features [success]
01:54:02.697152 [info ]: Started analyzing (2 nodes)
01:54:02.697232 [debug]: Started analyzing model main.player_features
01:54:02.711082 [debug]: Compiled SQL for node model.soccer_analytics.stg_players at target\.lsp\compiled\soccer_analytics\models\staging\stg_players.sql
01:54:02.711692 [debug]: Finished rendering [  0.05s] model main.stg_players [success]
01:54:02.711760 [info ]: Finished rendering [  0.05s] (2 nodes, 0 skipped, 0 errors)
01:54:02.711800 [debug]: Started analyzing model main.stg_players
01:54:02.725303 [debug]: Finished analyzing [  0.03s] model main.player_features [success]
01:54:02.725344 [info ]:  Succeeded [  0.06s] model main.player_features (table)
01:54:02.725810 [debug]: Finished analyzing [  0.01s] model main.stg_players [success]
01:54:02.725830 [info ]: Finished analyzing [  0.03s] (2 nodes, 0 skipped, 0 errors)
01:54:02.725840 [info ]:  Succeeded [  0.06s] model main.stg_players (view)
01:54:02.749528 [info ]: Started scheduling
01:54:02.750689 [info ]: Finished scheduling [  0.00s]
01:54:02.751225 [info ]: 
==================== Execution Summary =====================
Finished 'compile' successfully for target 'dev' [1.4s]
Processed: 2 models
Summary: 2 total | 2 success
01:54:02.754266 [info ]: Cached model count updated: 2 models (accurate)
01:57:59.162431 [info ]: Loading profiles.yml
==================== 2026-09-04T02:00:23.696043Z | 0d4ae577-f8ce-4d5e-90df-386629693946 ====================
02:00:23.696241 [info ]: Started loading project
02:00:23.697383 [info ]: Loading profiles.yml
02:00:23.741377 [info ]: Cached model count updated: 2 models (accurate)
02:00:23.741536 [info ]: Finished loading project [  0.05s]
02:00:23.741592 [info ]: 
==================== Execution Summary =====================
Finished 'compile' successfully for target 'dev' [45ms]
==================== 2026-09-04T02:00:25.377123Z | 35688eea-7c42-463f-940a-04512ae882d5 ====================
02:00:25.377210 [info ]: Started loading project
02:00:25.377823 [info ]: Loading profiles.yml
02:00:25.409728 [info ]: Cached model count updated: 2 models (estimate)
02:00:25.409757 [info ]: Cached model count updated: 2 models (accurate)
02:00:25.409793 [info ]: Started scheduling
02:00:25.409866 [info ]: Finished scheduling [  0.00s]
02:00:25.409884 [debug]: Compilation - 2 nodes selected: {"model.soccer_analytics.player_features", "model.soccer_analytics.stg_players"}
02:00:25.458925 [info ]: Started building task graph
02:00:25.459006 [info ]: Finished building task graph [  0.00s]
02:00:25.467344 [info ]: Started rendering (2 nodes)
02:00:25.467383 [info ]: Started model main.player_features
02:00:25.467393 [debug]: Started rendering model main.player_features
02:00:25.467429 [info ]: Started model main.stg_players
02:00:25.467432 [debug]: Started rendering model main.stg_players
02:00:25.467532 [info ]: Finished loading project [  0.09s]
02:00:25.468801 [debug]: Compiled SQL for node model.soccer_analytics.player_features at target\.lsp\compiled\soccer_analytics\models\marts\player_features.sql
02:00:25.469089 [debug]: Compiled SQL for node model.soccer_analytics.stg_players at target\.lsp\compiled\soccer_analytics\models\staging\stg_players.sql
02:00:25.469170 [debug]: Finished rendering [  0.00s] model main.player_features [success]
02:00:25.469217 [info ]: Started analyzing (2 nodes)
02:00:25.469228 [debug]: Started analyzing model main.player_features
02:00:25.469659 [debug]: Finished rendering [  0.00s] model main.stg_players [success]
02:00:25.469677 [info ]: Finished rendering [  0.00s] (2 nodes, 0 skipped, 0 errors)
02:00:25.469691 [debug]: Started analyzing model main.stg_players
02:00:25.469869 [debug]: Finished analyzing [  0.00s] model main.player_features [success]
02:00:25.469886 [info ]:  Succeeded [  0.00s] model main.player_features (table)
02:00:25.470920 [debug]: Finished analyzing [  0.00s] model main.stg_players [success]
02:00:25.470935 [info ]: Finished analyzing [  0.00s] (2 nodes, 0 skipped, 0 errors)
02:00:25.470943 [info ]:  Succeeded [  0.00s] model main.stg_players (view)
02:00:25.476243 [info ]: Started scheduling
02:00:25.476303 [info ]: Finished scheduling [  0.00s]
02:00:25.476416 [info ]: 
==================== Execution Summary =====================
Finished 'compile' successfully for target 'dev' [99ms]
Processed: 2 models
Summary: 2 total | 2 success
02:00:25.476609 [info ]: Cached model count updated: 2 models (accurate)
==================== 2026-09-04T02:01:15.004914Z | 8e12cb75-3d76-4fd0-be74-4c3e4c9b78d8 ====================
02:01:15.005029 [info ]: Started loading project
02:01:15.006482 [info ]: Loading profiles.yml
02:01:15.042619 [info ]: Cached model count updated: 2 models (accurate)
02:01:15.042780 [info ]: Finished loading project [  0.04s]
02:01:15.042801 [info ]: 
==================== Execution Summary =====================
Finished 'compile' successfully for target 'dev' [37ms]
==================== 2026-09-04T02:01:16.599284Z | b5d73448-866d-4111-9eee-c433b0a4c22b ====================
02:01:16.599466 [info ]: Started loading project
02:01:16.600654 [info ]: Loading profiles.yml
02:01:16.635671 [info ]: Cached model count updated: 2 models (estimate)
02:01:16.635703 [info ]: Cached model count updated: 2 models (accurate)
02:01:16.635736 [info ]: Started scheduling
02:01:16.635811 [info ]: Finished scheduling [  0.00s]
02:01:16.635828 [debug]: Compilation - 2 nodes selected: {"model.soccer_analytics.player_features", "model.soccer_analytics.stg_players"}
02:01:16.685095 [info ]: Started building task graph
02:01:16.685171 [info ]: Finished building task graph [  0.00s]
02:01:16.692402 [info ]: Started rendering (2 nodes)
02:01:16.692447 [info ]: Started model main.player_features
02:01:16.692463 [debug]: Started rendering model main.player_features
02:01:16.692499 [info ]: Started model main.stg_players
02:01:16.692505 [debug]: Started rendering model main.stg_players
02:01:16.692531 [info ]: Finished loading project [  0.09s]
02:01:16.693239 [debug]: Compiled SQL for node model.soccer_analytics.player_features at target\.lsp\compiled\soccer_analytics\models\marts\player_features.sql
02:01:16.693348 [debug]: Compiled SQL for node model.soccer_analytics.stg_players at target\.lsp\compiled\soccer_analytics\models\staging\stg_players.sql
02:01:16.693421 [debug]: Finished rendering [  0.00s] model main.player_features [success]
02:01:16.693455 [info ]: Started analyzing (2 nodes)
02:01:16.693460 [debug]: Started analyzing model main.player_features
02:01:16.693480 [debug]: Finished rendering [  0.00s] model main.stg_players [success]
02:01:16.693485 [info ]: Finished rendering [  0.00s] (2 nodes, 0 skipped, 0 errors)
02:01:16.693491 [debug]: Started analyzing model main.stg_players
02:01:16.693909 [debug]: Finished analyzing [  0.00s] model main.player_features [success]
02:01:16.693922 [info ]:  Succeeded [-------] model main.player_features (table)
02:01:16.694475 [debug]: Finished analyzing [  0.00s] model main.stg_players [success]
02:01:16.694494 [info ]: Finished analyzing [  0.00s] (2 nodes, 0 skipped, 0 errors)
02:01:16.694501 [info ]:  Succeeded [-------] model main.stg_players (view)
02:01:16.698570 [info ]: Started scheduling
02:01:16.698631 [info ]: Finished scheduling [  0.00s]
02:01:16.698719 [info ]: 
==================== Execution Summary =====================
Finished 'compile' successfully for target 'dev' [99ms]
Processed: 2 models
Summary: 2 total | 2 success
02:01:16.699352 [info ]: Cached model count updated: 2 models (accurate)
==================== 2026-09-04T02:01:24.187144Z | 083caeff-cc5d-45c3-8f79-4ae2964700ad ====================
02:01:24.187340 [info ]: Started loading project
02:01:24.188913 [info ]: Loading profiles.yml
==================== 2026-09-04T02:01:24.202728Z | 6ee103e4-dccc-49a8-9da9-1af1bb90c2e1 ====================
02:01:24.202789 [info ]: Started loading project
02:01:24.203527 [info ]: Loading profiles.yml
02:01:24.203594 [info ]: Finished loading project [  0.02s]
02:01:24.244489 [info ]:    Started resolving packages from packages.yml
02:01:26.481858 [info ]:     Failed [  2.24s] resolving packages from packages.yml (error: Operation cancelled)
02:01:26.484375 [info ]: Finished loading project [  2.28s]
02:01:26.484460 [info ]: 
==================== Execution Summary =====================
Finished 'compile' successfully [2.3s]
02:01:26.484520 [info ]: 
==================== Execution Summary =====================
Finished 'compile' successfully for target 'dev' [2.3s]
==================== 2026-09-04T02:01:26.575528Z | b1e182ba-0c01-49d0-99a7-0e805c4764b1 ====================
02:01:26.575609 [info ]: Started loading project
02:01:26.576081 [info ]: Loading profiles.yml
02:01:26.580575 [info ]:    Started resolving packages from packages.yml
02:01:27.544135 [info ]:     Failed [  0.96s] resolving packages from packages.yml (error: Failed to get index from https://hub.getdbt.com/api/v1/index.json; status: Request failed after 3 retries)
02:01:27.544323 [info ]: Finished loading project [  0.97s]
02:01:27.545329 [error]: [RuntimeError (dbt8999)]: Failed to get index from https://hub.getdbt.com/api/v1/index.json; status: Request failed after 3 retries
02:01:27.547822 [info ]: 
==================== Execution Summary =====================
Finished 'compile' with 1 error [972ms]
==================== 2026-09-04T02:02:09.516658Z | 1d6ad565-1458-4b79-ae62-d0a4ba0c79a0 ====================
02:02:09.516717 [info ]: Started loading project
02:02:09.517181 [info ]: Loading profiles.yml
02:02:09.522545 [info ]:    Started resolving packages from packages.yml
02:02:11.074897 [info ]:   Finished [  1.55s] resolving packages from packages.yml (1 items)
02:02:11.078006 [debug]:    Started loading packages
02:02:11.098180 [debug]:     Loaded [  0.02s] packages
02:02:11.098969 [info ]: Finished loading project [  1.58s]
02:02:11.103434 [info ]: Started parsing
02:02:11.190977 [debug]: Finished parsing models/schema.yml [  0.01s]
02:02:11.227470 [debug]: Finished parsing models/marts/player_features.sql [  0.02s]
02:02:11.235988 [debug]: Finished parsing models/staging/stg_players.sql [  0.01s]
02:02:11.246152 [debug]: Finished parsing tests/player_features_metrics.sql [  0.00s]
02:02:11.247536 [debug]: Finished parsing tests/stg_players_scope.sql [  0.00s]
02:02:11.456822 [info ]: Finished parsing [  0.35s]
02:02:11.459712 [info ]: Cached model count updated: 2 models (estimate)
02:02:11.459738 [info ]: Cached model count updated: 2 models (accurate)
02:02:11.459962 [info ]: Started scheduling
02:02:11.461679 [info ]: Finished scheduling [  0.00s]
02:02:11.461737 [debug]: Compilation - 0 nodes selected: {}
02:02:11.462942 [warn ]: [NoNodesForSelectionCriteria (dbt1092)]: The selection criterion '+source:soccer_analytics.raw.players_raw__statistics +source:soccer_analytics.raw.players_raw' does not match any enabled nodes
02:02:11.463694 [warn ]: [NoNodesSelected (dbt1601)]: Nothing to do. Try checking your model configs and model specification args
02:02:11.463823 [info ]: Started scheduling
02:02:11.463893 [info ]: Finished scheduling [  0.00s]
02:02:11.466466 [debug]: Initializing schema store with entry: Frontier(CanonicalFqn { catalog: "api_sports", schema: "soccer_analytics_data", table: "players_raw__statistics" }) and interval: None
02:02:11.466788 [debug]: Initializing schema store with entry: Frontier(CanonicalFqn { catalog: "api_sports", schema: "soccer_analytics_data", table: "players_raw" }) and interval: None
02:02:11.501092 [info ]: Started building task graph
02:02:11.501134 [info ]: Finished building task graph [  0.00s]
02:02:11.512214 [info ]: Started scheduling
02:02:11.512274 [info ]: Finished scheduling [  0.00s]
02:02:11.513935 [info ]: 
==================== Execution Summary =====================
Finished 'compile' with 2 warnings for target 'dev' [2.0s]
02:02:11.514042 [info ]: Cached model count updated: 2 models (accurate)
==================== 2026-09-04T02:02:11.859463Z | 62e4dc5b-a902-4fac-b848-96f69663acea ====================
02:02:11.859546 [info ]: Started loading project
02:02:11.860250 [info ]: Loading profiles.yml
02:02:11.884773 [info ]: Cached model count updated: 2 models (estimate)
02:02:11.884800 [info ]: Cached model count updated: 2 models (accurate)
02:02:11.884834 [info ]: Started scheduling
02:02:11.885775 [info ]: Finished scheduling [  0.00s]
02:02:11.885799 [debug]: Compilation - 1 nodes selected: {"model.soccer_analytics.stg_players"}
02:02:11.922592 [info ]: Started building task graph
02:02:11.922679 [info ]: Finished building task graph [  0.00s]
02:02:11.928841 [info ]: Started rendering (1 nodes)
02:02:11.928878 [info ]: Started model main.stg_players
02:02:11.928888 [debug]: Started rendering model main.stg_players
02:02:11.928946 [info ]: Finished loading project [  0.07s]
02:02:11.972843 [debug]: Compiled SQL for node model.soccer_analytics.stg_players at target\.lsp\compiled\soccer_analytics\models\staging\stg_players.sql
02:02:11.973190 [debug]: Finished rendering [  0.04s] model main.stg_players [success]
02:02:11.973221 [info ]: Finished rendering [  0.04s] (1 nodes, 0 skipped, 0 errors)
02:02:11.973252 [info ]: Started analyzing (1 nodes)
02:02:11.973261 [debug]: Started analyzing model main.stg_players
02:02:11.975448 [debug]: Finished analyzing [  0.00s] model main.stg_players [success]
02:02:11.975482 [info ]: Finished analyzing [  0.00s] (1 nodes, 0 skipped, 0 errors)
02:02:11.975493 [info ]:  Succeeded [  0.05s] model main.stg_players (view)
02:02:11.980046 [info ]: Started scheduling
02:02:11.980115 [info ]: Finished scheduling [  0.00s]
02:02:11.980251 [info ]: 
==================== Execution Summary =====================
Finished 'compile' successfully for target 'dev' [120ms]
Processed: 1 model
Summary: 1 total | 1 success
02:02:11.980342 [info ]: Cached model count updated: 2 models (accurate)
==================== 2026-09-04T02:02:13.547672Z | ac732217-df1f-4a08-86bd-d40ff9d7c467 ====================
02:02:13.547841 [info ]: Started loading project
02:02:13.548722 [info ]: Loading profiles.yml
02:02:13.588786 [info ]: Cached model count updated: 2 models (estimate)
02:02:13.588816 [info ]: Cached model count updated: 2 models (accurate)
02:02:13.588852 [info ]: Started scheduling
02:02:13.588916 [info ]: Finished scheduling [  0.00s]
02:02:13.588933 [debug]: Compilation - 2 nodes selected: {"model.soccer_analytics.player_features", "model.soccer_analytics.stg_players"}
02:02:13.625806 [info ]: Started building task graph
02:02:13.625871 [info ]: Finished building task graph [  0.00s]
02:02:13.633903 [info ]: Started rendering (2 nodes)
02:02:13.633948 [info ]: Started model main.player_features
02:02:13.633969 [debug]: Started rendering model main.player_features
02:02:13.634003 [info ]: Started model main.stg_players
02:02:13.634012 [debug]: Started rendering model main.stg_players
02:02:13.634042 [info ]: Finished loading project [  0.09s]
02:02:13.634832 [debug]: Compiled SQL for node model.soccer_analytics.stg_players at target\.lsp\compiled\soccer_analytics\models\staging\stg_players.sql
02:02:13.634979 [debug]: Finished rendering [  0.00s] model main.stg_players [success]
02:02:13.635008 [info ]: Started analyzing (2 nodes)
02:02:13.635016 [debug]: Started analyzing model main.stg_players
02:02:13.636863 [debug]: Finished analyzing [  0.00s] model main.stg_players [success]
02:02:13.636890 [info ]:  Succeeded [  0.00s] model main.stg_players (view)
02:02:13.638070 [debug]: Compiled SQL for node model.soccer_analytics.player_features at target\.lsp\compiled\soccer_analytics\models\marts\player_features.sql
02:02:13.639016 [debug]: Finished rendering [  0.01s] model main.player_features [success]
02:02:13.639509 [info ]: Finished rendering [  0.01s] (2 nodes, 0 skipped, 0 errors)
02:02:13.639555 [debug]: Started analyzing model main.player_features
02:02:13.639998 [debug]: Finished analyzing [  0.00s] model main.player_features [success]
02:02:13.640021 [info ]: Finished analyzing [  0.01s] (2 nodes, 0 skipped, 0 errors)
02:02:13.640031 [info ]:  Succeeded [  0.01s] model main.player_features (table)
02:02:13.644891 [info ]: Started scheduling
02:02:13.644957 [info ]: Finished scheduling [  0.00s]
02:02:13.645036 [info ]: 
==================== Execution Summary =====================
Finished 'compile' successfully for target 'dev' [97ms]
Processed: 2 models
Summary: 2 total | 2 success
02:02:13.645225 [info ]: Cached model count updated: 2 models (accurate)
==================== 2026-09-04T02:03:43.805310Z | 1f7572f2-7ff4-4b9d-861d-bfb96deabc0a ====================
02:03:43.805419 [info ]: Started loading project
02:03:43.805979 [info ]: Loading profiles.yml
02:03:43.829410 [info ]: Started parsing
02:03:43.874683 [info ]: Finished loading project [  0.07s]
02:03:43.879563 [debug]: Finished parsing models/schema.yml [  0.00s]
02:03:43.882685 [debug]: Finished parsing models/marts/player_features.sql [  0.00s]
02:03:43.883478 [debug]: Finished parsing models/staging/stg_players.sql [  0.00s]
02:03:44.044576 [info ]: Finished parsing [  0.22s]
02:03:44.048077 [info ]: Cached model count updated: 2 models (estimate)
02:03:44.048102 [info ]: Cached model count updated: 2 models (accurate)
02:03:44.048135 [info ]: Started scheduling
02:03:44.048230 [info ]: Finished scheduling [  0.00s]
02:03:44.048247 [debug]: Compilation - 2 nodes selected: {"model.soccer_analytics.player_features", "model.soccer_analytics.stg_players"}
02:03:44.082593 [info ]: Started building task graph
02:03:44.082662 [info ]: Finished building task graph [  0.00s]
02:03:44.088841 [info ]: Started rendering (2 nodes)
02:03:44.088877 [info ]: Started model main.player_features
02:03:44.088887 [debug]: Started rendering model main.player_features
02:03:44.088913 [info ]: Started model main.stg_players
02:03:44.088917 [debug]: Started rendering model main.stg_players
02:03:44.090425 [debug]: Compiled SQL for node model.soccer_analytics.player_features at target\.lsp\compiled\soccer_analytics\models\marts\player_features.sql
02:03:44.090553 [debug]: Finished rendering [  0.00s] model main.player_features [success]
02:03:44.090589 [info ]: Started analyzing (2 nodes)
02:03:44.090597 [debug]: Started analyzing model main.player_features
02:03:44.091033 [debug]: Finished analyzing [  0.00s] model main.player_features [success]
02:03:44.091048 [info ]:  Succeeded [  0.00s] model main.player_features (table)
02:03:44.092675 [debug]: Compiled SQL for node model.soccer_analytics.stg_players at target\.lsp\compiled\soccer_analytics\models\staging\stg_players.sql
02:03:44.092816 [debug]: Finished rendering [  0.00s] model main.stg_players [success]
02:03:44.092836 [info ]: Finished rendering [  0.00s] (2 nodes, 0 skipped, 0 errors)
02:03:44.092854 [debug]: Started analyzing model main.stg_players
02:03:44.093757 [debug]: Finished analyzing [  0.00s] model main.stg_players [success]
02:03:44.093771 [info ]: Finished analyzing [  0.00s] (2 nodes, 0 skipped, 0 errors)
02:03:44.093777 [info ]:  Succeeded [  0.00s] model main.stg_players (view)
02:03:44.099573 [info ]: Started scheduling
02:03:44.099681 [info ]: Finished scheduling [  0.00s]
02:03:44.100174 [info ]: 
==================== Execution Summary =====================
Finished 'compile' successfully for target 'dev' [294ms]
Processed: 2 models
Summary: 2 total | 2 success
02:03:44.100252 [info ]: Cached model count updated: 2 models (accurate)
==================== 2026-09-04T02:03:45.660293Z | 119e0482-71a0-4952-b89c-aec9a75277a6 ====================
02:03:45.660364 [info ]: Started loading project
02:03:45.660807 [info ]: Loading profiles.yml
02:03:45.686919 [info ]: Cached model count updated: 2 models (estimate)
02:03:45.686947 [info ]: Cached model count updated: 2 models (accurate)
02:03:45.687004 [info ]: Started scheduling
02:03:45.687070 [info ]: Finished scheduling [  0.00s]
02:03:45.687089 [debug]: Compilation - 2 nodes selected: {"model.soccer_analytics.player_features", "model.soccer_analytics.stg_players"}
02:03:45.728487 [info ]: Started building task graph
02:03:45.728607 [info ]: Finished building task graph [  0.00s]
02:03:45.735784 [info ]: Started rendering (2 nodes)
02:03:45.735846 [info ]: Started model main.player_features
02:03:45.735893 [debug]: Started rendering model main.player_features
02:03:45.735946 [info ]: Started model main.stg_players
02:03:45.735968 [info ]: Finished loading project [  0.08s]
02:03:45.735987 [debug]: Started rendering model main.stg_players
02:03:45.736662 [debug]: Compiled SQL for node model.soccer_analytics.player_features at target\.lsp\compiled\soccer_analytics\models\marts\player_features.sql
02:03:45.736892 [debug]: Finished rendering [  0.00s] model main.player_features [success]
02:03:45.737120 [info ]: Started analyzing (2 nodes)
02:03:45.737216 [debug]: Compiled SQL for node model.soccer_analytics.stg_players at target\.lsp\compiled\soccer_analytics\models\staging\stg_players.sql
02:03:45.737517 [debug]: Started analyzing model main.player_features
02:03:45.737573 [debug]: Finished rendering [  0.00s] model main.stg_players [success]
02:03:45.737605 [info ]: Finished rendering [  0.00s] (2 nodes, 0 skipped, 0 errors)
02:03:45.737630 [debug]: Started analyzing model main.stg_players
02:03:45.737889 [debug]: Finished analyzing [  0.00s] model main.player_features [success]
02:03:45.737906 [info ]:  Succeeded [-------] model main.player_features (table)
02:03:45.739210 [debug]: Finished analyzing [  0.00s] model main.stg_players [success]
02:03:45.739242 [info ]: Finished analyzing [  0.00s] (2 nodes, 0 skipped, 0 errors)
02:03:45.739250 [info ]:  Succeeded [  0.00s] model main.stg_players (view)
02:03:45.745551 [info ]: Started scheduling
02:03:45.745614 [info ]: Finished scheduling [  0.00s]
02:03:45.745984 [info ]: 
==================== Execution Summary =====================
Finished 'compile' successfully for target 'dev' [85ms]
Processed: 2 models
Summary: 2 total | 2 success
02:03:45.747514 [info ]: Cached model count updated: 2 models (accurate)
==================== 2026-09-04T02:05:58.382186Z | 6fafade5-8d18-444f-a264-7609ab3c7a55 ====================
02:05:58.382250 [info ]: 
==================== Execution Summary =====================
Finished 'compile' successfully [64us]
02:05:58.382330 [info ]: Cached model count updated: 2 models (accurate)
02:05:58.382779 [info ]: Waiting for lease on 'target' directory
==================== 2026-09-04T02:05:58.536591Z | 58dadf62-0ead-44c1-8ac4-caa4a7e92a93 ====================
02:05:58.536717 [info ]: Started loading project
02:05:58.537666 [info ]: Loading profiles.yml
==================== 2026-09-04T02:05:58.545967Z | f9e05f10-4bd6-4c85-8f2a-2a8f42835234 ====================
02:05:58.546019 [info ]: Started loading project
02:05:58.546464 [info ]: Loading profiles.yml
02:05:58.546571 [info ]: Finished loading project [  0.01s]
02:05:58.551395 [info ]:    Started resolving packages from packages.yml
02:06:02.401860 [info ]:     Failed [  3.85s] resolving packages from packages.yml (error: Failed to get index from https://hub.getdbt.com/api/v1/index.json; status: Request failed after 3 retries)
02:06:02.402147 [info ]: Finished loading project [  3.86s]
02:06:02.402251 [error]: [RuntimeError (dbt8999)]: Failed to get index from https://hub.getdbt.com/api/v1/index.json; status: Request failed after 3 retries
02:06:02.402492 [info ]: 
==================== Execution Summary =====================
Finished 'compile' with 1 error [3.9s]
02:06:02.402645 [info ]: 
==================== Execution Summary =====================
Finished 'compile' successfully for target 'dev' [3.9s]
==================== 2026-09-04T02:18:09.219614Z | dfdea3c8-a0bb-42f7-974b-378eefd710f2 ====================
02:18:09.222940 [info ]: 
==================== Execution Summary =====================
Finished 'compile' successfully [3ms]
==================== 2026-09-04T02:18:09.283997Z | babfc8ed-4905-4a3a-b680-78528701d1c7 ====================
02:18:09.284926 [info ]: Started loading project
02:18:09.295709 [info ]: Loading profiles.yml
02:18:09.319982 [info ]:    Started resolving packages from packages.yml
02:18:09.475113 [info ]:   Finished [  0.16s] resolving packages from packages.yml (1 items)
02:18:09.476421 [debug]:    Started loading packages
02:18:09.491238 [debug]:     Loaded [  0.01s] packages
02:18:09.496914 [info ]: Finished loading project [  0.21s]
02:18:09.498855 [info ]: Started parsing
02:18:09.646426 [debug]: Finished parsing models/schema.yml [  0.00s]
02:18:09.657074 [debug]: Finished parsing models/marts/player_features.sql [  0.01s]
02:18:09.661551 [debug]: Finished parsing models/staging/stg_players.sql [  0.00s]
02:18:09.666047 [debug]: Finished parsing tests/player_features_metrics.sql [  0.00s]
02:18:09.668117 [debug]: Finished parsing tests/stg_players_scope.sql [  0.00s]
02:18:09.843931 [info ]: Finished parsing [  0.35s]
02:18:09.845652 [info ]: Cached model count updated: 2 models (estimate)
02:18:09.845682 [info ]: Cached model count updated: 2 models (accurate)
02:18:09.846669 [info ]: Started scheduling
02:18:09.848060 [info ]: Finished scheduling [  0.00s]
02:18:09.848307 [debug]: Compilation - 2 nodes selected: {"model.soccer_analytics.player_features", "model.soccer_analytics.stg_players"}
02:18:09.848994 [info ]: Started scheduling
02:18:09.849047 [info ]: Finished scheduling [  0.00s]
02:18:09.850890 [debug]: Initializing schema store with entry: Frontier(CanonicalFqn { catalog: "api_sports", schema: "soccer_analytics_data", table: "players_raw" }) and interval: None
02:18:09.850932 [debug]: Initializing schema store with entry: Frontier(CanonicalFqn { catalog: "api_sports", schema: "soccer_analytics_data", table: "players_raw__statistics" }) and interval: None
02:18:09.918382 [info ]: Started building task graph
02:18:09.922229 [info ]: Finished building task graph [  0.00s]
02:18:10.020163 [info ]: Started rendering (2 nodes)
02:18:10.020205 [info ]: Started model main.player_features
02:18:10.020359 [debug]: Started rendering model main.player_features
02:18:10.020620 [info ]: Started model main.stg_players
02:18:10.020629 [debug]: Started rendering model main.stg_players
02:18:10.026707 [debug]: Compiled SQL for node model.soccer_analytics.player_features at target\.lsp\compiled\soccer_analytics\models\marts\player_features.sql
02:18:10.028868 [debug]: Finished rendering [  0.01s] model main.player_features [success]
02:18:10.029816 [info ]: Started analyzing (2 nodes)
02:18:10.029863 [debug]: Started analyzing model main.player_features
02:18:10.037166 [debug]: Compiled SQL for node model.soccer_analytics.stg_players at target\.lsp\compiled\soccer_analytics\models\staging\stg_players.sql
02:18:10.037391 [debug]: Finished rendering [  0.02s] model main.stg_players [success]
02:18:10.037416 [info ]: Finished rendering [  0.02s] (2 nodes, 0 skipped, 0 errors)
02:18:10.037436 [debug]: Started analyzing model main.stg_players
02:18:10.044337 [debug]: Finished analyzing [  0.01s] model main.player_features [success]
02:18:10.044373 [info ]:  Succeeded [  0.02s] model main.player_features (table)
02:18:10.046163 [debug]: Finished analyzing [  0.01s] model main.stg_players [success]
02:18:10.046194 [info ]: Finished analyzing [  0.02s] (2 nodes, 0 skipped, 0 errors)
02:18:10.046205 [info ]:  Succeeded [  0.02s] model main.stg_players (view)
02:18:10.052872 [info ]: Started scheduling
02:18:10.052939 [info ]: Finished scheduling [  0.00s]
02:18:10.053706 [info ]: 
==================== Execution Summary =====================
Finished 'compile' successfully for target 'dev' [769ms]
Processed: 2 models
Summary: 2 total | 2 success
02:18:10.053998 [info ]: Cached model count updated: 2 models (accurate)
==================== 2026-09-04T02:18:11.613585Z | a7b964d5-ddb6-4aae-b128-16130312c8f6 ====================
02:18:11.613736 [info ]: Started loading project
02:18:11.614988 [info ]: Loading profiles.yml
02:18:11.649822 [info ]: Cached model count updated: 2 models (estimate)
02:18:11.649849 [info ]: Cached model count updated: 2 models (accurate)
02:18:11.649882 [info ]: Started scheduling
02:18:11.649968 [info ]: Finished scheduling [  0.00s]
02:18:11.649985 [debug]: Compilation - 2 nodes selected: {"model.soccer_analytics.player_features", "model.soccer_analytics.stg_players"}
02:18:11.691184 [info ]: Started building task graph
02:18:11.691304 [info ]: Finished building task graph [  0.00s]
02:18:11.764841 [info ]: Started rendering (2 nodes)
02:18:11.764878 [info ]: Started model main.player_features
02:18:11.764888 [debug]: Started rendering model main.player_features
02:18:11.764911 [info ]: Started model main.stg_players
02:18:11.764914 [debug]: Started rendering model main.stg_players
02:18:11.764950 [info ]: Finished loading project [  0.15s]
02:18:11.765316 [debug]: Compiled SQL for node model.soccer_analytics.player_features at target\.lsp\compiled\soccer_analytics\models\marts\player_features.sql
02:18:11.765426 [debug]: Finished rendering [  0.00s] model main.player_features [success]
02:18:11.765452 [info ]: Started analyzing (2 nodes)
02:18:11.765458 [debug]: Started analyzing model main.player_features
02:18:11.765676 [debug]: Compiled SQL for node model.soccer_analytics.stg_players at target\.lsp\compiled\soccer_analytics\models\staging\stg_players.sql
02:18:11.765760 [debug]: Finished analyzing [  0.00s] model main.player_features [success]
02:18:11.765773 [info ]:  Succeeded [-------] model main.player_features (table)
02:18:11.765792 [debug]: Finished rendering [  0.00s] model main.stg_players [success]
02:18:11.765797 [info ]: Finished rendering [  0.00s] (2 nodes, 0 skipped, 0 errors)
02:18:11.765803 [debug]: Started analyzing model main.stg_players
02:18:11.767881 [debug]: Finished analyzing [  0.00s] model main.stg_players [success]
02:18:11.767911 [info ]: Finished analyzing [  0.00s] (2 nodes, 0 skipped, 0 errors)
02:18:11.767918 [info ]:  Succeeded [  0.00s] model main.stg_players (view)
02:18:11.771960 [info ]: Started scheduling
02:18:11.772024 [info ]: Finished scheduling [  0.00s]
02:18:11.772201 [info ]: 
==================== Execution Summary =====================
Finished 'compile' successfully for target 'dev' [158ms]
Processed: 2 models
Summary: 2 total | 2 success
02:18:11.772444 [info ]: Cached model count updated: 2 models (accurate)
==================== 2026-09-04T02:53:48.836557Z | 439d527a-86fb-40e5-a068-a904953b73da ====================
02:53:48.842635 [info ]: 
==================== Execution Summary =====================
Finished 'compile' successfully [6ms]
02:53:48.849118 [info ]: Cached model count updated: 2 models (accurate)
==================== 2026-09-04T02:53:48.899937Z | fde5d250-a50b-40f4-9726-1d83e11959e1 ====================
02:53:48.904532 [info ]: Started loading project
02:53:48.933067 [info ]: Loading profiles.yml
==================== 2026-09-04T02:53:49.023458Z | 235e1939-2f3c-4d81-997d-e0aba0603706 ====================
02:53:49.023549 [info ]: Started loading project
02:53:49.024144 [info ]: Loading profiles.yml
02:53:49.024809 [info ]: Finished loading project [  0.12s]
02:53:49.053345 [info ]:    Started resolving packages from packages.yml
02:53:49.374293 [info ]:   Finished [  0.32s] resolving packages from packages.yml (1 items)
02:53:49.377494 [debug]:    Started loading packages
02:53:49.394732 [debug]:     Loaded [  0.02s] packages
02:53:49.395603 [info ]: Finished loading project [  0.37s]
02:53:49.398324 [info ]: Started parsing
02:53:49.544740 [debug]: Finished parsing models/schema.yml [  0.02s]
02:53:49.576929 [debug]: Finished parsing models/marts/player_features.sql [  0.02s]
02:53:49.584752 [debug]: Finished parsing models/staging/stg_players.sql [  0.01s]
02:53:49.591496 [debug]: Finished parsing tests/player_features_metrics.sql [  0.00s]
02:53:49.592014 [debug]: Finished parsing tests/stg_players_scope.sql [  0.00s]
02:53:49.762090 [info ]: Finished parsing [  0.36s]
02:53:49.765460 [info ]: Cached model count updated: 2 models (estimate)
02:53:49.765506 [info ]: Cached model count updated: 2 models (accurate)
02:53:49.767620 [info ]: Started scheduling
02:53:49.769411 [info ]: Finished scheduling [  0.00s]
02:53:49.769980 [debug]: Compilation - 1 nodes selected: {"model.soccer_analytics.stg_players"}
02:53:49.770942 [info ]: Started scheduling
02:53:49.771239 [info ]: Finished scheduling [  0.00s]
02:53:49.774292 [debug]: Initializing schema store with entry: Frontier(CanonicalFqn { catalog: "api_sports", schema: "soccer_analytics_data", table: "players_raw" }) and interval: None
02:53:49.774355 [debug]: Initializing schema store with entry: Frontier(CanonicalFqn { catalog: "api_sports", schema: "soccer_analytics_data", table: "players_raw__statistics" }) and interval: None
02:53:49.838088 [info ]: Started building task graph
02:53:49.843659 [info ]: Finished building task graph [  0.01s]
02:53:50.475551 [info ]: Started rendering (1 nodes)
02:53:50.476062 [info ]: Started model main.stg_players
02:53:50.476089 [debug]: Started rendering model main.stg_players
02:53:50.522836 [debug]: Compiled SQL for node model.soccer_analytics.stg_players at target\.lsp\compiled\soccer_analytics\models\staging\stg_players.sql
02:53:50.524843 [debug]: Finished rendering [  0.05s] model main.stg_players [success]
02:53:50.524972 [info ]: Finished rendering [  0.05s] (1 nodes, 0 skipped, 0 errors)
02:53:50.525839 [info ]: Started analyzing (1 nodes)
02:53:50.525881 [debug]: Started analyzing model main.stg_players
02:53:50.550929 [debug]: Finished analyzing [  0.03s] model main.stg_players [success]
02:53:50.550968 [info ]: Finished analyzing [  0.03s] (1 nodes, 0 skipped, 0 errors)
02:53:50.550977 [info ]:  Succeeded [  0.07s] model main.stg_players (view)
02:53:50.562596 [info ]: Started scheduling
02:53:50.562674 [info ]: Finished scheduling [  0.00s]
02:53:50.562953 [info ]: 
==================== Execution Summary =====================
Finished 'compile' successfully for target 'dev' [1.5s]
Processed: 1 model
Summary: 1 total | 1 success
02:53:50.563298 [info ]: 
==================== Execution Summary =====================
Finished 'compile' successfully for target 'dev' [1.7s]
02:53:50.563357 [info ]: Cached model count updated: 2 models (accurate)
==================== 2026-09-04T02:53:52.139148Z | bb0892cf-da13-441b-9270-6f28f8c2ee13 ====================
02:53:52.139705 [info ]: Started loading project
02:53:52.141467 [info ]: Loading profiles.yml
02:53:52.180960 [info ]: Cached model count updated: 2 models (estimate)
02:53:52.181003 [info ]: Cached model count updated: 2 models (accurate)
02:53:52.181293 [info ]: Started scheduling
02:53:52.181413 [info ]: Finished scheduling [  0.00s]
02:53:52.181448 [debug]: Compilation - 2 nodes selected: {"model.soccer_analytics.player_features", "model.soccer_analytics.stg_players"}
02:53:52.220016 [info ]: Started building task graph
02:53:52.220105 [info ]: Finished building task graph [  0.00s]
02:53:52.298644 [info ]: Started rendering (2 nodes)
02:53:52.298705 [info ]: Started model main.player_features
02:53:52.298720 [debug]: Started rendering model main.player_features
02:53:52.298780 [info ]: Started model main.stg_players
02:53:52.298787 [debug]: Started rendering model main.stg_players
02:53:52.298819 [info ]: Finished loading project [  0.16s]
02:53:52.299922 [debug]: Compiled SQL for node model.soccer_analytics.stg_players at target\.lsp\compiled\soccer_analytics\models\staging\stg_players.sql
02:53:52.300070 [debug]: Finished rendering [  0.00s] model main.stg_players [success]
02:53:52.300110 [info ]: Started analyzing (2 nodes)
02:53:52.300118 [debug]: Started analyzing model main.stg_players
02:53:52.300716 [debug]: Compiled SQL for node model.soccer_analytics.player_features at target\.lsp\compiled\soccer_analytics\models\marts\player_features.sql
02:53:52.300847 [debug]: Finished rendering [  0.00s] model main.player_features [success]
02:53:52.300863 [info ]: Finished rendering [  0.00s] (2 nodes, 0 skipped, 0 errors)
02:53:52.300879 [debug]: Started analyzing model main.player_features
02:53:52.301457 [debug]: Finished analyzing [  0.00s] model main.player_features [success]
02:53:52.301475 [info ]:  Succeeded [  0.00s] model main.player_features (table)
02:53:52.301622 [debug]: Finished analyzing [  0.00s] model main.stg_players [success]
02:53:52.301639 [info ]: Finished analyzing [  0.00s] (2 nodes, 0 skipped, 0 errors)
02:53:52.301644 [info ]:  Succeeded [  0.00s] model main.stg_players (view)
02:53:52.306084 [info ]: Started scheduling
02:53:52.306178 [info ]: Finished scheduling [  0.00s]
02:53:52.306399 [info ]: 
==================== Execution Summary =====================
Finished 'compile' successfully for target 'dev' [167ms]
Processed: 2 models
Summary: 2 total | 2 success
02:53:52.307189 [info ]: Cached model count updated: 2 models (accurate)
==================== 2026-09-04T02:54:00.035733Z | a21e789e-df15-4a0f-b6d3-c4c8728a88bf ====================
02:54:00.035828 [info ]: Started loading project
02:54:00.036275 [info ]: Loading profiles.yml
02:54:00.082646 [info ]: Cached model count updated: 2 models (accurate)
02:54:00.083089 [info ]: Finished loading project [  0.05s]
02:54:00.083112 [info ]: 
==================== Execution Summary =====================
Finished 'compile' successfully for target 'dev' [47ms]
==================== 2026-09-04T02:54:01.641908Z | cd28431a-1021-4e38-8017-bf0ef28853f0 ====================
02:54:01.641979 [info ]: Started loading project
02:54:01.642450 [info ]: Loading profiles.yml
02:54:01.668030 [info ]: Cached model count updated: 2 models (estimate)
02:54:01.668060 [info ]: Cached model count updated: 2 models (accurate)
02:54:01.668099 [info ]: Started scheduling
02:54:01.668177 [info ]: Finished scheduling [  0.00s]
02:54:01.668200 [debug]: Compilation - 2 nodes selected: {"model.soccer_analytics.player_features", "model.soccer_analytics.stg_players"}
02:54:01.707251 [info ]: Started building task graph
02:54:01.707330 [info ]: Finished building task graph [  0.00s]
02:54:01.794147 [info ]: Started rendering (2 nodes)
02:54:01.794185 [info ]: Started model main.player_features
02:54:01.794196 [debug]: Started rendering model main.player_features
02:54:01.794224 [info ]: Started model main.stg_players
02:54:01.794231 [debug]: Started rendering model main.stg_players
02:54:01.794261 [info ]: Finished loading project [  0.15s]
02:54:01.794752 [debug]: Compiled SQL for node model.soccer_analytics.stg_players at target\.lsp\compiled\soccer_analytics\models\staging\stg_players.sql
02:54:01.794847 [info ]: Started analyzing (2 nodes)
02:54:01.794857 [debug]: Started analyzing model main.stg_players
02:54:01.794924 [debug]: Finished rendering [  0.00s] model main.stg_players [success]
02:54:01.795545 [debug]: Compiled SQL for node model.soccer_analytics.player_features at target\.lsp\compiled\soccer_analytics\models\marts\player_features.sql
02:54:01.795711 [debug]: Finished rendering [  0.00s] model main.player_features [success]
02:54:01.795739 [info ]: Finished rendering [  0.00s] (2 nodes, 0 skipped, 0 errors)
02:54:01.795799 [debug]: Started analyzing model main.player_features
02:54:01.796086 [debug]: Finished analyzing [  0.00s] model main.stg_players [success]
02:54:01.796109 [info ]:  Succeeded [  0.00s] model main.stg_players (view)
02:54:01.796383 [debug]: Finished analyzing [  0.00s] model main.player_features [success]
02:54:01.796602 [info ]: Finished analyzing [  0.00s] (2 nodes, 0 skipped, 0 errors)
02:54:01.796614 [info ]:  Succeeded [  0.00s] model main.player_features (table)
02:54:01.801860 [info ]: Started scheduling
02:54:01.801931 [info ]: Finished scheduling [  0.00s]
02:54:01.802045 [info ]: 
==================== Execution Summary =====================
Finished 'compile' successfully for target 'dev' [160ms]
Processed: 2 models
Summary: 2 total | 2 success
02:54:01.802307 [info ]: Cached model count updated: 2 models (accurate)
02:54:03.189124 [info ]: Loading profiles.yml
==================== 2026-09-04T03:04:03.905442Z | 45d5662b-0048-4ff7-b8a3-ec35e504867b ====================
03:04:03.905618 [info ]: Started loading project
03:04:03.906605 [info ]: Loading profiles.yml
03:04:03.962205 [info ]: Cached model count updated: 2 models (accurate)
03:04:03.962228 [info ]: Finished loading project [  0.06s]
03:04:03.962282 [info ]: 
==================== Execution Summary =====================
Finished 'compile' successfully for target 'dev' [56ms]
==================== 2026-09-04T03:04:05.533217Z | 630b7261-487b-4039-8f59-0efeeaae152c ====================
03:04:05.533340 [info ]: Started loading project
03:04:05.535873 [info ]: Loading profiles.yml
03:04:05.585758 [info ]: Cached model count updated: 2 models (estimate)
03:04:05.585796 [info ]: Cached model count updated: 2 models (accurate)
03:04:05.585839 [info ]: Started scheduling
03:04:05.585944 [info ]: Finished scheduling [  0.00s]
03:04:05.586016 [debug]: Compilation - 2 nodes selected: {"model.soccer_analytics.player_features", "model.soccer_analytics.stg_players"}
03:04:05.668773 [info ]: Started building task graph
03:04:05.668870 [info ]: Finished building task graph [  0.00s]
03:04:05.872934 [info ]: Started rendering (2 nodes)
03:04:05.872985 [info ]: Started model main.player_features
03:04:05.872999 [debug]: Started rendering model main.player_features
03:04:05.873066 [info ]: Finished loading project [  0.34s]
03:04:05.873098 [info ]: Started model main.stg_players
03:04:05.873136 [debug]: Started rendering model main.stg_players
03:04:05.877524 [debug]: Compiled SQL for node model.soccer_analytics.player_features at target\.lsp\compiled\soccer_analytics\models\marts\player_features.sql
03:04:05.877847 [debug]: Finished rendering [  0.00s] model main.player_features [success]
03:04:05.877911 [info ]: Started analyzing (2 nodes)
03:04:05.877922 [debug]: Started analyzing model main.player_features
03:04:05.878787 [debug]: Finished analyzing [  0.00s] model main.player_features [success]
03:04:05.878838 [info ]:  Succeeded [  0.00s] model main.player_features (table)
03:04:05.880319 [debug]: Compiled SQL for node model.soccer_analytics.stg_players at target\.lsp\compiled\soccer_analytics\models\staging\stg_players.sql
03:04:05.880644 [debug]: Finished rendering [  0.01s] model main.stg_players [success]
03:04:05.880758 [info ]: Finished rendering [  0.01s] (2 nodes, 0 skipped, 0 errors)
03:04:05.880932 [debug]: Started analyzing model main.stg_players
03:04:05.883038 [debug]: Finished analyzing [  0.00s] model main.stg_players [success]
03:04:05.883089 [info ]: Finished analyzing [  0.01s] (2 nodes, 0 skipped, 0 errors)
03:04:05.883104 [info ]:  Succeeded [  0.01s] model main.stg_players (view)
03:04:05.891452 [info ]: Started scheduling
03:04:05.891578 [info ]: Finished scheduling [  0.00s]
03:04:05.891758 [info ]: 
==================== Execution Summary =====================
Finished 'compile' successfully for target 'dev' [358ms]
Processed: 2 models
Summary: 2 total | 2 success
03:04:05.895524 [info ]: Cached model count updated: 2 models (accurate)
==================== 2026-09-04T03:16:27.460568Z | 759dcc04-6085-4bec-848c-e5f67a184251 ====================
03:16:27.460878 [info ]: Started loading project
03:16:27.463123 [info ]: Loading profiles.yml
03:16:27.568784 [info ]: Cached model count updated: 2 models (accurate)
03:16:27.568793 [info ]: Finished loading project [  0.11s]
03:16:27.568823 [info ]: 
==================== Execution Summary =====================
Finished 'compile' successfully for target 'dev' [108ms]
==================== 2026-09-04T03:16:29.135561Z | 5760d067-1a12-49ba-8c5f-b8bbb1a97e72 ====================
03:16:29.136063 [info ]: Started loading project
03:16:29.137941 [info ]: Loading profiles.yml
03:16:29.206085 [info ]: Cached model count updated: 2 models (estimate)
03:16:29.206198 [info ]: Cached model count updated: 2 models (accurate)
03:16:29.206310 [info ]: Started scheduling
03:16:29.206429 [info ]: Finished scheduling [  0.00s]
03:16:29.206455 [debug]: Compilation - 2 nodes selected: {"model.soccer_analytics.player_features", "model.soccer_analytics.stg_players"}
03:16:29.308655 [info ]: Started building task graph
03:16:29.308814 [info ]: Finished building task graph [  0.00s]
03:16:29.584965 [info ]: Started rendering (2 nodes)
03:16:29.585024 [info ]: Started model main.player_features
03:16:29.585090 [debug]: Started rendering model main.player_features
03:16:29.585163 [info ]: Started model main.stg_players
03:16:29.585185 [info ]: Finished loading project [  0.45s]
03:16:29.585263 [debug]: Started rendering model main.stg_players
03:16:29.586641 [debug]: Compiled SQL for node model.soccer_analytics.player_features at target\.lsp\compiled\soccer_analytics\models\marts\player_features.sql
03:16:29.587904 [info ]: Started analyzing (2 nodes)
03:16:29.587939 [debug]: Started analyzing model main.player_features
03:16:29.588908 [debug]: Finished rendering [  0.00s] model main.player_features [success]
03:16:29.589477 [debug]: Compiled SQL for node model.soccer_analytics.stg_players at target\.lsp\compiled\soccer_analytics\models\staging\stg_players.sql
03:16:29.590494 [debug]: Finished rendering [  0.01s] model main.stg_players [success]
03:16:29.590541 [info ]: Finished rendering [  0.01s] (2 nodes, 0 skipped, 0 errors)
03:16:29.590583 [debug]: Started analyzing model main.stg_players
03:16:29.591089 [debug]: Finished analyzing [  0.00s] model main.player_features [success]
03:16:29.591176 [info ]:  Succeeded [  0.01s] model main.player_features (table)
03:16:29.593241 [debug]: Finished analyzing [  0.00s] model main.stg_players [success]
03:16:29.593286 [info ]: Finished analyzing [  0.01s] (2 nodes, 0 skipped, 0 errors)
03:16:29.593301 [info ]:  Succeeded [  0.01s] model main.stg_players (view)
03:16:29.602264 [info ]: Started scheduling
03:16:29.602365 [info ]: Finished scheduling [  0.00s]
03:16:29.602562 [info ]: 
==================== Execution Summary =====================
Finished 'compile' successfully for target 'dev' [467ms]
Processed: 2 models
Summary: 2 total | 2 success
03:16:29.606770 [info ]: Cached model count updated: 2 models (accurate)
==================== 2026-09-04T04:07:44.935836Z | 2099a24b-33b3-4abd-a6a0-93b8e9cbfa5b ====================
04:07:44.941116 [info ]: Started loading project
04:07:44.961412 [info ]: Loading profiles.yml
04:07:45.140070 [info ]: Cached model count updated: 2 models (accurate)
04:07:45.139983 [info ]: Finished loading project [  0.20s]
04:07:45.140378 [info ]: 
==================== Execution Summary =====================
Finished 'compile' successfully for target 'dev' [204ms]
==================== 2026-09-04T04:07:45.321831Z | 1e4d5a79-5acc-403d-ae05-81bb393c56c4 ====================
04:07:45.321975 [info ]: Started loading project
04:07:45.323590 [info ]: Loading profiles.yml
04:07:45.353533 [info ]: Cached model count updated: 2 models (accurate)
04:07:45.353589 [info ]: Finished loading project [  0.03s]
04:07:45.353606 [info ]: 
==================== Execution Summary =====================
Finished 'compile' successfully for target 'dev' [31ms]
==================== 2026-09-04T04:07:46.965824Z | 2574eb65-916f-4a72-996e-f97014d9f193 ====================
04:07:46.966328 [info ]: Started loading project
04:07:46.968447 [info ]: Loading profiles.yml
04:07:47.005050 [info ]: Cached model count updated: 2 models (estimate)
04:07:47.005083 [info ]: Cached model count updated: 2 models (accurate)
04:07:47.006646 [info ]: Started scheduling
04:07:47.010483 [info ]: Finished scheduling [  0.00s]
04:07:47.010504 [debug]: Compilation - 2 nodes selected: {"model.soccer_analytics.player_features", "model.soccer_analytics.stg_players"}
04:07:47.080476 [info ]: Started building task graph
04:07:47.086489 [info ]: Finished building task graph [  0.01s]
04:07:47.384873 [info ]: Started rendering (2 nodes)
04:07:47.385718 [info ]: Started model main.player_features
04:07:47.385885 [debug]: Started rendering model main.player_features
04:07:47.386796 [info ]: Started model main.stg_players
04:07:47.386810 [debug]: Started rendering model main.stg_players
04:07:47.386850 [info ]: Finished loading project [  0.42s]
04:07:47.393196 [debug]: Compiled SQL for node model.soccer_analytics.stg_players at target\.lsp\compiled\soccer_analytics\models\staging\stg_players.sql
04:07:47.393158 [debug]: Compiled SQL for node model.soccer_analytics.player_features at target\.lsp\compiled\soccer_analytics\models\marts\player_features.sql
04:07:47.395123 [debug]: Finished rendering [  0.01s] model main.player_features [success]
04:07:47.395824 [info ]: Started analyzing (2 nodes)
04:07:47.395837 [debug]: Started analyzing model main.player_features
04:07:47.396027 [debug]: Finished rendering [  0.01s] model main.stg_players [success]
04:07:47.396043 [info ]: Finished rendering [  0.01s] (2 nodes, 0 skipped, 0 errors)
04:07:47.396055 [debug]: Started analyzing model main.stg_players
04:07:47.416744 [debug]: Finished analyzing [  0.02s] model main.player_features [success]
04:07:47.416783 [info ]:  Succeeded [  0.03s] model main.player_features (table)
04:07:47.416812 [debug]: Finished analyzing [  0.02s] model main.stg_players [success]
04:07:47.416820 [info ]: Finished analyzing [  0.02s] (2 nodes, 0 skipped, 0 errors)
04:07:47.416824 [info ]:  Succeeded [  0.03s] model main.stg_players (view)
04:07:47.429688 [info ]: Started scheduling
04:07:47.430354 [info ]: Finished scheduling [  0.00s]
04:07:47.431667 [info ]: 
==================== Execution Summary =====================
Finished 'compile' successfully for target 'dev' [465ms]
Processed: 2 models
Summary: 2 total | 2 success
04:07:47.433438 [info ]: Cached model count updated: 2 models (accurate)
04:07:47.723344 [info ]: Loading profiles.yml
==================== 2026-09-04T04:19:49.060102Z | ac58f999-105d-42eb-be16-566b3c28deb4 ====================
04:19:49.060328 [info ]: Started loading project
04:19:49.062794 [info ]: Loading profiles.yml
04:19:49.147266 [info ]: Cached model count updated: 2 models (accurate)
04:19:49.147407 [info ]: Finished loading project [  0.09s]
04:19:49.147436 [info ]: 
==================== Execution Summary =====================
Finished 'compile' successfully for target 'dev' [87ms]
==================== 2026-09-04T04:19:50.913408Z | ff258bc4-115b-4f72-826b-96e454bb2862 ====================
04:19:50.913529 [info ]: Started loading project
04:19:50.914668 [info ]: Loading profiles.yml
04:19:50.948320 [info ]: Cached model count updated: 2 models (estimate)
04:19:50.948346 [info ]: Cached model count updated: 2 models (accurate)
04:19:50.948473 [info ]: Started scheduling
04:19:50.948593 [info ]: Finished scheduling [  0.00s]
04:19:50.948614 [debug]: Compilation - 2 nodes selected: {"model.soccer_analytics.player_features", "model.soccer_analytics.stg_players"}
04:19:50.993621 [info ]: Started building task graph
04:19:50.993716 [info ]: Finished building task graph [  0.00s]
04:19:51.303595 [info ]: Started rendering (2 nodes)
04:19:51.303748 [info ]: Started model main.player_features
04:19:51.303768 [debug]: Started rendering model main.player_features
04:19:51.303801 [info ]: Started model main.stg_players
04:19:51.303809 [debug]: Started rendering model main.stg_players
04:19:51.303896 [info ]: Finished loading project [  0.39s]
04:19:51.305418 [debug]: Compiled SQL for node model.soccer_analytics.stg_players at target\.lsp\compiled\soccer_analytics\models\staging\stg_players.sql
04:19:51.305621 [debug]: Finished rendering [  0.00s] model main.stg_players [success]
04:19:51.305670 [info ]: Started analyzing (2 nodes)
04:19:51.305680 [debug]: Started analyzing model main.stg_players
04:19:51.306028 [debug]: Compiled SQL for node model.soccer_analytics.player_features at target\.lsp\compiled\soccer_analytics\models\marts\player_features.sql
04:19:51.306440 [debug]: Finished rendering [  0.00s] model main.player_features [success]
04:19:51.306471 [info ]: Finished rendering [  0.00s] (2 nodes, 0 skipped, 0 errors)
04:19:51.306790 [debug]: Started analyzing model main.player_features
04:19:51.307357 [debug]: Finished analyzing [  0.00s] model main.player_features [success]
04:19:51.307374 [info ]:  Succeeded [  0.00s] model main.player_features (table)
04:19:51.308385 [debug]: Finished analyzing [  0.00s] model main.stg_players [success]
04:19:51.308403 [info ]: Finished analyzing [  0.00s] (2 nodes, 0 skipped, 0 errors)
04:19:51.308410 [info ]:  Succeeded [  0.00s] model main.stg_players (view)
04:19:51.311077 [info ]: Started scheduling
04:19:51.311124 [info ]: Finished scheduling [  0.00s]
04:19:51.311299 [info ]: 
==================== Execution Summary =====================
Finished 'compile' successfully for target 'dev' [397ms]
Processed: 2 models
Summary: 2 total | 2 success
04:19:51.311671 [info ]: Cached model count updated: 2 models (accurate)
==================== 2026-09-04T05:08:22.738176Z | 125eaac3-f529-4ed0-a242-40b091cdc4ba ====================
05:08:22.744990 [info ]: Started loading project
05:08:22.769218 [info ]: Loading profiles.yml
05:08:22.952313 [info ]: Cached model count updated: 2 models (accurate)
05:08:22.952750 [info ]: Finished loading project [  0.21s]
05:08:22.952792 [info ]: 
==================== Execution Summary =====================
Finished 'compile' successfully for target 'dev' [214ms]
==================== 2026-09-04T05:08:23.225355Z | 529f8a7b-a550-483f-9c73-901c41bcd656 ====================
05:08:23.225850 [info ]: Started loading project
05:08:23.227991 [info ]: Loading profiles.yml
05:08:23.313684 [info ]: Finished loading project [  0.09s]
05:08:23.313726 [info ]: 
==================== Execution Summary =====================
Finished 'compile' successfully for target 'dev' [88ms]
05:08:23.313699 [info ]: Cached model count updated: 2 models (accurate)
==================== 2026-09-04T05:08:24.960316Z | c4aaa1a2-3c6c-47bc-a4a7-a67032a8d516 ====================
05:08:24.960436 [info ]: Started loading project
05:08:24.962685 [info ]: Loading profiles.yml
05:08:25.005567 [info ]: Cached model count updated: 2 models (estimate)
05:08:25.005605 [info ]: Cached model count updated: 2 models (accurate)
05:08:25.008125 [info ]: Started scheduling
05:08:25.013119 [info ]: Finished scheduling [  0.00s]
05:08:25.013925 [debug]: Compilation - 2 nodes selected: {"model.soccer_analytics.player_features", "model.soccer_analytics.stg_players"}
05:08:25.130803 [info ]: Started building task graph
05:08:25.133215 [info ]: Finished building task graph [  0.00s]
05:08:25.808341 [info ]: Started rendering (2 nodes)
05:08:25.809413 [info ]: Started model main.player_features
05:08:25.809623 [debug]: Started rendering model main.player_features
05:08:25.809940 [info ]: Finished loading project [  0.85s]
05:08:25.810124 [info ]: Started model main.stg_players
05:08:25.810171 [debug]: Started rendering model main.stg_players
05:08:25.814701 [debug]: Compiled SQL for node model.soccer_analytics.stg_players at target\.lsp\compiled\soccer_analytics\models\staging\stg_players.sql
05:08:25.814701 [debug]: Compiled SQL for node model.soccer_analytics.player_features at target\.lsp\compiled\soccer_analytics\models\marts\player_features.sql
05:08:25.816475 [debug]: Finished rendering [  0.01s] model main.stg_players [success]
05:08:25.816855 [info ]: Started analyzing (2 nodes)
05:08:25.816883 [debug]: Started analyzing model main.stg_players
05:08:25.817240 [debug]: Finished rendering [  0.01s] model main.player_features [success]
05:08:25.817267 [info ]: Finished rendering [  0.01s] (2 nodes, 0 skipped, 0 errors)
05:08:25.817290 [debug]: Started analyzing model main.player_features
05:08:25.826589 [debug]: Finished analyzing [  0.01s] model main.stg_players [success]
05:08:25.826656 [info ]:  Succeeded [  0.01s] model main.stg_players (view)
05:08:25.827025 [debug]: Finished analyzing [  0.01s] model main.player_features [success]
05:08:25.827047 [info ]: Finished analyzing [  0.01s] (2 nodes, 0 skipped, 0 errors)
05:08:25.827057 [info ]:  Succeeded [  0.02s] model main.player_features (table)
05:08:25.841104 [info ]: Started scheduling
05:08:25.842170 [info ]: Finished scheduling [  0.00s]
05:08:25.842658 [info ]: 
==================== Execution Summary =====================
Finished 'compile' successfully for target 'dev' [882ms]
Processed: 2 models
Summary: 2 total | 2 success
05:08:25.843887 [info ]: Cached model count updated: 2 models (accurate)
05:23:34.514232 [info ]: Loading profiles.yml
==================== 2026-09-04T05:23:34.970096Z | 3ff05505-0183-455b-8a66-1f3362059160 ====================
05:23:34.991126 [info ]: Started loading project
05:23:35.014881 [info ]: Loading profiles.yml
05:23:35.306729 [info ]: Finished loading project [  0.32s]
05:23:35.306789 [info ]: 
==================== Execution Summary =====================
Finished 'compile' successfully for target 'dev' [336ms]
05:23:35.307722 [info ]: Cached model count updated: 2 models (accurate)
==================== 2026-09-04T05:23:37.191560Z | 695130ee-ecc2-4a44-90e4-72c189f6da07 ====================
05:23:37.191935 [info ]: Started loading project
05:23:37.193473 [info ]: Loading profiles.yml
05:23:37.271247 [info ]: Cached model count updated: 2 models (estimate)
05:23:37.271322 [info ]: Cached model count updated: 2 models (accurate)
05:23:37.274694 [info ]: Started scheduling
05:23:37.285502 [info ]: Finished scheduling [  0.01s]
05:23:37.285810 [debug]: Compilation - 2 nodes selected: {"model.soccer_analytics.player_features", "model.soccer_analytics.stg_players"}
05:23:37.439025 [info ]: Started building task graph
05:23:37.450368 [info ]: Finished building task graph [  0.01s]
05:23:38.614035 [info ]: Started rendering (2 nodes)
05:23:38.615211 [info ]: Started model main.player_features
05:23:38.615603 [debug]: Started rendering model main.player_features
05:23:38.616980 [info ]: Finished loading project [  1.43s]
05:23:38.617587 [info ]: Started model main.stg_players
05:23:38.617639 [debug]: Started rendering model main.stg_players
05:23:38.625853 [debug]: Compiled SQL for node model.soccer_analytics.stg_players at target\.lsp\compiled\soccer_analytics\models\staging\stg_players.sql
05:23:38.625858 [debug]: Compiled SQL for node model.soccer_analytics.player_features at target\.lsp\compiled\soccer_analytics\models\marts\player_features.sql
05:23:38.630422 [debug]: Finished rendering [  0.01s] model main.stg_players [success]
05:23:38.631405 [info ]: Started analyzing (2 nodes)
05:23:38.631442 [debug]: Started analyzing model main.stg_players
05:23:38.631785 [debug]: Finished rendering [  0.02s] model main.player_features [success]
05:23:38.631829 [info ]: Finished rendering [  0.02s] (2 nodes, 0 skipped, 0 errors)
05:23:38.631858 [debug]: Started analyzing model main.player_features
05:23:38.647224 [debug]: Finished analyzing [  0.02s] model main.player_features [success]
05:23:38.647275 [info ]:  Succeeded [  0.03s] model main.player_features (table)
05:23:38.647334 [debug]: Finished analyzing [  0.02s] model main.stg_players [success]
05:23:38.647345 [info ]: Finished analyzing [  0.02s] (2 nodes, 0 skipped, 0 errors)
05:23:38.647354 [info ]:  Succeeded [  0.03s] model main.stg_players (view)
05:23:38.669213 [info ]: Started scheduling
05:23:38.670512 [info ]: Finished scheduling [  0.00s]
05:23:38.671794 [info ]: 
==================== Execution Summary =====================
Finished 'compile' successfully for target 'dev' [1.5s]
Processed: 2 models
Summary: 2 total | 2 success
05:23:38.674024 [info ]: Cached model count updated: 2 models (accurate)
==================== 2026-09-04T05:26:38.908025Z | a7956f51-42e7-491b-ad3e-d8a43393e23a ====================
05:26:38.908258 [info ]: Started loading project
05:26:38.912781 [info ]: Loading profiles.yml
05:26:39.004397 [info ]: Cached model count updated: 2 models (accurate)
05:26:39.004468 [info ]: Finished loading project [  0.10s]
05:26:39.004492 [info ]: 
==================== Execution Summary =====================
Finished 'compile' successfully for target 'dev' [96ms]
==================== 2026-09-04T05:26:40.829151Z | 5d4b8f9e-db46-4765-ba47-54e85b875ebe ====================
05:26:40.829320 [info ]: Started loading project
05:26:40.830601 [info ]: Loading profiles.yml
05:26:40.904613 [info ]: Cached model count updated: 2 models (estimate)
05:26:40.904706 [info ]: Cached model count updated: 2 models (accurate)
05:26:40.904785 [info ]: Started scheduling
05:26:40.904975 [info ]: Finished scheduling [  0.00s]
05:26:40.905104 [debug]: Compilation - 2 nodes selected: {"model.soccer_analytics.player_features", "model.soccer_analytics.stg_players"}
05:26:41.004081 [info ]: Started building task graph
05:26:41.004196 [info ]: Finished building task graph [  0.00s]
05:26:41.283998 [info ]: Started rendering (2 nodes)
05:26:41.284082 [info ]: Started model main.player_features
05:26:41.284099 [debug]: Started rendering model main.player_features
05:26:41.284150 [info ]: Started model main.stg_players
05:26:41.284164 [debug]: Started rendering model main.stg_players
05:26:41.284220 [info ]: Finished loading project [  0.45s]
05:26:41.285178 [debug]: Compiled SQL for node model.soccer_analytics.player_features at target\.lsp\compiled\soccer_analytics\models\marts\player_features.sql
05:26:41.285361 [debug]: Finished rendering [  0.00s] model main.player_features [success]
05:26:41.285416 [info ]: Started analyzing (2 nodes)
05:26:41.285432 [debug]: Started analyzing model main.player_features
05:26:41.286152 [debug]: Finished analyzing [  0.00s] model main.player_features [success]
05:26:41.286183 [info ]:  Succeeded [  0.00s] model main.player_features (table)
05:26:41.286583 [debug]: Compiled SQL for node model.soccer_analytics.stg_players at target\.lsp\compiled\soccer_analytics\models\staging\stg_players.sql
05:26:41.286930 [debug]: Finished rendering [  0.00s] model main.stg_players [success]
05:26:41.286966 [info ]: Finished rendering [  0.00s] (2 nodes, 0 skipped, 0 errors)
05:26:41.286996 [debug]: Started analyzing model main.stg_players
05:26:41.289168 [debug]: Finished analyzing [  0.00s] model main.stg_players [success]
05:26:41.289212 [info ]: Finished analyzing [  0.00s] (2 nodes, 0 skipped, 0 errors)
05:26:41.289225 [info ]:  Succeeded [  0.00s] model main.stg_players (view)
05:26:41.294175 [info ]: Started scheduling
05:26:41.294272 [info ]: Finished scheduling [  0.00s]
05:26:41.294425 [info ]: 
==================== Execution Summary =====================
Finished 'compile' successfully for target 'dev' [465ms]
Processed: 2 models
Summary: 2 total | 2 success
05:26:41.295083 [info ]: Cached model count updated: 2 models (accurate)
==================== 2026-09-04T05:53:36.756568Z | 1a80522b-c489-47ed-9ac7-74e427f686ba ====================
05:53:36.758263 [info ]: 
==================== Execution Summary =====================
Finished 'compile' successfully [1ms]
05:53:36.758396 [info ]: Cached model count updated: 2 models (accurate)
==================== 2026-09-04T05:53:36.895118Z | 0bd1e2ac-5c5b-43bf-9189-97836e92ad8f ====================
05:53:36.895224 [info ]: Started loading project
05:53:36.895780 [info ]: Loading profiles.yml
==================== 2026-09-04T05:53:36.903880Z | 9c71c45c-12cd-43be-b658-456469595937 ====================
05:53:36.903932 [info ]: Started loading project
05:53:36.904583 [info ]: Loading profiles.yml
05:53:36.905270 [info ]: Finished loading project [  0.01s]
05:53:36.934653 [info ]:    Started resolving packages from packages.yml
05:53:38.118385 [info ]:   Finished [  1.18s] resolving packages from packages.yml (1 items)
05:53:38.126735 [debug]:    Started loading packages
05:53:38.166130 [debug]:     Loaded [  0.04s] packages
05:53:38.167244 [info ]: Finished loading project [  1.26s]
05:53:38.175486 [info ]: Started parsing
05:53:38.399590 [debug]: Finished parsing models/schema.yml [  0.02s]
05:53:38.481584 [debug]: Finished parsing models/marts/player_features.sql [  0.04s]
05:53:38.496986 [debug]: Finished parsing models/staging/stg_players.sql [  0.02s]
05:53:38.515441 [debug]: Finished parsing tests/player_features_metrics.sql [  0.00s]
05:53:38.516979 [debug]: Finished parsing tests/stg_players_scope.sql [  0.00s]
05:53:38.686858 [info ]: Finished parsing [  0.51s]
05:53:38.690982 [info ]: Cached model count updated: 2 models (estimate)
05:53:38.691078 [info ]: Cached model count updated: 2 models (accurate)
05:53:38.691335 [info ]: Started scheduling
05:53:38.694028 [info ]: Finished scheduling [  0.00s]
05:53:38.694063 [debug]: Compilation - 1 nodes selected: {"model.soccer_analytics.stg_players"}
05:53:38.694166 [info ]: Started scheduling
05:53:38.694203 [info ]: Finished scheduling [  0.00s]
05:53:38.697662 [debug]: Initializing schema store with entry: Frontier(CanonicalFqn { catalog: "api_sports", schema: "soccer_analytics_data", table: "players_raw" }) and interval: None
05:53:38.698389 [debug]: Initializing schema store with entry: Frontier(CanonicalFqn { catalog: "api_sports", schema: "soccer_analytics_data", table: "players_raw__statistics" }) and interval: None
05:53:38.736215 [info ]: Started building task graph
05:53:38.736298 [info ]: Finished building task graph [  0.00s]
05:53:38.937324 [info ]: Started rendering (1 nodes)
05:53:38.937362 [info ]: Started model main.stg_players
05:53:38.937374 [debug]: Started rendering model main.stg_players
05:53:38.982934 [debug]: Compiled SQL for node model.soccer_analytics.stg_players at target\.lsp\compiled\soccer_analytics\models\staging\stg_players.sql
05:53:38.983400 [debug]: Finished rendering [  0.05s] model main.stg_players [success]
05:53:38.983460 [info ]: Finished rendering [  0.05s] (1 nodes, 0 skipped, 0 errors)
05:53:38.983508 [info ]: Started analyzing (1 nodes)
05:53:38.983517 [debug]: Started analyzing model main.stg_players
05:53:38.988924 [debug]: Finished analyzing [  0.01s] model main.stg_players [success]
05:53:38.988958 [info ]: Finished analyzing [  0.01s] (1 nodes, 0 skipped, 0 errors)
05:53:38.988979 [info ]:  Succeeded [  0.05s] model main.stg_players (view)
05:53:38.996741 [info ]: Started scheduling
05:53:38.996837 [info ]: Finished scheduling [  0.00s]
05:53:38.997216 [info ]: 
==================== Execution Summary =====================
Finished 'compile' successfully for target 'dev' [2.1s]
Processed: 1 model
Summary: 1 total | 1 success
05:53:38.997283 [info ]: 
==================== Execution Summary =====================
Finished 'compile' successfully for target 'dev' [2.1s]
05:53:38.997332 [info ]: Cached model count updated: 2 models (accurate)
==================== 2026-09-04T05:53:40.675499Z | ec997686-0102-4e91-b950-22371e64bd97 ====================
05:53:40.675697 [info ]: Started loading project
05:53:40.676816 [info ]: Loading profiles.yml
05:53:40.718155 [info ]: Cached model count updated: 2 models (estimate)
05:53:40.718186 [info ]: Cached model count updated: 2 models (accurate)
05:53:40.718214 [info ]: Started scheduling
05:53:40.718274 [info ]: Finished scheduling [  0.00s]
05:53:40.718287 [debug]: Compilation - 2 nodes selected: {"model.soccer_analytics.player_features", "model.soccer_analytics.stg_players"}
05:53:40.750321 [info ]: Started building task graph
05:53:40.750392 [info ]: Finished building task graph [  0.00s]
05:53:40.819619 [info ]: Started rendering (2 nodes)
05:53:40.819655 [info ]: Started model main.player_features
05:53:40.819665 [debug]: Started rendering model main.player_features
05:53:40.819721 [info ]: Finished loading project [  0.14s]
05:53:40.819872 [info ]: Started model main.stg_players
05:53:40.820032 [debug]: Started rendering model main.stg_players
05:53:40.820573 [debug]: Compiled SQL for node model.soccer_analytics.stg_players at target\.lsp\compiled\soccer_analytics\models\staging\stg_players.sql
05:53:40.820694 [debug]: Finished rendering [  0.00s] model main.stg_players [success]
05:53:40.820723 [info ]: Started analyzing (2 nodes)
05:53:40.820729 [debug]: Started analyzing model main.stg_players
05:53:40.822884 [debug]: Finished analyzing [  0.00s] model main.stg_players [success]
05:53:40.822932 [info ]:  Succeeded [  0.00s] model main.stg_players (view)
05:53:40.823424 [debug]: Compiled SQL for node model.soccer_analytics.player_features at target\.lsp\compiled\soccer_analytics\models\marts\player_features.sql
05:53:40.824131 [debug]: Finished rendering [  0.00s] model main.player_features [success]
05:53:40.824148 [info ]: Finished rendering [  0.00s] (2 nodes, 0 skipped, 0 errors)
05:53:40.824167 [debug]: Started analyzing model main.player_features
05:53:40.824395 [debug]: Finished analyzing [  0.00s] model main.player_features [success]
05:53:40.824401 [info ]: Finished analyzing [  0.00s] (2 nodes, 0 skipped, 0 errors)
05:53:40.824408 [info ]:  Succeeded [  0.00s] model main.player_features (table)
05:53:40.828868 [info ]: Started scheduling
05:53:40.828979 [info ]: Finished scheduling [  0.00s]
05:53:40.829150 [info ]: 
==================== Execution Summary =====================
Finished 'compile' successfully for target 'dev' [153ms]
Processed: 2 models
Summary: 2 total | 2 success
05:53:40.829659 [info ]: Cached model count updated: 2 models (accurate)
==================== 2026-09-04T06:29:00.218257Z | ae04d3a8-8e3b-4338-98bf-2811696deefc ====================
06:29:00.218607 [info ]: Started loading project
06:29:00.220548 [info ]: Loading profiles.yml
06:29:00.391527 [info ]: Finished loading project [  0.17s]
06:29:00.391564 [info ]: 
==================== Execution Summary =====================
Finished 'compile' successfully for target 'dev' [173ms]
06:29:00.391616 [info ]: Cached model count updated: 2 models (accurate)
==================== 2026-09-04T06:29:00.955658Z | 91a8c5d5-b53c-4888-97df-f80af233ff11 ====================
06:29:00.955750 [info ]: Started loading project
06:29:00.956493 [info ]: Loading profiles.yml
06:29:00.993309 [info ]: Cached model count updated: 2 models (accurate)
06:29:00.993418 [info ]: Finished loading project [  0.04s]
06:29:00.993446 [info ]: 
==================== Execution Summary =====================
Finished 'compile' successfully for target 'dev' [37ms]
06:29:01.469908 [info ]: Loading profiles.yml
==================== 2026-09-04T06:29:02.683261Z | 0b6a3729-7226-4667-81eb-aa2b871d1d66 ====================
06:29:02.683365 [info ]: Started loading project
06:29:02.684394 [info ]: Loading profiles.yml
06:29:02.732979 [info ]: Cached model count updated: 2 models (estimate)
06:29:02.733020 [info ]: Cached model count updated: 2 models (accurate)
06:29:02.733055 [info ]: Started scheduling
06:29:02.733136 [info ]: Finished scheduling [  0.00s]
06:29:02.733156 [debug]: Compilation - 2 nodes selected: {"model.soccer_analytics.player_features", "model.soccer_analytics.stg_players"}
06:29:02.807964 [info ]: Started building task graph
06:29:02.808139 [info ]: Finished building task graph [  0.00s]
06:29:03.214182 [info ]: Started rendering (2 nodes)
06:29:03.214233 [info ]: Started model main.player_features
06:29:03.214250 [debug]: Started rendering model main.player_features
06:29:03.214287 [info ]: Started model main.stg_players
06:29:03.214295 [debug]: Started rendering model main.stg_players
06:29:03.214349 [info ]: Finished loading project [  0.53s]
06:29:03.215759 [debug]: Compiled SQL for node model.soccer_analytics.player_features at target\.lsp\compiled\soccer_analytics\models\marts\player_features.sql
06:29:03.215944 [debug]: Finished rendering [  0.00s] model main.player_features [success]
06:29:03.215993 [info ]: Started analyzing (2 nodes)
06:29:03.216004 [debug]: Started analyzing model main.player_features
06:29:03.216725 [debug]: Finished analyzing [  0.00s] model main.player_features [success]
06:29:03.216751 [info ]:  Succeeded [  0.00s] model main.player_features (table)
06:29:03.217520 [debug]: Compiled SQL for node model.soccer_analytics.stg_players at target\.lsp\compiled\soccer_analytics\models\staging\stg_players.sql
06:29:03.217698 [debug]: Finished rendering [  0.00s] model main.stg_players [success]
06:29:03.217716 [info ]: Finished rendering [  0.00s] (2 nodes, 0 skipped, 0 errors)
06:29:03.217731 [debug]: Started analyzing model main.stg_players
06:29:03.219357 [debug]: Finished analyzing [  0.00s] model main.stg_players [success]
06:29:03.219380 [info ]: Finished analyzing [  0.00s] (2 nodes, 0 skipped, 0 errors)
06:29:03.219387 [info ]:  Succeeded [  0.00s] model main.stg_players (view)
06:29:03.223924 [info ]: Started scheduling
06:29:03.223994 [info ]: Finished scheduling [  0.00s]
06:29:03.224092 [info ]: 
==================== Execution Summary =====================
Finished 'compile' successfully for target 'dev' [540ms]
Processed: 2 models
Summary: 2 total | 2 success
06:29:03.224300 [info ]: Cached model count updated: 2 models (accurate)
==================== 2026-09-04T15:40:38.307589Z | 50f3a1ee-702e-44ed-92f6-95bb8b71ab5b ====================
15:40:38.318559 [info ]: Started loading project
15:40:38.362022 [info ]: Loading profiles.yml
15:40:38.857355 [info ]: Finished loading project [  0.54s]
15:40:38.858520 [info ]: Cached model count updated: 2 models (accurate)
15:40:38.858426 [info ]: 
==================== Execution Summary =====================
Finished 'compile' successfully for target 'dev' [550ms]
==================== 2026-09-04T15:40:39.163092Z | ad4c86c8-4804-4d3d-9597-f9c109329996 ====================
15:40:39.163219 [info ]: Started loading project
15:40:39.163788 [info ]: Loading profiles.yml
15:40:39.202679 [info ]: Cached model count updated: 2 models (accurate)
15:40:39.202730 [info ]: Finished loading project [  0.04s]
15:40:39.202788 [info ]: 
==================== Execution Summary =====================
Finished 'compile' successfully for target 'dev' [39ms]
15:40:39.414808 [info ]: Loading profiles.yml
==================== 2026-09-04T15:40:40.793974Z | c692e51f-887e-4fa0-a49d-925996205f3b ====================
15:40:40.794032 [info ]: Started loading project
15:40:40.794577 [info ]: Loading profiles.yml
15:40:40.821016 [info ]: Cached model count updated: 2 models (estimate)
15:40:40.821046 [info ]: Cached model count updated: 2 models (accurate)
15:40:40.824089 [info ]: Started scheduling
15:40:40.831198 [info ]: Finished scheduling [  0.01s]
15:40:40.831674 [debug]: Compilation - 2 nodes selected: {"model.soccer_analytics.player_features", "model.soccer_analytics.stg_players"}
15:40:40.957556 [info ]: Started building task graph
15:40:40.965409 [info ]: Finished building task graph [  0.01s]
15:40:43.538916 [info ]: Started rendering (2 nodes)
15:40:43.542305 [info ]: Started model main.player_features
15:40:43.544410 [debug]: Started rendering model main.player_features
15:40:43.547916 [info ]: Finished loading project [  2.75s]
15:40:43.549392 [info ]: Started model main.stg_players
15:40:43.549422 [debug]: Started rendering model main.stg_players
15:40:43.566433 [debug]: Compiled SQL for node model.soccer_analytics.stg_players at target\.lsp\compiled\soccer_analytics\models\staging\stg_players.sql
15:40:43.566404 [debug]: Compiled SQL for node model.soccer_analytics.player_features at target\.lsp\compiled\soccer_analytics\models\marts\player_features.sql
15:40:43.578943 [debug]: Finished rendering [  0.03s] model main.player_features [success]
15:40:43.580459 [info ]: Started analyzing (2 nodes)
15:40:43.580815 [debug]: Started analyzing model main.player_features
15:40:43.581649 [debug]: Finished rendering [  0.03s] model main.stg_players [success]
15:40:43.581670 [info ]: Finished rendering [  0.04s] (2 nodes, 0 skipped, 0 errors)
15:40:43.581688 [debug]: Started analyzing model main.stg_players
15:40:43.602173 [debug]: Finished analyzing [  0.02s] model main.player_features [success]
15:40:43.602209 [info ]:  Succeeded [  0.05s] model main.player_features (table)
15:40:43.602481 [debug]: Finished analyzing [  0.02s] model main.stg_players [success]
15:40:43.602497 [info ]: Finished analyzing [  0.02s] (2 nodes, 0 skipped, 0 errors)
15:40:43.602503 [info ]:  Succeeded [  0.05s] model main.stg_players (view)
15:40:43.637962 [info ]: Started scheduling
15:40:43.640071 [info ]: Finished scheduling [  0.00s]
15:40:43.641861 [info ]: 
==================== Execution Summary =====================
Finished 'compile' successfully for target 'dev' [2.8s]
Processed: 2 models
Summary: 2 total | 2 success
15:40:43.643333 [info ]: Cached model count updated: 2 models (accurate)
==================== 2026-09-04T15:59:00.729962Z | 00000000-0000-0000-0000-000000000000 ====================
==================== 2026-09-04T15:59:00.732170Z | f4f593cb-76a3-499f-941a-ea2ae856739d ====================
15:59:00.732231 [info ]: Starting dbt LSP server
15:59:00.732505 [info ]: Connecting to LSP client on port 8000
15:59:00.735325 [info ]: Successfully connected to LSP client
15:59:00.735371 [info ]: Creating LSP service...
15:59:00.745899 [info ]: Creating LSP server...
15:59:00.745928 [info ]: Starting LSP server...
15:59:00.829643 [info ]: Loading profiles.yml
==================== 2026-09-04T15:59:00.934859Z | 0c34c5c8-dd98-441c-8f93-a420b4439e1a ====================
15:59:00.935406 [info ]: Started loading project
15:59:00.937056 [info ]: Loading profiles.yml
15:59:00.962113 [info ]:    Started resolving packages from packages.yml
15:59:01.439090 [info ]:   Finished [  0.48s] resolving packages from packages.yml (1 items)
15:59:01.439864 [debug]:    Started loading packages
15:59:01.461617 [debug]:     Loaded [  0.02s] packages
15:59:01.463080 [info ]: Finished loading project [  0.53s]
15:59:01.464433 [info ]: Started parsing
15:59:01.853869 [info ]: Finished parsing [  0.39s]
15:59:01.854530 [info ]: 
==================== Execution Summary =====================
Finished 'compile' successfully for target 'dev' [919ms]
==================== 2026-09-04T15:59:01.960049Z | a8065171-05bc-4222-b5c8-ad0ebf5ec217 ====================
15:59:01.960119 [info ]: Started loading project
15:59:01.961210 [info ]: Loading profiles.yml
15:59:01.969456 [info ]:    Started resolving packages from packages.yml
15:59:02.300918 [info ]:   Finished [  0.33s] resolving packages from packages.yml (1 items)
15:59:02.301324 [debug]:    Started loading packages
15:59:02.306594 [debug]:     Loaded [  0.01s] packages
15:59:02.307536 [info ]: Finished loading project [  0.35s]
15:59:02.307707 [info ]: Started parsing
15:59:02.368880 [debug]: Finished parsing models/schema.yml [  0.01s]
15:59:02.384523 [debug]: Finished parsing models/marts/player_features.sql [  0.01s]
15:59:02.388158 [debug]: Finished parsing models/staging/stg_players.sql [  0.00s]
15:59:02.404067 [debug]: Finished parsing tests/player_features_metrics.sql [  0.01s]
15:59:02.416614 [debug]: Finished parsing tests/stg_players_scope.sql [  0.01s]
15:59:02.617385 [info ]: Finished parsing [  0.31s]
15:59:02.619131 [info ]: Cached model count updated: 2 models (estimate)
15:59:02.619153 [info ]: Cached model count updated: 2 models (accurate)
15:59:02.620120 [info ]: Started scheduling
15:59:02.622853 [info ]: Finished scheduling [  0.00s]
15:59:02.622930 [debug]: Compilation - 0 nodes selected: {}
15:59:02.623350 [warn ]: [NoNodesForSelectionCriteria (dbt1092)]: The selection criterion '' does not match any enabled nodes
15:59:02.623715 [warn ]: [NoNodesSelected (dbt1601)]: Nothing to do. Try checking your model configs and model specification args
15:59:02.624158 [info ]: Started scheduling
15:59:02.624794 [info ]: Finished scheduling [  0.00s]
15:59:02.625318 [debug]: Initializing schema store with entry: Frontier(CanonicalFqn { catalog: "api_sports", schema: "soccer_analytics_data", table: "players_raw__statistics" }) and interval: None
15:59:02.625350 [debug]: Initializing schema store with entry: Frontier(CanonicalFqn { catalog: "api_sports", schema: "soccer_analytics_data", table: "players_raw" }) and interval: None
15:59:02.703548 [info ]: Started building task graph
15:59:02.703840 [info ]: Finished building task graph [  0.00s]
15:59:02.982724 [info ]: Started scheduling
15:59:02.982785 [info ]: Finished scheduling [  0.00s]
15:59:02.982926 [info ]: 
==================== Execution Summary =====================
Finished 'compile' with 2 warnings for target 'dev' [1.0s]
15:59:02.983001 [info ]: Cached model count updated: 2 models (accurate)
==================== 2026-09-04T15:59:04.792787Z | ad634608-75fa-4ea2-a005-01ef4252f4d7 ====================
15:59:04.792859 [info ]: Started loading project
15:59:04.793280 [info ]: Loading profiles.yml
15:59:04.814300 [info ]: Cached model count updated: 2 models (estimate)
15:59:04.814329 [info ]: Cached model count updated: 2 models (accurate)
15:59:04.814356 [info ]: Started scheduling
15:59:04.814411 [info ]: Finished scheduling [  0.00s]
15:59:04.814431 [debug]: Compilation - 2 nodes selected: {"model.soccer_analytics.player_features", "model.soccer_analytics.stg_players"}
15:59:04.841568 [info ]: Started building task graph
15:59:04.842576 [info ]: Finished building task graph [  0.00s]
15:59:04.895603 [info ]: Started rendering (2 nodes)
15:59:04.896507 [info ]: Started model main.player_features
15:59:04.896531 [debug]: Started rendering model main.player_features
15:59:04.896736 [info ]: Started model main.stg_players
15:59:04.896746 [debug]: Started rendering model main.stg_players
15:59:04.896778 [info ]: Finished loading project [  0.10s]
15:59:04.900486 [debug]: Compiled SQL for node model.soccer_analytics.player_features at target\.lsp\compiled\soccer_analytics\models\marts\player_features.sql
15:59:04.900857 [debug]: Finished rendering [  0.00s] model main.player_features [success]
15:59:04.901096 [info ]: Started analyzing (2 nodes)
15:59:04.901125 [debug]: Started analyzing model main.player_features
15:59:04.908112 [debug]: Compiled SQL for node model.soccer_analytics.stg_players at target\.lsp\compiled\soccer_analytics\models\staging\stg_players.sql
15:59:04.908280 [debug]: Finished rendering [  0.01s] model main.stg_players [success]
15:59:04.908412 [info ]: Finished rendering [  0.01s] (2 nodes, 0 skipped, 0 errors)
15:59:04.908464 [debug]: Started analyzing model main.stg_players
15:59:04.910327 [debug]: Finished analyzing [  0.01s] model main.player_features [success]
15:59:04.910360 [info ]:  Succeeded [  0.01s] model main.player_features (table)
15:59:04.924629 [debug]: Finished analyzing [  0.02s] model main.stg_players [success]
15:59:04.924672 [info ]: Finished analyzing [  0.02s] (2 nodes, 0 skipped, 0 errors)
15:59:04.924683 [info ]:  Succeeded [  0.03s] model main.stg_players (view)
15:59:04.928286 [info ]: Started scheduling
15:59:04.928334 [info ]: Finished scheduling [  0.00s]
15:59:04.928426 [info ]: 
==================== Execution Summary =====================
Finished 'compile' successfully for target 'dev' [135ms]
Processed: 2 models
Summary: 2 total | 2 success
15:59:04.928624 [info ]: Cached model count updated: 2 models (accurate)
==================== 2026-09-04T16:42:57.172611Z | 730a6447-47e3-44c0-a04c-562ad574bf56 ====================
16:42:57.172785 [info ]: Started loading project
16:42:57.174225 [info ]: Loading profiles.yml
16:42:57.234361 [info ]: Cached model count updated: 2 models (accurate)
16:42:57.234701 [info ]: Finished loading project [  0.06s]
16:42:57.235080 [info ]: 
==================== Execution Summary =====================
Finished 'compile' successfully for target 'dev' [62ms]
==================== 2026-09-04T16:42:57.567570Z | 48080e67-19b7-4f7d-84fd-427b5d3ef5b7 ====================
16:42:57.568021 [info ]: Started loading project
16:42:57.569141 [info ]: Loading profiles.yml
16:42:57.599477 [info ]: Cached model count updated: 2 models (accurate)
16:42:57.599633 [info ]: Finished loading project [  0.03s]
16:42:57.599650 [info ]: 
==================== Execution Summary =====================
Finished 'compile' successfully for target 'dev' [32ms]
==================== 2026-09-04T16:42:59.344008Z | a2ffa1f2-6033-423e-97cf-fdac6380de38 ====================
16:42:59.344146 [info ]: Started loading project
16:42:59.344942 [info ]: Loading profiles.yml
16:42:59.370346 [info ]: Cached model count updated: 2 models (estimate)
16:42:59.370375 [info ]: Cached model count updated: 2 models (accurate)
16:42:59.370426 [info ]: Started scheduling
16:42:59.370513 [info ]: Finished scheduling [  0.00s]
16:42:59.370535 [debug]: Compilation - 2 nodes selected: {"model.soccer_analytics.player_features", "model.soccer_analytics.stg_players"}
16:42:59.450429 [info ]: Started building task graph
16:42:59.450513 [info ]: Finished building task graph [  0.00s]
16:42:59.846688 [info ]: Loading profiles.yml
16:42:59.881443 [info ]: Started rendering (2 nodes)
16:42:59.881483 [info ]: Started model main.player_features
16:42:59.881493 [debug]: Started rendering model main.player_features
16:42:59.881521 [info ]: Started model main.stg_players
16:42:59.881526 [debug]: Started rendering model main.stg_players
16:42:59.881587 [info ]: Finished loading project [  0.54s]
16:42:59.883306 [debug]: Compiled SQL for node model.soccer_analytics.stg_players at target\.lsp\compiled\soccer_analytics\models\staging\stg_players.sql
16:42:59.883306 [debug]: Compiled SQL for node model.soccer_analytics.player_features at target\.lsp\compiled\soccer_analytics\models\marts\player_features.sql
16:42:59.883433 [debug]: Finished rendering [  0.00s] model main.stg_players [success]
16:42:59.883470 [info ]: Started analyzing (2 nodes)
16:42:59.883496 [debug]: Started analyzing model main.stg_players
16:42:59.883517 [debug]: Finished rendering [  0.00s] model main.player_features [success]
16:42:59.883534 [info ]: Finished rendering [  0.00s] (2 nodes, 0 skipped, 0 errors)
16:42:59.883552 [debug]: Started analyzing model main.player_features
16:42:59.886449 [debug]: Finished analyzing [  0.00s] model main.player_features [success]
16:42:59.886483 [info ]:  Succeeded [  0.00s] model main.player_features (table)
16:42:59.887622 [debug]: Finished analyzing [  0.00s] model main.stg_players [success]
16:42:59.887646 [info ]: Finished analyzing [  0.00s] (2 nodes, 0 skipped, 0 errors)
16:42:59.887653 [info ]:  Succeeded [  0.01s] model main.stg_players (view)
16:42:59.891656 [info ]: Started scheduling
16:42:59.891716 [info ]: Finished scheduling [  0.00s]
16:42:59.891937 [info ]: 
==================== Execution Summary =====================
Finished 'compile' successfully for target 'dev' [547ms]
Processed: 2 models
Summary: 2 total | 2 success
16:42:59.892559 [info ]: Cached model count updated: 2 models (accurate)
==================== 2026-09-04T17:43:01.305716Z | 3ba1a5ce-fd82-44fc-a29c-f5b2b5b09b1f ====================
17:43:01.313472 [info ]: Started loading project
17:43:01.348538 [info ]: Loading profiles.yml
17:43:01.553993 [info ]: Finished loading project [  0.24s]
17:43:01.554819 [info ]: Cached model count updated: 2 models (accurate)
17:43:01.554635 [info ]: 
==================== Execution Summary =====================
Finished 'compile' successfully for target 'dev' [248ms]
==================== 2026-09-04T17:43:01.726597Z | f6b0455c-8466-4b15-9fcd-095d6d731e62 ====================
17:43:01.727350 [info ]: Started loading project
17:43:01.728192 [info ]: Loading profiles.yml
17:43:01.770800 [info ]: Finished loading project [  0.04s]
17:43:01.770819 [info ]: Cached model count updated: 2 models (accurate)
17:43:01.770857 [info ]: 
==================== Execution Summary =====================
Finished 'compile' successfully for target 'dev' [44ms]
==================== 2026-09-04T17:43:03.489791Z | dfe3293a-55bf-41c4-ae18-61edcebe9a6b ====================
17:43:03.489923 [info ]: Started loading project
17:43:03.490732 [info ]: Loading profiles.yml
17:43:03.519605 [info ]: Cached model count updated: 2 models (estimate)
17:43:03.519643 [info ]: Cached model count updated: 2 models (accurate)
17:43:03.522641 [info ]: Started scheduling
17:43:03.528134 [info ]: Finished scheduling [  0.01s]
17:43:03.528914 [debug]: Compilation - 2 nodes selected: {"model.soccer_analytics.player_features", "model.soccer_analytics.stg_players"}
17:43:03.619743 [info ]: Started building task graph
17:43:03.626639 [info ]: Finished building task graph [  0.01s]
17:43:04.225114 [info ]: Started rendering (2 nodes)
17:43:04.225778 [info ]: Started model main.player_features
17:43:04.226064 [debug]: Started rendering model main.player_features
17:43:04.226835 [info ]: Finished loading project [  0.74s]
17:43:04.227166 [info ]: Started model main.stg_players
17:43:04.227192 [debug]: Started rendering model main.stg_players
17:43:04.233766 [debug]: Compiled SQL for node model.soccer_analytics.stg_players at target\.lsp\compiled\soccer_analytics\models\staging\stg_players.sql
17:43:04.233766 [debug]: Compiled SQL for node model.soccer_analytics.player_features at target\.lsp\compiled\soccer_analytics\models\marts\player_features.sql
17:43:04.236658 [debug]: Finished rendering [  0.01s] model main.player_features [success]
17:43:04.237646 [info ]: Started analyzing (2 nodes)
17:43:04.237668 [debug]: Started analyzing model main.player_features
17:43:04.238014 [debug]: Finished rendering [  0.01s] model main.stg_players [success]
17:43:04.238038 [info ]: Finished rendering [  0.01s] (2 nodes, 0 skipped, 0 errors)
17:43:04.238057 [debug]: Started analyzing model main.stg_players
17:43:04.260328 [debug]: Finished analyzing [  0.02s] model main.player_features [success]
17:43:04.260361 [info ]:  Succeeded [  0.03s] model main.player_features (table)
17:43:04.260392 [debug]: Finished analyzing [  0.02s] model main.stg_players [success]
17:43:04.260401 [info ]: Finished analyzing [  0.02s] (2 nodes, 0 skipped, 0 errors)
17:43:04.260406 [info ]:  Succeeded [  0.03s] model main.stg_players (view)
17:43:04.273649 [info ]: Started scheduling
17:43:04.274340 [info ]: Finished scheduling [  0.00s]
17:43:04.274558 [info ]: 
==================== Execution Summary =====================
Finished 'compile' successfully for target 'dev' [784ms]
Processed: 2 models
Summary: 2 total | 2 success
17:43:04.275698 [info ]: Cached model count updated: 2 models (accurate)
17:44:34.490906 [info ]: Loading profiles.yml
==================== 2026-09-04T17:53:42.630841Z | 586e63ad-ae04-4062-8814-ef08d8a30435 ====================
17:53:42.631034 [info ]: Started loading project
17:53:42.631954 [info ]: Loading profiles.yml
17:53:42.668568 [info ]: Cached model count updated: 2 models (accurate)
17:53:42.668580 [info ]: Finished loading project [  0.04s]
17:53:42.668858 [info ]: 
==================== Execution Summary =====================
Finished 'compile' successfully for target 'dev' [38ms]
==================== 2026-09-04T17:53:44.376310Z | 33bbfdee-9371-4e09-9c5d-438ea74c674f ====================
17:53:44.376457 [info ]: Started loading project
17:53:44.377566 [info ]: Loading profiles.yml
17:53:44.426803 [info ]: Cached model count updated: 2 models (estimate)
17:53:44.426849 [info ]: Cached model count updated: 2 models (accurate)
17:53:44.426888 [info ]: Started scheduling
17:53:44.426971 [info ]: Finished scheduling [  0.00s]
17:53:44.426996 [debug]: Compilation - 2 nodes selected: {"model.soccer_analytics.player_features", "model.soccer_analytics.stg_players"}
17:53:44.543122 [info ]: Started building task graph
17:53:44.543211 [info ]: Finished building task graph [  0.00s]
17:53:44.995538 [info ]: Started rendering (2 nodes)
17:53:44.995628 [info ]: Started model main.player_features
17:53:44.995648 [debug]: Started rendering model main.player_features
17:53:44.995704 [info ]: Started model main.stg_players
17:53:44.995711 [debug]: Started rendering model main.stg_players
17:53:44.995821 [info ]: Finished loading project [  0.62s]
17:53:44.998165 [debug]: Compiled SQL for node model.soccer_analytics.player_features at target\.lsp\compiled\soccer_analytics\models\marts\player_features.sql
17:53:44.998480 [debug]: Finished rendering [  0.00s] model main.player_features [success]
17:53:44.998532 [info ]: Started analyzing (2 nodes)
17:53:44.998545 [debug]: Started analyzing model main.player_features
17:53:44.999059 [debug]: Finished analyzing [  0.00s] model main.player_features [success]
17:53:44.999085 [info ]:  Succeeded [  0.00s] model main.player_features (table)
17:53:45.001217 [debug]: Compiled SQL for node model.soccer_analytics.stg_players at target\.lsp\compiled\soccer_analytics\models\staging\stg_players.sql
17:53:45.001488 [debug]: Finished rendering [  0.01s] model main.stg_players [success]
17:53:45.001519 [info ]: Finished rendering [  0.01s] (2 nodes, 0 skipped, 0 errors)
17:53:45.001544 [debug]: Started analyzing model main.stg_players
17:53:45.002918 [debug]: Finished analyzing [  0.00s] model main.stg_players [success]
17:53:45.002958 [info ]: Finished analyzing [  0.00s] (2 nodes, 0 skipped, 0 errors)
17:53:45.002969 [info ]:  Succeeded [  0.01s] model main.stg_players (view)
17:53:45.009472 [info ]: Started scheduling
17:53:45.009547 [info ]: Finished scheduling [  0.00s]
17:53:45.009654 [info ]: 
==================== Execution Summary =====================
Finished 'compile' successfully for target 'dev' [633ms]
Processed: 2 models
Summary: 2 total | 2 success
17:53:45.010315 [info ]: Cached model count updated: 2 models (accurate)
==================== 2026-09-04T18:44:10.032867Z | b81aed05-c350-4ade-9d26-fc5d6709c5b6 ====================
18:44:10.033944 [info ]: Started loading project
18:44:10.037455 [info ]: Loading profiles.yml
18:44:10.280290 [info ]: Cached model count updated: 2 models (accurate)
18:44:10.280564 [info ]: Finished loading project [  0.25s]
18:44:10.280598 [info ]: 
==================== Execution Summary =====================
Finished 'compile' successfully for target 'dev' [247ms]
==================== 2026-09-04T18:44:10.492342Z | a049168a-29c7-4de8-ad93-907c9501a72d ====================
18:44:10.493537 [info ]: Started loading project
18:44:10.494995 [info ]: Loading profiles.yml
18:44:10.576426 [info ]: Cached model count updated: 2 models (accurate)
18:44:10.576651 [info ]: Finished loading project [  0.08s]
18:44:10.576690 [info ]: 
==================== Execution Summary =====================
Finished 'compile' successfully for target 'dev' [84ms]
==================== 2026-09-04T18:44:12.195290Z | 40bcdd1f-640d-4118-a26b-742ba02f87d0 ====================
18:44:12.195430 [info ]: Started loading project
18:44:12.196504 [info ]: Loading profiles.yml
18:44:12.252321 [info ]: Cached model count updated: 2 models (estimate)
18:44:12.252365 [info ]: Cached model count updated: 2 models (accurate)
18:44:12.252534 [info ]: Started scheduling
18:44:12.253286 [info ]: Finished scheduling [  0.00s]
18:44:12.253328 [debug]: Compilation - 2 nodes selected: {"model.soccer_analytics.player_features", "model.soccer_analytics.stg_players"}
18:44:12.368420 [info ]: Started building task graph
18:44:12.368595 [info ]: Finished building task graph [  0.00s]
18:44:13.728259 [info ]: Started rendering (2 nodes)
18:44:13.728370 [info ]: Started model main.player_features
18:44:13.728393 [debug]: Started rendering model main.player_features
18:44:13.728458 [info ]: Started model main.stg_players
18:44:13.728469 [debug]: Started rendering model main.stg_players
18:44:13.728590 [info ]: Finished loading project [  1.53s]
18:44:13.733404 [debug]: Compiled SQL for node model.soccer_analytics.player_features at target\.lsp\compiled\soccer_analytics\models\marts\player_features.sql
18:44:13.733857 [debug]: Finished rendering [  0.01s] model main.player_features [success]
18:44:13.733950 [info ]: Started analyzing (2 nodes)
18:44:13.733969 [debug]: Started analyzing model main.player_features
18:44:13.736037 [debug]: Compiled SQL for node model.soccer_analytics.stg_players at target\.lsp\compiled\soccer_analytics\models\staging\stg_players.sql
18:44:13.736175 [debug]: Finished rendering [  0.01s] model main.stg_players [success]
18:44:13.736241 [info ]: Finished rendering [  0.01s] (2 nodes, 0 skipped, 0 errors)
18:44:13.736274 [debug]: Started analyzing model main.stg_players
18:44:13.739150 [debug]: Finished analyzing [  0.01s] model main.player_features [success]
18:44:13.739200 [info ]:  Succeeded [  0.01s] model main.player_features (table)
18:44:13.743442 [debug]: Finished analyzing [  0.01s] model main.stg_players [success]
18:44:13.743487 [info ]: Finished analyzing [  0.01s] (2 nodes, 0 skipped, 0 errors)
18:44:13.743502 [info ]:  Succeeded [  0.01s] model main.stg_players (view)
18:44:13.751633 [info ]: Started scheduling
18:44:13.751725 [info ]: Finished scheduling [  0.00s]
18:44:13.752150 [info ]: 
==================== Execution Summary =====================
Finished 'compile' successfully for target 'dev' [1.6s]
Processed: 2 models
Summary: 2 total | 2 success
18:44:13.753759 [info ]: Cached model count updated: 2 models (accurate)
18:52:13.181419 [info ]: Loading profiles.yml
==================== 2026-09-04T18:52:22.516282Z | 908ce548-043b-4f94-930e-f3ec1f997733 ====================
18:52:22.517337 [info ]: Started loading project
18:52:22.518822 [info ]: Loading profiles.yml
18:52:22.597488 [info ]: Cached model count updated: 2 models (accurate)
18:52:22.597514 [info ]: Finished loading project [  0.08s]
18:52:22.597550 [info ]: 
==================== Execution Summary =====================
Finished 'compile' successfully for target 'dev' [81ms]
==================== 2026-09-04T18:52:24.380043Z | fdf92528-a04f-40fa-9dd3-8b6facc14798 ====================
18:52:24.380209 [info ]: Started loading project
18:52:24.381724 [info ]: Loading profiles.yml
18:52:24.459504 [info ]: Cached model count updated: 2 models (estimate)
18:52:24.459553 [info ]: Cached model count updated: 2 models (accurate)
18:52:24.459631 [info ]: Started scheduling
18:52:24.459755 [info ]: Finished scheduling [  0.00s]
18:52:24.459798 [debug]: Compilation - 2 nodes selected: {"model.soccer_analytics.player_features", "model.soccer_analytics.stg_players"}
18:52:24.560427 [info ]: Started building task graph
18:52:24.560557 [info ]: Finished building task graph [  0.00s]
18:52:25.228828 [info ]: Started rendering (2 nodes)
18:52:25.228916 [info ]: Started model main.player_features
18:52:25.228944 [debug]: Started rendering model main.player_features
18:52:25.229012 [info ]: Started model main.stg_players
18:52:25.229036 [debug]: Started rendering model main.stg_players
18:52:25.229101 [info ]: Finished loading project [  0.85s]
18:52:25.232167 [debug]: Compiled SQL for node model.soccer_analytics.player_features at target\.lsp\compiled\soccer_analytics\models\marts\player_features.sql
18:52:25.235224 [debug]: Finished rendering [  0.01s] model main.player_features [success]
18:52:25.235350 [info ]: Started analyzing (2 nodes)
18:52:25.235378 [debug]: Started analyzing model main.player_features
18:52:25.239414 [debug]: Finished analyzing [  0.00s] model main.player_features [success]
18:52:25.239480 [info ]:  Succeeded [  0.01s] model main.player_features (table)
18:52:25.245594 [debug]: Compiled SQL for node model.soccer_analytics.stg_players at target\.lsp\compiled\soccer_analytics\models\staging\stg_players.sql
18:52:25.245916 [debug]: Finished rendering [  0.02s] model main.stg_players [success]
18:52:25.245951 [info ]: Finished rendering [  0.02s] (2 nodes, 0 skipped, 0 errors)
18:52:25.245984 [debug]: Started analyzing model main.stg_players
18:52:25.249635 [debug]: Finished analyzing [  0.00s] model main.stg_players [success]
18:52:25.249774 [info ]: Finished analyzing [  0.01s] (2 nodes, 0 skipped, 0 errors)
18:52:25.249816 [info ]:  Succeeded [  0.02s] model main.stg_players (view)
18:52:25.262917 [info ]: Started scheduling
18:52:25.263045 [info ]: Finished scheduling [  0.00s]
18:52:25.263255 [info ]: 
==================== Execution Summary =====================
Finished 'compile' successfully for target 'dev' [883ms]
Processed: 2 models
Summary: 2 total | 2 success
18:52:25.264239 [info ]: Cached model count updated: 2 models (accurate)
==================== 2026-09-04T18:53:23.267838Z | ac3f97c4-eadf-45e6-9705-af3def1b9a8b ====================
18:53:23.267917 [info ]: Started loading project
18:53:23.268364 [info ]: Loading profiles.yml
18:53:23.306830 [info ]: Cached model count updated: 2 models (accurate)
18:53:23.307069 [info ]: Finished loading project [  0.04s]
18:53:23.307363 [info ]: 
==================== Execution Summary =====================
Finished 'compile' successfully for target 'dev' [39ms]
==================== 2026-09-04T18:53:24.991289Z | 2b2a032f-d16d-41d5-8df9-773d5381c377 ====================
18:53:24.991408 [info ]: Started loading project
18:53:24.992692 [info ]: Loading profiles.yml
18:53:25.027707 [info ]: Cached model count updated: 2 models (estimate)
18:53:25.027738 [info ]: Cached model count updated: 2 models (accurate)
18:53:25.027771 [info ]: Started scheduling
18:53:25.027839 [info ]: Finished scheduling [  0.00s]
18:53:25.027858 [debug]: Compilation - 2 nodes selected: {"model.soccer_analytics.player_features", "model.soccer_analytics.stg_players"}
18:53:25.078900 [info ]: Started building task graph
18:53:25.078968 [info ]: Finished building task graph [  0.00s]
18:53:25.175382 [info ]: Started rendering (2 nodes)
18:53:25.175424 [info ]: Started model main.player_features
18:53:25.175435 [debug]: Started rendering model main.player_features
18:53:25.175511 [info ]: Started model main.stg_players
18:53:25.175522 [debug]: Started rendering model main.stg_players
18:53:25.175551 [info ]: Finished loading project [  0.18s]
18:53:25.176395 [debug]: Compiled SQL for node model.soccer_analytics.stg_players at target\.lsp\compiled\soccer_analytics\models\staging\stg_players.sql
18:53:25.176626 [debug]: Finished rendering [  0.00s] model main.stg_players [success]
18:53:25.176751 [info ]: Started analyzing (2 nodes)
18:53:25.176772 [debug]: Started analyzing model main.stg_players
18:53:25.176842 [debug]: Compiled SQL for node model.soccer_analytics.player_features at target\.lsp\compiled\soccer_analytics\models\marts\player_features.sql
18:53:25.176988 [debug]: Finished rendering [  0.00s] model main.player_features [success]
18:53:25.177021 [info ]: Finished rendering [  0.00s] (2 nodes, 0 skipped, 0 errors)
18:53:25.177049 [debug]: Started analyzing model main.player_features
18:53:25.177442 [debug]: Finished analyzing [  0.00s] model main.player_features [success]
18:53:25.177474 [info ]:  Succeeded [  0.00s] model main.player_features (table)
18:53:25.178530 [debug]: Finished analyzing [  0.00s] model main.stg_players [success]
18:53:25.178581 [info ]: Finished analyzing [  0.00s] (2 nodes, 0 skipped, 0 errors)
18:53:25.178589 [info ]:  Succeeded [  0.00s] model main.stg_players (view)
18:53:25.184454 [info ]: Started scheduling
18:53:25.184520 [info ]: Finished scheduling [  0.00s]
18:53:25.184613 [info ]: 
==================== Execution Summary =====================
Finished 'compile' successfully for target 'dev' [193ms]
Processed: 2 models
Summary: 2 total | 2 success
18:53:25.184863 [info ]: Cached model count updated: 2 models (accurate)
==================== 2026-09-04T21:29:59.302585Z | 4f537f3c-5f12-4853-89cc-16a29ed7fd8e ====================
21:29:59.323767 [info ]: Started loading project
21:29:59.424101 [info ]: Loading profiles.yml
21:29:59.995008 [info ]: Cached model count updated: 2 models (accurate)
21:29:59.995338 [info ]: Finished loading project [  0.67s]
21:29:59.996426 [info ]: 
==================== Execution Summary =====================
Finished 'compile' successfully for target 'dev' [693ms]
==================== 2026-09-04T21:30:00.395497Z | 1f481369-a410-42cf-afcb-078e46e73944 ====================
21:30:00.395615 [info ]: Started loading project
21:30:00.402497 [info ]: Loading profiles.yml
21:30:00.531569 [info ]: Cached model count updated: 2 models (accurate)
21:30:00.531950 [info ]: Finished loading project [  0.14s]
21:30:00.531993 [info ]: 
==================== Execution Summary =====================
Finished 'compile' successfully for target 'dev' [136ms]
21:30:01.175443 [info ]: Loading profiles.yml
==================== 2026-09-04T21:30:02.451146Z | c4d81591-e416-4441-b753-fe30c87be737 ====================
21:30:02.451776 [info ]: Started loading project
21:30:02.455669 [info ]: Loading profiles.yml
21:30:02.556702 [info ]: Cached model count updated: 2 models (estimate)
21:30:02.556752 [info ]: Cached model count updated: 2 models (accurate)
21:30:02.564071 [info ]: Started scheduling
21:30:02.575619 [info ]: Finished scheduling [  0.01s]
21:30:02.577434 [debug]: Compilation - 2 nodes selected: {"model.soccer_analytics.player_features", "model.soccer_analytics.stg_players"}
21:30:03.775912 [info ]: Started building task graph
21:30:03.784042 [info ]: Finished building task graph [  0.01s]
21:30:05.755108 [info ]: Started rendering (2 nodes)
21:30:05.756665 [info ]: Started model main.player_features
21:30:05.758274 [debug]: Started rendering model main.player_features
21:30:05.761021 [info ]: Finished loading project [  3.31s]
21:30:05.761896 [info ]: Started model main.stg_players
21:30:05.761966 [debug]: Started rendering model main.stg_players
21:30:05.815392 [debug]: Compiled SQL for node model.soccer_analytics.player_features at target\.lsp\compiled\soccer_analytics\models\marts\player_features.sql
21:30:05.815389 [debug]: Compiled SQL for node model.soccer_analytics.stg_players at target\.lsp\compiled\soccer_analytics\models\staging\stg_players.sql
21:30:05.824827 [debug]: Finished rendering [  0.06s] model main.stg_players [success]
21:30:05.829274 [info ]: Started analyzing (2 nodes)
21:30:05.829317 [debug]: Started analyzing model main.stg_players
21:30:05.830192 [debug]: Finished rendering [  0.07s] model main.player_features [success]
21:30:05.830242 [info ]: Finished rendering [  0.08s] (2 nodes, 0 skipped, 0 errors)
21:30:05.830279 [debug]: Started analyzing model main.player_features
21:30:05.887109 [debug]: Finished analyzing [  0.06s] model main.player_features [success]
21:30:05.887223 [info ]:  Succeeded [  0.13s] model main.player_features (table)
21:30:05.896890 [debug]: Finished analyzing [  0.07s] model main.stg_players [success]
21:30:05.896945 [info ]: Finished analyzing [  0.07s] (2 nodes, 0 skipped, 0 errors)
21:30:05.896960 [info ]:  Succeeded [  0.13s] model main.stg_players (view)
21:30:05.940031 [info ]: Started scheduling
21:30:05.941606 [info ]: Finished scheduling [  0.00s]
21:30:05.944467 [info ]: 
==================== Execution Summary =====================
Finished 'compile' successfully for target 'dev' [3.5s]
Processed: 2 models
Summary: 2 total | 2 success
21:30:05.947564 [info ]: Cached model count updated: 2 models (accurate)
==================== 2026-09-04T21:35:01.482561Z | 8c486afc-1fd2-46aa-a5d7-56f7210c90a7 ====================
21:35:01.482930 [info ]: Started loading project
21:35:01.484409 [info ]: Loading profiles.yml
21:35:01.587078 [info ]: Cached model count updated: 2 models (accurate)
21:35:01.587168 [info ]: Finished loading project [  0.10s]
21:35:01.587227 [info ]: 
==================== Execution Summary =====================
Finished 'compile' successfully for target 'dev' [104ms]
==================== 2026-09-04T21:35:03.158009Z | e898c908-1e18-4fa9-b163-fa821456fc95 ====================
21:35:03.158118 [info ]: Started loading project
21:35:03.159240 [info ]: Loading profiles.yml
21:35:03.203809 [info ]: Cached model count updated: 2 models (estimate)
21:35:03.203836 [info ]: Cached model count updated: 2 models (accurate)
21:35:03.203914 [info ]: Started scheduling
21:35:03.204194 [info ]: Finished scheduling [  0.00s]
21:35:03.204230 [debug]: Compilation - 2 nodes selected: {"model.soccer_analytics.player_features", "model.soccer_analytics.stg_players"}
21:35:03.267864 [info ]: Started building task graph
21:35:03.268025 [info ]: Finished building task graph [  0.00s]
21:35:03.664786 [info ]: Started rendering (2 nodes)
21:35:03.664833 [info ]: Started model main.player_features
21:35:03.664847 [debug]: Started rendering model main.player_features
21:35:03.664889 [info ]: Started model main.stg_players
21:35:03.664897 [debug]: Started rendering model main.stg_players
21:35:03.664938 [info ]: Finished loading project [  0.51s]
21:35:03.666400 [debug]: Compiled SQL for node model.soccer_analytics.stg_players at target\.lsp\compiled\soccer_analytics\models\staging\stg_players.sql
21:35:03.666544 [debug]: Compiled SQL for node model.soccer_analytics.player_features at target\.lsp\compiled\soccer_analytics\models\marts\player_features.sql
21:35:03.666731 [debug]: Finished rendering [  0.00s] model main.player_features [success]
21:35:03.666865 [info ]: Started analyzing (2 nodes)
21:35:03.666914 [debug]: Started analyzing model main.player_features
21:35:03.666954 [debug]: Finished rendering [  0.00s] model main.stg_players [success]
21:35:03.666970 [info ]: Finished rendering [  0.00s] (2 nodes, 0 skipped, 0 errors)
21:35:03.666986 [debug]: Started analyzing model main.stg_players
21:35:03.670968 [debug]: Finished analyzing [  0.00s] model main.player_features [success]
21:35:03.671582 [info ]:  Succeeded [  0.01s] model main.player_features (table)
21:35:03.673872 [debug]: Finished analyzing [  0.01s] model main.stg_players [success]
21:35:03.673902 [info ]: Finished analyzing [  0.01s] (2 nodes, 0 skipped, 0 errors)
21:35:03.673909 [info ]:  Succeeded [  0.01s] model main.stg_players (view)
21:35:03.680908 [info ]: Started scheduling
21:35:03.681008 [info ]: Finished scheduling [  0.00s]
21:35:03.681246 [info ]: 
==================== Execution Summary =====================
Finished 'compile' successfully for target 'dev' [523ms]
Processed: 2 models
Summary: 2 total | 2 success
21:35:03.682018 [info ]: Cached model count updated: 2 models (accurate)
==================== 2026-09-04T22:44:33.292232Z | 71cc242f-2a86-4b6b-8b45-96493ebe51ec ====================
22:44:33.298880 [info ]: Started loading project
22:44:33.326734 [info ]: Loading profiles.yml
22:44:33.555125 [info ]: Cached model count updated: 2 models (accurate)
22:44:33.556532 [info ]: Finished loading project [  0.26s]
22:44:33.558202 [info ]: 
==================== Execution Summary =====================
Finished 'compile' successfully for target 'dev' [265ms]
==================== 2026-09-04T22:44:33.803737Z | 2003eca3-fbcd-4c6d-90db-aef53db794ad ====================
22:44:33.803987 [info ]: Started loading project
22:44:33.804680 [info ]: Loading profiles.yml
22:44:33.872751 [info ]: Cached model count updated: 2 models (accurate)
22:44:33.872961 [info ]: Finished loading project [  0.07s]
22:44:33.872982 [info ]: 
==================== Execution Summary =====================
Finished 'compile' successfully for target 'dev' [69ms]
==================== 2026-09-04T22:44:35.521143Z | a476df21-3ff1-4ccb-8ac9-4e10b021aed2 ====================
22:44:35.521214 [info ]: Started loading project
22:44:35.521882 [info ]: Loading profiles.yml
22:44:35.578434 [info ]: Cached model count updated: 2 models (estimate)
22:44:35.578465 [info ]: Cached model count updated: 2 models (accurate)
22:44:35.583965 [info ]: Started scheduling
22:44:35.594670 [info ]: Finished scheduling [  0.01s]
22:44:35.597080 [debug]: Compilation - 2 nodes selected: {"model.soccer_analytics.player_features", "model.soccer_analytics.stg_players"}
22:44:35.865240 [info ]: Started building task graph
22:44:35.873428 [info ]: Finished building task graph [  0.01s]
22:44:36.936037 [info ]: Started rendering (2 nodes)
22:44:36.938871 [info ]: Started model main.player_features
22:44:36.940252 [debug]: Started rendering model main.player_features
22:44:36.941921 [info ]: Finished loading project [  1.42s]
22:44:36.943404 [info ]: Started model main.stg_players
22:44:36.943478 [debug]: Started rendering model main.stg_players
22:44:36.954018 [debug]: Compiled SQL for node model.soccer_analytics.player_features at target\.lsp\compiled\soccer_analytics\models\marts\player_features.sql
22:44:36.954019 [debug]: Compiled SQL for node model.soccer_analytics.stg_players at target\.lsp\compiled\soccer_analytics\models\staging\stg_players.sql
22:44:36.960383 [debug]: Finished rendering [  0.02s] model main.player_features [success]
22:44:36.961414 [info ]: Started analyzing (2 nodes)
22:44:36.961454 [debug]: Started analyzing model main.player_features
22:44:36.961922 [debug]: Finished rendering [  0.02s] model main.stg_players [success]
22:44:36.961954 [info ]: Finished rendering [  0.03s] (2 nodes, 0 skipped, 0 errors)
22:44:36.961975 [debug]: Started analyzing model main.stg_players
22:44:36.995132 [debug]: Finished analyzing [  0.03s] model main.player_features [success]
22:44:36.995172 [info ]:  Succeeded [  0.05s] model main.player_features (table)
22:44:36.995422 [debug]: Finished analyzing [  0.03s] model main.stg_players [success]
22:44:36.995438 [info ]: Finished analyzing [  0.03s] (2 nodes, 0 skipped, 0 errors)
22:44:36.995445 [info ]:  Succeeded [  0.05s] model main.stg_players (view)
22:44:37.024999 [info ]: Started scheduling
22:44:37.027103 [info ]: Finished scheduling [  0.00s]
22:44:37.029534 [info ]: 
==================== Execution Summary =====================
Finished 'compile' successfully for target 'dev' [1.5s]
Processed: 2 models
Summary: 2 total | 2 success
22:44:37.031752 [info ]: Cached model count updated: 2 models (accurate)
22:44:37.279144 [info ]: Loading profiles.yml
==================== 2026-09-05T17:07:45.184924Z | 0a3ac896-d2ab-4292-abd4-137d38b75909 ====================
17:07:45.198870 [info ]: Started loading project
17:07:45.240073 [info ]: Loading profiles.yml
17:07:45.624936 [info ]: Cached model count updated: 2 models (accurate)
17:07:45.625184 [info ]: Finished loading project [  0.43s]
17:07:45.625838 [info ]: 
==================== Execution Summary =====================
Finished 'compile' successfully for target 'dev' [440ms]
==================== 2026-09-05T17:07:45.796184Z | 513ec81d-cba8-4c92-b796-5a62ffce506f ====================
17:07:45.797304 [info ]: Started loading project
17:07:45.801258 [info ]: Loading profiles.yml
17:07:45.880309 [info ]: Cached model count updated: 2 models (accurate)
17:07:45.880309 [info ]: Finished loading project [  0.08s]
17:07:45.880348 [info ]: 
==================== Execution Summary =====================
Finished 'compile' successfully for target 'dev' [84ms]
==================== 2026-09-05T17:07:47.567109Z | 7d3da07e-cbc1-4c50-b006-ecf2c71160a6 ====================
17:07:47.567290 [info ]: Started loading project
17:07:47.570849 [info ]: Loading profiles.yml
17:07:47.647148 [info ]: Cached model count updated: 2 models (estimate)
17:07:47.647203 [info ]: Cached model count updated: 2 models (accurate)
17:07:47.651268 [info ]: Started scheduling
17:07:47.661391 [info ]: Finished scheduling [  0.01s]
17:07:47.663252 [debug]: Compilation - 2 nodes selected: {"model.soccer_analytics.player_features", "model.soccer_analytics.stg_players"}
17:07:48.281510 [info ]: Started building task graph
17:07:48.291262 [info ]: Finished building task graph [  0.01s]
17:07:48.580057 [info ]: Started rendering (2 nodes)
17:07:48.582013 [info ]: Started model main.player_features
17:07:48.582971 [debug]: Started rendering model main.player_features
17:07:48.584737 [info ]: Finished loading project [  1.02s]
17:07:48.585901 [info ]: Started model main.stg_players
17:07:48.585951 [debug]: Started rendering model main.stg_players
17:07:48.606923 [debug]: Compiled SQL for node model.soccer_analytics.player_features at target\.lsp\compiled\soccer_analytics\models\marts\player_features.sql
17:07:48.606925 [debug]: Compiled SQL for node model.soccer_analytics.stg_players at target\.lsp\compiled\soccer_analytics\models\staging\stg_players.sql
17:07:48.613410 [debug]: Finished rendering [  0.03s] model main.player_features [success]
17:07:48.615194 [info ]: Started analyzing (2 nodes)
17:07:48.615239 [debug]: Started analyzing model main.player_features
17:07:48.615570 [debug]: Finished rendering [  0.03s] model main.stg_players [success]
17:07:48.615605 [info ]: Finished rendering [  0.04s] (2 nodes, 0 skipped, 0 errors)
17:07:48.615633 [debug]: Started analyzing model main.stg_players
17:07:48.649197 [debug]: Finished analyzing [  0.03s] model main.stg_players [success]
17:07:48.649249 [info ]:  Succeeded [  0.06s] model main.stg_players (view)
17:07:48.649764 [debug]: Finished analyzing [  0.03s] model main.player_features [success]
17:07:48.649812 [info ]: Finished analyzing [  0.03s] (2 nodes, 0 skipped, 0 errors)
17:07:48.649829 [info ]:  Succeeded [  0.06s] model main.player_features (table)
17:07:48.680813 [info ]: Started scheduling
17:07:48.682321 [info ]: Finished scheduling [  0.00s]
17:07:48.686040 [info ]: Loading profiles.yml
17:07:48.685622 [info ]: 
==================== Execution Summary =====================
Finished 'compile' successfully for target 'dev' [1.1s]
Processed: 2 models
Summary: 2 total | 2 success
17:07:48.689777 [info ]: Cached model count updated: 2 models (accurate)
==================== 2026-09-05T21:50:18.906202Z | 45a4bdb2-ce41-4531-9972-ea9ad5c5f678 ====================
21:50:18.921152 [info ]: Started loading project
21:50:18.972131 [info ]: Loading profiles.yml
21:50:19.468884 [info ]: Finished loading project [  0.55s]
21:50:19.468735 [info ]: Cached model count updated: 2 models (accurate)
21:50:19.469938 [info ]: 
==================== Execution Summary =====================
Finished 'compile' successfully for target 'dev' [563ms]
==================== 2026-09-05T21:50:19.716186Z | ffb3d14b-003c-4792-adf0-bf4290ece65d ====================
21:50:19.716335 [info ]: Started loading project
21:50:19.717339 [info ]: Loading profiles.yml
21:50:19.815472 [info ]: Finished loading project [  0.10s]
21:50:19.815495 [info ]: Cached model count updated: 2 models (accurate)
21:50:19.815524 [info ]: 
==================== Execution Summary =====================
Finished 'compile' successfully for target 'dev' [99ms]
==================== 2026-09-05T21:50:22.304917Z | faa20574-c8b5-4150-94a1-90751fb610f7 ====================
21:50:22.305651 [info ]: Started loading project
21:50:22.311038 [info ]: Loading profiles.yml
21:50:22.437967 [info ]: Cached model count updated: 2 models (estimate)
21:50:22.438032 [info ]: Cached model count updated: 2 models (accurate)
21:50:22.445282 [info ]: Started scheduling
21:50:22.458602 [info ]: Finished scheduling [  0.01s]
21:50:22.461304 [debug]: Compilation - 2 nodes selected: {"model.soccer_analytics.player_features", "model.soccer_analytics.stg_players"}
21:50:22.714683 [info ]: Started building task graph
21:50:22.726273 [info ]: Finished building task graph [  0.01s]
21:50:23.361278 [info ]: Loading profiles.yml
21:50:23.969311 [info ]: Started rendering (2 nodes)
21:50:23.970579 [info ]: Started model main.player_features
21:50:23.971440 [debug]: Started rendering model main.player_features
21:50:23.973796 [info ]: Finished loading project [  1.67s]
21:50:23.974394 [info ]: Started model main.stg_players
21:50:23.974445 [debug]: Started rendering model main.stg_players
21:50:23.984379 [debug]: Compiled SQL for node model.soccer_analytics.player_features at target\.lsp\compiled\soccer_analytics\models\marts\player_features.sql
21:50:23.984379 [debug]: Compiled SQL for node model.soccer_analytics.stg_players at target\.lsp\compiled\soccer_analytics\models\staging\stg_players.sql
21:50:23.990638 [debug]: Finished rendering [  0.02s] model main.player_features [success]
21:50:23.992202 [info ]: Started analyzing (2 nodes)
21:50:23.992254 [debug]: Started analyzing model main.player_features
21:50:23.992695 [debug]: Finished rendering [  0.02s] model main.stg_players [success]
21:50:23.992736 [info ]: Finished rendering [  0.02s] (2 nodes, 0 skipped, 0 errors)
21:50:23.992774 [debug]: Started analyzing model main.stg_players
21:50:24.027545 [debug]: Finished analyzing [  0.04s] model main.player_features [success]
21:50:24.027600 [info ]:  Succeeded [  0.05s] model main.player_features (table)
21:50:24.032817 [debug]: Finished analyzing [  0.04s] model main.stg_players [success]
21:50:24.032865 [info ]: Finished analyzing [  0.04s] (2 nodes, 0 skipped, 0 errors)
21:50:24.032879 [info ]:  Succeeded [  0.06s] model main.stg_players (view)
21:50:24.069954 [info ]: Started scheduling
21:50:24.072199 [info ]: Finished scheduling [  0.00s]
21:50:24.074266 [info ]: 
==================== Execution Summary =====================
Finished 'compile' successfully for target 'dev' [1.8s]
Processed: 2 models
Summary: 2 total | 2 success
21:50:24.078081 [info ]: Cached model count updated: 2 models (accurate)
==================== 2026-09-06T01:31:27.957416Z | 9962cead-54c0-4f95-80a8-489af0836d57 ====================
01:31:27.966644 [info ]: Started loading project
01:31:27.999188 [info ]: Loading profiles.yml
01:31:28.207547 [info ]: Cached model count updated: 2 models (accurate)
01:31:28.207880 [info ]: Finished loading project [  0.24s]
01:31:28.208354 [info ]: 
==================== Execution Summary =====================
Finished 'compile' successfully for target 'dev' [250ms]
==================== 2026-09-06T01:31:28.421656Z | f8a775e9-6cca-408a-bb48-0e800dd3d3cf ====================
01:31:28.421777 [info ]: Started loading project
01:31:28.422349 [info ]: Loading profiles.yml
01:31:28.449758 [info ]: Cached model count updated: 2 models (accurate)
01:31:28.449830 [info ]: Finished loading project [  0.03s]
01:31:28.449850 [info ]: 
==================== Execution Summary =====================
Finished 'compile' successfully for target 'dev' [28ms]
==================== 2026-09-06T01:31:30.190119Z | ac1a1b0e-a16f-42e2-a4a2-bcd942a8aace ====================
01:31:30.190233 [info ]: Started loading project
01:31:30.191110 [info ]: Loading profiles.yml
01:31:30.235867 [info ]: Cached model count updated: 2 models (estimate)
01:31:30.235906 [info ]: Cached model count updated: 2 models (accurate)
01:31:30.240679 [info ]: Started scheduling
01:31:30.250265 [info ]: Finished scheduling [  0.01s]
01:31:30.251118 [debug]: Compilation - 2 nodes selected: {"model.soccer_analytics.player_features", "model.soccer_analytics.stg_players"}
01:31:30.435113 [info ]: Started building task graph
01:31:30.443119 [info ]: Finished building task graph [  0.01s]
01:31:31.192251 [info ]: Started rendering (2 nodes)
01:31:31.193047 [info ]: Started model main.player_features
01:31:31.193419 [debug]: Started rendering model main.player_features
01:31:31.194559 [info ]: Finished loading project [  1.00s]
01:31:31.195689 [info ]: Started model main.stg_players
01:31:31.195717 [debug]: Started rendering model main.stg_players
01:31:31.201397 [debug]: Compiled SQL for node model.soccer_analytics.stg_players at target\.lsp\compiled\soccer_analytics\models\staging\stg_players.sql
01:31:31.201397 [debug]: Compiled SQL for node model.soccer_analytics.player_features at target\.lsp\compiled\soccer_analytics\models\marts\player_features.sql
01:31:31.205230 [debug]: Finished rendering [  0.01s] model main.player_features [success]
01:31:31.206538 [info ]: Started analyzing (2 nodes)
01:31:31.206560 [debug]: Started analyzing model main.player_features
01:31:31.206803 [debug]: Finished rendering [  0.01s] model main.stg_players [success]
01:31:31.206820 [info ]: Finished rendering [  0.01s] (2 nodes, 0 skipped, 0 errors)
01:31:31.207130 [debug]: Started analyzing model main.stg_players
01:31:31.233895 [debug]: Finished analyzing [  0.03s] model main.player_features [success]
01:31:31.233938 [info ]:  Succeeded [  0.04s] model main.player_features (table)
01:31:31.233982 [debug]: Finished analyzing [  0.03s] model main.stg_players [success]
01:31:31.233991 [info ]: Finished analyzing [  0.03s] (2 nodes, 0 skipped, 0 errors)
01:31:31.233997 [info ]:  Succeeded [  0.04s] model main.stg_players (view)
01:31:31.250572 [info ]: Started scheduling
01:31:31.251392 [info ]: Finished scheduling [  0.00s]
01:31:31.251957 [info ]: 
==================== Execution Summary =====================
Finished 'compile' successfully for target 'dev' [1.1s]
Processed: 2 models
Summary: 2 total | 2 success
01:31:31.253667 [info ]: Cached model count updated: 2 models (accurate)
01:31:31.531977 [info ]: Loading profiles.yml
==================== 2026-09-06T01:33:25.665092Z | e2011a48-565a-4f90-aaa0-3f15ebabefff ====================
01:33:25.665242 [info ]: Started loading project
01:33:25.666226 [info ]: Loading profiles.yml
01:33:25.732704 [info ]: Cached model count updated: 2 models (accurate)
01:33:25.732893 [info ]: Finished loading project [  0.07s]
01:33:25.732922 [info ]: 
==================== Execution Summary =====================
Finished 'compile' successfully for target 'dev' [67ms]
01:33:25.812037 [debug]: DuckDB driver resolved: duckdb 1.5.4
==================== 2026-09-06T01:33:27.585953Z | 11a2fbfa-074b-42c4-a0d1-c93450669458 ====================
01:33:27.586208 [info ]: Started loading project
01:33:27.587111 [info ]: Loading profiles.yml
01:33:27.617662 [info ]: Cached model count updated: 2 models (estimate)
01:33:27.617691 [info ]: Cached model count updated: 2 models (accurate)
01:33:27.617829 [info ]: Started scheduling
01:33:27.618022 [info ]: Finished scheduling [  0.00s]
01:33:27.618044 [debug]: Compilation - 2 nodes selected: {"model.soccer_analytics.player_features", "model.soccer_analytics.stg_players"}
01:33:27.656740 [info ]: Started building task graph
01:33:27.656818 [info ]: Finished building task graph [  0.00s]
01:33:27.739809 [info ]: Started rendering (2 nodes)
01:33:27.739851 [info ]: Started model main.player_features
01:33:27.739863 [debug]: Started rendering model main.player_features
01:33:27.739922 [info ]: Finished loading project [  0.15s]
01:33:27.739955 [info ]: Started model main.stg_players
01:33:27.739987 [debug]: Started rendering model main.stg_players
01:33:27.740659 [debug]: Compiled SQL for node model.soccer_analytics.player_features at target\.lsp\compiled\soccer_analytics\models\marts\player_features.sql
01:33:27.740816 [debug]: Finished rendering [  0.00s] model main.player_features [success]
01:33:27.740881 [info ]: Started analyzing (2 nodes)
01:33:27.740896 [debug]: Started analyzing model main.player_features
01:33:27.741508 [debug]: Compiled SQL for node model.soccer_analytics.stg_players at target\.lsp\compiled\soccer_analytics\models\staging\stg_players.sql
01:33:27.741737 [debug]: Finished rendering [  0.00s] model main.stg_players [success]
01:33:27.741771 [info ]: Finished rendering [  0.00s] (2 nodes, 0 skipped, 0 errors)
01:33:27.741800 [debug]: Started analyzing model main.stg_players
01:33:27.742699 [debug]: Finished analyzing [  0.00s] model main.player_features [success]
01:33:27.742730 [info ]:  Succeeded [  0.00s] model main.player_features (table)
01:33:27.743829 [debug]: Finished analyzing [  0.00s] model main.stg_players [success]
01:33:27.743906 [info ]: Finished analyzing [  0.00s] (2 nodes, 0 skipped, 0 errors)
01:33:27.743966 [info ]:  Succeeded [  0.00s] model main.stg_players (view)
01:33:27.750117 [info ]: Started scheduling
01:33:27.750185 [info ]: Finished scheduling [  0.00s]
01:33:27.750282 [info ]: 
==================== Execution Summary =====================
Finished 'compile' successfully for target 'dev' [164ms]
Processed: 2 models
Summary: 2 total | 2 success
01:33:27.751698 [info ]: Cached model count updated: 2 models (accurate)
==================== 2026-09-06T01:33:39.648956Z | 76444dc4-aa8a-4ca6-ac05-56e575814e45 ====================
01:33:39.649100 [info ]: Started loading project
01:33:39.649773 [info ]: Loading profiles.yml
01:33:39.697716 [info ]: Cached model count updated: 2 models (accurate)
01:33:39.697823 [info ]: Finished loading project [  0.05s]
01:33:39.697858 [info ]: 
==================== Execution Summary =====================
Finished 'compile' successfully for target 'dev' [48ms]
==================== 2026-09-06T01:33:41.431565Z | 419e3205-2b4c-4201-aad8-6aec6e31d054 ====================
01:33:41.431662 [info ]: Started loading project
01:33:41.433276 [info ]: Loading profiles.yml
01:33:41.478075 [info ]: Cached model count updated: 2 models (estimate)
01:33:41.478111 [info ]: Cached model count updated: 2 models (accurate)
01:33:41.478154 [info ]: Started scheduling
01:33:41.478233 [info ]: Finished scheduling [  0.00s]
01:33:41.478256 [debug]: Compilation - 2 nodes selected: {"model.soccer_analytics.player_features", "model.soccer_analytics.stg_players"}
01:33:41.529622 [info ]: Started building task graph
01:33:41.529706 [info ]: Finished building task graph [  0.00s]
01:33:41.644938 [info ]: Started rendering (2 nodes)
01:33:41.644980 [info ]: Started model main.player_features
01:33:41.644992 [debug]: Started rendering model main.player_features
01:33:41.645016 [info ]: Started model main.stg_players
01:33:41.645021 [debug]: Started rendering model main.stg_players
01:33:41.645069 [info ]: Finished loading project [  0.21s]
01:33:41.645588 [debug]: Compiled SQL for node model.soccer_analytics.stg_players at target\.lsp\compiled\soccer_analytics\models\staging\stg_players.sql
01:33:41.645668 [debug]: Finished rendering [  0.00s] model main.stg_players [success]
01:33:41.645694 [info ]: Started analyzing (2 nodes)
01:33:41.645702 [debug]: Started analyzing model main.stg_players
01:33:41.645783 [debug]: Compiled SQL for node model.soccer_analytics.player_features at target\.lsp\compiled\soccer_analytics\models\marts\player_features.sql
01:33:41.645899 [debug]: Finished rendering [  0.00s] model main.player_features [success]
01:33:41.645908 [info ]: Finished rendering [  0.00s] (2 nodes, 0 skipped, 0 errors)
01:33:41.645917 [debug]: Started analyzing model main.player_features
01:33:41.646204 [debug]: Finished analyzing [  0.00s] model main.player_features [success]
01:33:41.646213 [info ]:  Succeeded [-------] model main.player_features (table)
01:33:41.646762 [debug]: Finished analyzing [  0.00s] model main.stg_players [success]
01:33:41.646780 [info ]: Finished analyzing [  0.00s] (2 nodes, 0 skipped, 0 errors)
01:33:41.646785 [info ]:  Succeeded [  0.00s] model main.stg_players (view)
01:33:41.650815 [info ]: Started scheduling
01:33:41.650879 [info ]: Finished scheduling [  0.00s]
01:33:41.650956 [info ]: 
==================== Execution Summary =====================
Finished 'compile' successfully for target 'dev' [219ms]
Processed: 2 models
Summary: 2 total | 2 success
01:33:41.651214 [info ]: Cached model count updated: 2 models (accurate)
==================== 2026-09-06T01:37:47.318621Z | e8086481-3d06-4cd0-bc25-a5228cff77c0 ====================
01:37:47.326844 [info ]: Started loading project
01:37:47.357778 [info ]: Loading profiles.yml
01:37:47.513439 [info ]: Cached model count updated: 2 models (accurate)
01:37:47.513994 [info ]: Finished loading project [  0.19s]
01:37:47.515420 [info ]: 
==================== Execution Summary =====================
Finished 'compile' successfully for target 'dev' [196ms]
==================== 2026-09-06T01:37:49.353053Z | 4cd42f2a-707e-4113-84ac-c93bc94fb1b3 ====================
01:37:49.353181 [info ]: Started loading project
01:37:49.355077 [info ]: Loading profiles.yml
01:37:49.450045 [info ]: Cached model count updated: 2 models (estimate)
01:37:49.450096 [info ]: Cached model count updated: 2 models (accurate)
01:37:49.455277 [info ]: Started scheduling
01:37:49.464255 [info ]: Finished scheduling [  0.01s]
01:37:49.465429 [debug]: Compilation - 2 nodes selected: {"model.soccer_analytics.player_features", "model.soccer_analytics.stg_players"}
01:37:49.570352 [info ]: Started building task graph
01:37:49.577404 [info ]: Finished building task graph [  0.01s]
01:37:50.185342 [info ]: Started rendering (2 nodes)
01:37:50.186387 [info ]: Started model main.player_features
01:37:50.187048 [debug]: Started rendering model main.player_features
01:37:50.188143 [info ]: Finished loading project [  0.83s]
01:37:50.188923 [info ]: Started model main.stg_players
01:37:50.188942 [debug]: Started rendering model main.stg_players
01:37:50.195792 [debug]: Compiled SQL for node model.soccer_analytics.stg_players at target\.lsp\compiled\soccer_analytics\models\staging\stg_players.sql
01:37:50.195792 [debug]: Compiled SQL for node model.soccer_analytics.player_features at target\.lsp\compiled\soccer_analytics\models\marts\player_features.sql
01:37:50.199895 [debug]: Finished rendering [  0.01s] model main.stg_players [success]
01:37:50.201048 [info ]: Started analyzing (2 nodes)
01:37:50.201074 [debug]: Started analyzing model main.stg_players
01:37:50.201277 [debug]: Finished rendering [  0.01s] model main.player_features [success]
01:37:50.201293 [info ]: Finished rendering [  0.02s] (2 nodes, 0 skipped, 0 errors)
01:37:50.201307 [debug]: Started analyzing model main.player_features
01:37:50.223903 [debug]: Finished analyzing [  0.02s] model main.player_features [success]
01:37:50.223941 [info ]:  Succeeded [  0.04s] model main.player_features (table)
01:37:50.224205 [debug]: Finished analyzing [  0.02s] model main.stg_players [success]
01:37:50.224214 [info ]: Finished analyzing [  0.02s] (2 nodes, 0 skipped, 0 errors)
01:37:50.224220 [info ]:  Succeeded [  0.03s] model main.stg_players (view)
01:37:50.238811 [info ]: Started scheduling
01:37:50.239621 [info ]: Finished scheduling [  0.00s]
01:37:50.241297 [info ]: 
==================== Execution Summary =====================
Finished 'compile' successfully for target 'dev' [888ms]
Processed: 2 models
Summary: 2 total | 2 success
01:37:50.243760 [info ]: Cached model count updated: 2 models (accurate)
==================== 2026-09-06T02:29:14.471729Z | 6d33e0bb-e5f9-417a-8d09-8a07f1ad36bb ====================
02:29:14.480995 [info ]: Started loading project
02:29:14.526293 [info ]: Loading profiles.yml
==================== 2026-09-06T02:29:14.686671Z | c086200e-c33d-4c66-8a0b-877187191d92 ====================
02:29:14.686855 [info ]: Started loading project
02:29:14.688555 [info ]: Loading profiles.yml
02:29:14.690025 [info ]: Finished loading project [  0.21s]
02:29:14.698030 [info ]: Loading profiles.yml
02:29:14.745091 [info ]:    Started resolving packages from packages.yml
02:29:14.920067 [info ]:   Finished [  0.17s] resolving packages from packages.yml (1 items)
02:29:14.924077 [debug]:    Started loading packages
02:29:14.937804 [debug]:     Loaded [  0.01s] packages
02:29:14.939232 [info ]: Finished loading project [  0.25s]
02:29:14.944996 [info ]: Started parsing
02:29:15.155893 [debug]: Finished parsing models/schema.yml [  0.02s]
02:29:15.202943 [debug]: Finished parsing models/marts/player_features.sql [  0.03s]
02:29:15.213767 [debug]: Finished parsing models/staging/stg_players.sql [  0.01s]
02:29:15.226759 [debug]: Finished parsing tests/player_features_metrics.sql [  0.00s]
02:29:15.228568 [debug]: Finished parsing tests/stg_players_scope.sql [  0.00s]
02:29:15.546739 [info ]: Finished parsing [  0.60s]
02:29:15.553672 [info ]: Cached model count updated: 2 models (estimate)
02:29:15.553720 [info ]: Cached model count updated: 2 models (accurate)
02:29:15.556782 [info ]: Started scheduling
02:29:15.565856 [info ]: Finished scheduling [  0.01s]
02:29:15.565959 [debug]: Compilation - 0 nodes selected: {}
02:29:15.567549 [warn ]: [NoNodesForSelectionCriteria (dbt1092)]: The selection criterion '' does not match any enabled nodes
02:29:15.568786 [warn ]: [NoNodesSelected (dbt1601)]: Nothing to do. Try checking your model configs and model specification args
02:29:15.570066 [info ]: Started scheduling
02:29:15.572389 [info ]: Finished scheduling [  0.00s]
02:29:15.579383 [debug]: Initializing schema store with entry: Frontier(CanonicalFqn { catalog: "api_sports", schema: "soccer_analytics_data", table: "players_raw" }) and interval: None
02:29:15.580087 [debug]: Initializing schema store with entry: Frontier(CanonicalFqn { catalog: "api_sports", schema: "soccer_analytics_data", table: "players_raw__statistics" }) and interval: None
02:29:15.686596 [info ]: Started building task graph
02:29:15.689881 [info ]: Finished building task graph [  0.00s]
02:29:17.272399 [info ]: Started scheduling
02:29:17.272479 [info ]: Finished scheduling [  0.00s]
02:29:17.274022 [info ]: 
==================== Execution Summary =====================
Finished 'compile' with 2 warnings for target 'dev' [2.6s]
02:29:17.276110 [info ]: 
==================== Execution Summary =====================
Finished 'compile' successfully for target 'dev' [2.8s]
02:29:17.330305 [info ]: Cached model count updated: 2 models (accurate)
==================== 2026-09-06T02:29:19.097322Z | a2cf1330-caa1-4baf-8319-fb3c114f334a ====================
02:29:19.097501 [info ]: Started loading project
02:29:19.098647 [info ]: Loading profiles.yml
02:29:19.172708 [info ]: Cached model count updated: 2 models (estimate)
02:29:19.172743 [info ]: Cached model count updated: 2 models (accurate)
02:29:19.172797 [info ]: Started scheduling
02:29:19.172908 [info ]: Finished scheduling [  0.00s]
02:29:19.172939 [debug]: Compilation - 2 nodes selected: {"model.soccer_analytics.player_features", "model.soccer_analytics.stg_players"}
02:29:19.264279 [info ]: Started building task graph
02:29:19.270733 [info ]: Finished building task graph [  0.01s]
02:29:19.516309 [info ]: Started rendering (2 nodes)
02:29:19.518719 [info ]: Started model main.player_features
02:29:19.519548 [debug]: Started rendering model main.player_features
02:29:19.521013 [info ]: Started model main.stg_players
02:29:19.521030 [debug]: Started rendering model main.stg_players
02:29:19.521041 [info ]: Finished loading project [  0.42s]
02:29:19.542459 [debug]: Compiled SQL for node model.soccer_analytics.player_features at target\.lsp\compiled\soccer_analytics\models\marts\player_features.sql
02:29:19.549133 [debug]: Finished rendering [  0.03s] model main.player_features [success]
02:29:19.551036 [info ]: Started analyzing (2 nodes)
02:29:19.551070 [debug]: Started analyzing model main.player_features
02:29:19.587967 [debug]: Compiled SQL for node model.soccer_analytics.stg_players at target\.lsp\compiled\soccer_analytics\models\staging\stg_players.sql
02:29:19.588856 [debug]: Finished rendering [  0.07s] model main.stg_players [success]
02:29:19.588918 [info ]: Finished rendering [  0.07s] (2 nodes, 0 skipped, 0 errors)
02:29:19.588962 [debug]: Started analyzing model main.stg_players
02:29:19.596121 [debug]: Finished analyzing [  0.05s] model main.player_features [success]
02:29:19.596232 [info ]:  Succeeded [  0.07s] model main.player_features (table)
02:29:19.602974 [debug]: Finished analyzing [  0.01s] model main.stg_players [success]
02:29:19.603053 [info ]: Finished analyzing [  0.05s] (2 nodes, 0 skipped, 0 errors)
02:29:19.603090 [info ]:  Succeeded [  0.08s] model main.stg_players (view)
02:29:19.610917 [info ]: Started scheduling
02:29:19.610995 [info ]: Finished scheduling [  0.00s]
02:29:19.611455 [info ]: 
==================== Execution Summary =====================
Finished 'compile' successfully for target 'dev' [514ms]
Processed: 2 models
Summary: 2 total | 2 success
02:29:19.612196 [info ]: Cached model count updated: 2 models (accurate)
==================== 2026-09-06T02:29:47.142324Z | 9a5d4a39-8a0a-44ff-bd34-37617f93b570 ====================
02:29:47.142536 [info ]: Started loading project
02:29:47.144151 [info ]: Loading profiles.yml
02:29:47.173056 [info ]: Started parsing
02:29:47.240203 [info ]: Finished loading project [  0.10s]
02:29:47.246537 [debug]: Finished parsing models/schema.yml [  0.00s]
02:29:47.250141 [debug]: Finished parsing models/marts/player_features.sql [  0.00s]
02:29:47.252538 [debug]: Finished parsing models/staging/stg_players.sql [  0.00s]
02:29:47.498701 [info ]: Finished parsing [  0.33s]
02:29:47.504518 [info ]: Cached model count updated: 2 models (estimate)
02:29:47.504547 [info ]: Cached model count updated: 2 models (accurate)
02:29:47.504592 [info ]: Started scheduling
02:29:47.506442 [info ]: Finished scheduling [  0.00s]
02:29:47.506483 [debug]: Compilation - 1 nodes selected: {"model.soccer_analytics.stg_players"}
02:29:47.581464 [info ]: Started building task graph
02:29:47.581637 [info ]: Finished building task graph [  0.00s]
02:29:47.720348 [info ]: Started rendering (1 nodes)
02:29:47.720445 [info ]: Started model main.stg_players
02:29:47.720461 [debug]: Started rendering model main.stg_players
02:29:47.729372 [debug]: Compiled SQL for node model.soccer_analytics.stg_players at target\.lsp\compiled\soccer_analytics\models\staging\stg_players.sql
02:29:47.729630 [debug]: Finished rendering [  0.01s] model main.stg_players [success]
02:29:47.729658 [info ]: Finished rendering [  0.01s] (1 nodes, 0 skipped, 0 errors)
02:29:47.729689 [info ]: Started analyzing (1 nodes)
02:29:47.729699 [debug]: Started analyzing model main.stg_players
02:29:47.757127 [debug]: Finished analyzing [  0.03s] model main.stg_players [success]
02:29:47.757437 [info ]: Finished analyzing [  0.03s] (1 nodes, 0 skipped, 0 errors)
02:29:47.757467 [info ]:  Succeeded [  0.04s] model main.stg_players (view)
02:29:47.764240 [info ]: Started scheduling
02:29:47.764380 [info ]: Finished scheduling [  0.00s]
02:29:47.766650 [info ]: 
==================== Execution Summary =====================
Finished 'compile' successfully for target 'dev' [624ms]
Processed: 1 model
Summary: 1 total | 1 success
02:29:47.766886 [info ]: Cached model count updated: 2 models (accurate)
==================== 2026-09-06T02:29:49.442806Z | 98359144-bb08-49a0-b2d2-0eda231b1f4a ====================
02:29:49.443023 [info ]: Started loading project
02:29:49.444656 [info ]: Loading profiles.yml
02:29:49.497947 [info ]: Cached model count updated: 2 models (estimate)
02:29:49.497982 [info ]: Cached model count updated: 2 models (accurate)
02:29:49.498021 [info ]: Started scheduling
02:29:49.498097 [info ]: Finished scheduling [  0.00s]
02:29:49.498116 [debug]: Compilation - 2 nodes selected: {"model.soccer_analytics.player_features", "model.soccer_analytics.stg_players"}
02:29:49.572384 [info ]: Started building task graph
02:29:49.572495 [info ]: Finished building task graph [  0.00s]
02:29:49.711350 [info ]: Started rendering (2 nodes)
02:29:49.711394 [info ]: Started model main.player_features
02:29:49.711405 [debug]: Started rendering model main.player_features
02:29:49.711503 [info ]: Finished loading project [  0.27s]
02:29:49.711579 [info ]: Started model main.stg_players
02:29:49.711632 [debug]: Started rendering model main.stg_players
02:29:49.713500 [debug]: Compiled SQL for node model.soccer_analytics.stg_players at target\.lsp\compiled\soccer_analytics\models\staging\stg_players.sql
02:29:49.713677 [debug]: Finished rendering [  0.00s] model main.stg_players [success]
02:29:49.713750 [info ]: Started analyzing (2 nodes)
02:29:49.713772 [debug]: Started analyzing model main.stg_players
02:29:49.713927 [debug]: Compiled SQL for node model.soccer_analytics.player_features at target\.lsp\compiled\soccer_analytics\models\marts\player_features.sql
02:29:49.714126 [debug]: Finished rendering [  0.00s] model main.player_features [success]
02:29:49.714158 [info ]: Finished rendering [  0.00s] (2 nodes, 0 skipped, 0 errors)
02:29:49.714187 [debug]: Started analyzing model main.player_features
02:29:49.714734 [debug]: Finished analyzing [  0.00s] model main.player_features [success]
02:29:49.714766 [info ]:  Succeeded [  0.00s] model main.player_features (table)
02:29:49.715418 [debug]: Finished analyzing [  0.00s] model main.stg_players [success]
02:29:49.715433 [info ]: Finished analyzing [  0.00s] (2 nodes, 0 skipped, 0 errors)
02:29:49.715440 [info ]:  Succeeded [  0.00s] model main.stg_players (view)
02:29:49.720076 [info ]: Started scheduling
02:29:49.720154 [info ]: Finished scheduling [  0.00s]
02:29:49.720281 [info ]: 
==================== Execution Summary =====================
Finished 'compile' successfully for target 'dev' [277ms]
Processed: 2 models
Summary: 2 total | 2 success
02:29:49.720919 [info ]: Cached model count updated: 2 models (accurate)
==================== 2026-09-06T02:32:37.576794Z | 7ecb7b1a-9d2a-4d25-a401-b08533edb94f ====================
02:32:37.577045 [info ]: Started loading project
02:32:37.578709 [info ]: Loading profiles.yml
02:32:37.635898 [info ]: Cached model count updated: 2 models (accurate)
02:32:37.635921 [info ]: Finished loading project [  0.06s]
02:32:37.635951 [info ]: 
==================== Execution Summary =====================
Finished 'compile' successfully for target 'dev' [59ms]
==================== 2026-09-06T02:32:38.065484Z | f67390b4-bfe2-471f-8acf-278f2eb4cafa ====================
02:32:38.065784 [info ]: Started loading project
02:32:38.066971 [info ]: Loading profiles.yml
02:32:38.125411 [info ]: Cached model count updated: 2 models (accurate)
02:32:38.125543 [info ]: Finished loading project [  0.06s]
02:32:38.125575 [info ]: 
==================== Execution Summary =====================
Finished 'compile' successfully for target 'dev' [60ms]
02:32:38.312998 [info ]: Loading profiles.yml
==================== 2026-09-06T02:32:39.883501Z | 058df698-9ff3-4ad7-b1ca-64c95be86aa6 ====================
02:32:39.883713 [info ]: Started loading project
02:32:39.885370 [info ]: Loading profiles.yml
02:32:39.998600 [info ]: Cached model count updated: 2 models (estimate)
02:32:39.998646 [info ]: Cached model count updated: 2 models (accurate)
02:32:39.998707 [info ]: Started scheduling
02:32:39.998928 [info ]: Finished scheduling [  0.00s]
02:32:39.998968 [debug]: Compilation - 2 nodes selected: {"model.soccer_analytics.player_features", "model.soccer_analytics.stg_players"}
02:32:40.085919 [info ]: Started building task graph
02:32:40.086016 [info ]: Finished building task graph [  0.00s]
02:32:40.342617 [info ]: Started rendering (2 nodes)
02:32:40.342750 [info ]: Started model main.player_features
02:32:40.342794 [debug]: Started rendering model main.player_features
02:32:40.342854 [info ]: Started model main.stg_players
02:32:40.342868 [debug]: Started rendering model main.stg_players
02:32:40.342909 [info ]: Finished loading project [  0.46s]
02:32:40.343706 [debug]: Compiled SQL for node model.soccer_analytics.player_features at target\.lsp\compiled\soccer_analytics\models\marts\player_features.sql
02:32:40.343940 [debug]: Finished rendering [  0.00s] model main.player_features [success]
02:32:40.344012 [info ]: Started analyzing (2 nodes)
02:32:40.344035 [debug]: Started analyzing model main.player_features
02:32:40.344187 [debug]: Compiled SQL for node model.soccer_analytics.stg_players at target\.lsp\compiled\soccer_analytics\models\staging\stg_players.sql
02:32:40.344386 [debug]: Finished rendering [  0.00s] model main.stg_players [success]
02:32:40.344422 [info ]: Finished rendering [  0.00s] (2 nodes, 0 skipped, 0 errors)
02:32:40.344455 [debug]: Started analyzing model main.stg_players
02:32:40.344837 [debug]: Finished analyzing [  0.00s] model main.player_features [success]
02:32:40.344870 [info ]:  Succeeded [  0.00s] model main.player_features (table)
02:32:40.347747 [debug]: Finished analyzing [  0.00s] model main.stg_players [success]
02:32:40.347772 [info ]: Finished analyzing [  0.00s] (2 nodes, 0 skipped, 0 errors)
02:32:40.347782 [info ]:  Succeeded [  0.00s] model main.stg_players (view)
02:32:40.355754 [info ]: Started scheduling
02:32:40.356002 [info ]: Finished scheduling [  0.00s]
02:32:40.356222 [info ]: 
==================== Execution Summary =====================
Finished 'compile' successfully for target 'dev' [472ms]
Processed: 2 models
Summary: 2 total | 2 success
02:32:40.356851 [info ]: Cached model count updated: 2 models (accurate)
==================== 2026-09-06T03:57:29.819903Z | cf0c017b-2faa-42be-aca1-8327a9cab0ad ====================
03:57:29.827877 [info ]: Started loading project
03:57:29.866069 [info ]: Loading profiles.yml
03:57:30.067953 [info ]: Cached model count updated: 2 models (accurate)
03:57:30.069734 [info ]: Finished loading project [  0.24s]
03:57:30.070249 [info ]: 
==================== Execution Summary =====================
Finished 'compile' successfully for target 'dev' [250ms]
==================== 2026-09-06T03:57:30.263655Z | bae383c5-9a22-4427-81d8-41003bc87ed2 ====================
03:57:30.263806 [info ]: Started loading project
03:57:30.264587 [info ]: Loading profiles.yml
03:57:30.309119 [info ]: Cached model count updated: 2 models (accurate)
03:57:30.309790 [info ]: Finished loading project [  0.05s]
03:57:30.309861 [info ]: 
==================== Execution Summary =====================
Finished 'compile' successfully for target 'dev' [46ms]
==================== 2026-09-06T03:57:31.925857Z | 58c205b9-912f-483d-8cd4-ddce1c4e8eaa ====================
03:57:31.926204 [info ]: Started loading project
03:57:31.927109 [info ]: Loading profiles.yml
03:57:31.958821 [info ]: Cached model count updated: 2 models (estimate)
03:57:31.958894 [info ]: Cached model count updated: 2 models (accurate)
03:57:31.962151 [info ]: Started scheduling
03:57:31.968946 [info ]: Finished scheduling [  0.01s]
03:57:31.969806 [debug]: Compilation - 2 nodes selected: {"model.soccer_analytics.player_features", "model.soccer_analytics.stg_players"}
03:57:32.466658 [info ]: Started building task graph
03:57:32.472217 [info ]: Finished building task graph [  0.01s]
03:57:33.401063 [info ]: Started rendering (2 nodes)
03:57:33.401912 [info ]: Started model main.player_features
03:57:33.402499 [debug]: Started rendering model main.player_features
03:57:33.403739 [info ]: Finished loading project [  1.48s]
03:57:33.404225 [info ]: Started model main.stg_players
03:57:33.404242 [debug]: Started rendering model main.stg_players
03:57:33.420402 [debug]: Compiled SQL for node model.soccer_analytics.stg_players at target\.lsp\compiled\soccer_analytics\models\staging\stg_players.sql
03:57:33.420402 [debug]: Compiled SQL for node model.soccer_analytics.player_features at target\.lsp\compiled\soccer_analytics\models\marts\player_features.sql
03:57:33.424483 [debug]: Finished rendering [  0.02s] model main.stg_players [success]
03:57:33.425694 [info ]: Started analyzing (2 nodes)
03:57:33.425713 [debug]: Started analyzing model main.stg_players
03:57:33.426122 [debug]: Finished rendering [  0.02s] model main.player_features [success]
03:57:33.426150 [info ]: Finished rendering [  0.03s] (2 nodes, 0 skipped, 0 errors)
03:57:33.426232 [debug]: Started analyzing model main.player_features
03:57:33.451062 [debug]: Finished analyzing [  0.02s] model main.player_features [success]
03:57:33.451130 [info ]:  Succeeded [  0.05s] model main.player_features (table)
03:57:33.452146 [debug]: Finished analyzing [  0.03s] model main.stg_players [success]
03:57:33.452175 [info ]: Finished analyzing [  0.03s] (2 nodes, 0 skipped, 0 errors)
03:57:33.452183 [info ]:  Succeeded [  0.05s] model main.stg_players (view)
03:57:33.469315 [info ]: Started scheduling
03:57:33.470156 [info ]: Finished scheduling [  0.00s]
03:57:33.471753 [info ]: 
==================== Execution Summary =====================
Finished 'compile' successfully for target 'dev' [1.5s]
Processed: 2 models
Summary: 2 total | 2 success
03:57:33.473512 [info ]: Cached model count updated: 2 models (accurate)
03:57:33.744201 [info ]: Loading profiles.yml
==================== 2026-09-06T05:19:33.898702Z | ea962b35-25ce-44ea-8817-122a84a4e663 ====================
05:19:33.910456 [info ]: Started loading project
05:19:33.957057 [info ]: Loading profiles.yml
05:19:34.604414 [info ]: Cached model count updated: 2 models (accurate)
05:19:34.604955 [info ]: Finished loading project [  0.69s]
05:19:34.605630 [info ]: 
==================== Execution Summary =====================
Finished 'compile' successfully for target 'dev' [706ms]
==================== 2026-09-06T05:19:34.753254Z | 200994b7-495b-4463-b8d5-ed7fb85c6223 ====================
05:19:34.754095 [info ]: Started loading project
05:19:34.756439 [info ]: Loading profiles.yml
05:19:34.851925 [info ]: Cached model count updated: 2 models (accurate)
05:19:34.852002 [info ]: Finished loading project [  0.10s]
05:19:34.852036 [info ]: 
==================== Execution Summary =====================
Finished 'compile' successfully for target 'dev' [98ms]
==================== 2026-09-06T05:19:36.615109Z | fdaa0720-0385-4586-88f0-b2f44b733166 ====================
05:19:36.615247 [info ]: Started loading project
05:19:36.616197 [info ]: Loading profiles.yml
05:19:36.655970 [info ]: Cached model count updated: 2 models (estimate)
05:19:36.656017 [info ]: Cached model count updated: 2 models (accurate)
05:19:36.661209 [info ]: Started scheduling
05:19:36.669927 [info ]: Finished scheduling [  0.01s]
05:19:36.671446 [debug]: Compilation - 2 nodes selected: {"model.soccer_analytics.player_features", "model.soccer_analytics.stg_players"}
05:19:37.330279 [info ]: Started building task graph
05:19:37.374733 [info ]: Finished building task graph [  0.04s]
05:19:37.821116 [info ]: Loading profiles.yml
05:19:37.912590 [info ]: Started rendering (2 nodes)
05:19:37.914639 [info ]: Started model main.player_features
05:19:37.915472 [debug]: Started rendering model main.player_features
05:19:37.917122 [info ]: Finished loading project [  1.30s]
05:19:37.918062 [info ]: Started model main.stg_players
05:19:37.918114 [debug]: Started rendering model main.stg_players
05:19:37.945593 [debug]: Compiled SQL for node model.soccer_analytics.stg_players at target\.lsp\compiled\soccer_analytics\models\staging\stg_players.sql
05:19:37.945593 [debug]: Compiled SQL for node model.soccer_analytics.player_features at target\.lsp\compiled\soccer_analytics\models\marts\player_features.sql
05:19:37.953672 [debug]: Finished rendering [  0.04s] model main.player_features [success]
05:19:37.955495 [info ]: Started analyzing (2 nodes)
05:19:37.955534 [debug]: Started analyzing model main.player_features
05:19:37.956588 [debug]: Finished rendering [  0.04s] model main.stg_players [success]
05:19:37.956637 [info ]: Finished rendering [  0.04s] (2 nodes, 0 skipped, 0 errors)
05:19:37.956670 [debug]: Started analyzing model main.stg_players
05:19:37.991131 [debug]: Finished analyzing [  0.04s] model main.player_features [success]
05:19:37.991212 [info ]:  Succeeded [  0.07s] model main.player_features (table)
05:19:37.993184 [debug]: Finished analyzing [  0.04s] model main.stg_players [success]
05:19:37.993225 [info ]: Finished analyzing [  0.04s] (2 nodes, 0 skipped, 0 errors)
05:19:37.993234 [info ]:  Succeeded [  0.07s] model main.stg_players (view)
05:19:38.024218 [info ]: Started scheduling
05:19:38.025738 [info ]: Finished scheduling [  0.00s]
05:19:38.028306 [info ]: 
==================== Execution Summary =====================
Finished 'compile' successfully for target 'dev' [1.4s]
Processed: 2 models
Summary: 2 total | 2 success
05:19:38.029755 [info ]: Cached model count updated: 2 models (accurate)
==================== 2026-09-06T18:18:13.839551Z | b86b6fba-e456-4580-89f6-66512e9f299c ====================
18:18:13.852101 [info ]: Started loading project
18:18:13.894894 [info ]: Loading profiles.yml
18:18:14.620233 [info ]: Cached model count updated: 2 models (accurate)
18:18:14.620274 [info ]: Finished loading project [  0.77s]
18:18:14.621518 [info ]: 
==================== Execution Summary =====================
Finished 'compile' successfully for target 'dev' [781ms]
==================== 2026-09-06T18:18:14.773340Z | 1c16dfa7-7f87-4b0f-9e19-8367b6dc939e ====================
18:18:14.773701 [info ]: Started loading project
18:18:14.774278 [info ]: Loading profiles.yml
18:18:14.840551 [info ]: Cached model count updated: 2 models (accurate)
18:18:14.840770 [info ]: Finished loading project [  0.07s]
18:18:14.840820 [info ]: 
==================== Execution Summary =====================
Finished 'compile' successfully for target 'dev' [67ms]
==================== 2026-09-06T18:18:16.458627Z | c976c7d0-922d-44d0-a78a-d231cf7d2a99 ====================
18:18:16.458792 [info ]: Started loading project
18:18:16.460757 [info ]: Loading profiles.yml
18:18:16.517114 [info ]: Cached model count updated: 2 models (estimate)
18:18:16.517151 [info ]: Cached model count updated: 2 models (accurate)
18:18:16.521768 [info ]: Started scheduling
18:18:16.532903 [info ]: Finished scheduling [  0.01s]
18:18:16.533833 [debug]: Compilation - 2 nodes selected: {"model.soccer_analytics.player_features", "model.soccer_analytics.stg_players"}
18:18:16.572626 [info ]: Loading profiles.yml
18:18:17.264007 [info ]: Started building task graph
18:18:17.272925 [info ]: Finished building task graph [  0.01s]
18:18:18.597960 [info ]: Started rendering (2 nodes)
18:18:18.599403 [info ]: Started model main.player_features
18:18:18.600126 [debug]: Started rendering model main.player_features
18:18:18.601319 [info ]: Finished loading project [  2.14s]
18:18:18.601753 [info ]: Started model main.stg_players
18:18:18.601774 [debug]: Started rendering model main.stg_players
18:18:18.630508 [debug]: Compiled SQL for node model.soccer_analytics.stg_players at target\.lsp\compiled\soccer_analytics\models\staging\stg_players.sql
18:18:18.630896 [debug]: Compiled SQL for node model.soccer_analytics.player_features at target\.lsp\compiled\soccer_analytics\models\marts\player_features.sql
18:18:18.638645 [debug]: Finished rendering [  0.04s] model main.player_features [success]
18:18:18.640514 [info ]: Started analyzing (2 nodes)
18:18:18.640549 [debug]: Started analyzing model main.player_features
18:18:18.640834 [debug]: Finished rendering [  0.04s] model main.stg_players [success]
18:18:18.640879 [info ]: Finished rendering [  0.04s] (2 nodes, 0 skipped, 0 errors)
18:18:18.640904 [debug]: Started analyzing model main.stg_players
18:18:18.690097 [debug]: Finished analyzing [  0.05s] model main.player_features [success]
18:18:18.690149 [info ]:  Succeeded [  0.09s] model main.player_features (table)
18:18:18.698348 [debug]: Finished analyzing [  0.06s] model main.stg_players [success]
18:18:18.698395 [info ]: Finished analyzing [  0.06s] (2 nodes, 0 skipped, 0 errors)
18:18:18.698406 [info ]:  Succeeded [  0.10s] model main.stg_players (view)
18:18:18.724296 [info ]: Started scheduling
18:18:18.726174 [info ]: Finished scheduling [  0.00s]
18:18:18.731250 [info ]: 
==================== Execution Summary =====================
Finished 'compile' successfully for target 'dev' [2.3s]
Processed: 2 models
Summary: 2 total | 2 success
18:18:18.740285 [info ]: Cached model count updated: 2 models (accurate)
==================== 2026-09-06T19:48:45.911025Z | f7ee8a1e-dc8f-4db1-b980-bcf846c58938 ====================
19:48:45.927208 [info ]: Started loading project
19:48:45.978063 [info ]: Loading profiles.yml
19:48:46.577177 [info ]: Cached model count updated: 2 models (accurate)
19:48:46.576670 [info ]: Finished loading project [  0.65s]
19:48:46.579066 [info ]: 
==================== Execution Summary =====================
Finished 'compile' successfully for target 'dev' [668ms]
==================== 2026-09-06T19:48:46.779233Z | 6021b489-7d41-44f9-bdd0-34c89243a6f3 ====================
19:48:46.779546 [info ]: Started loading project
19:48:46.781159 [info ]: Loading profiles.yml
19:48:46.845761 [info ]: Finished loading project [  0.07s]
19:48:46.845758 [info ]: Cached model count updated: 2 models (accurate)
19:48:46.845820 [info ]: 
==================== Execution Summary =====================
Finished 'compile' successfully for target 'dev' [66ms]
==================== 2026-09-06T19:48:48.530016Z | 314232b8-ddc1-4960-bfc6-8914427b300b ====================
19:48:48.532311 [info ]: Started loading project
19:48:48.535173 [info ]: Loading profiles.yml
19:48:48.765631 [info ]: Cached model count updated: 2 models (estimate)
19:48:48.765665 [info ]: Cached model count updated: 2 models (accurate)
19:48:48.771768 [info ]: Started scheduling
19:48:48.781195 [info ]: Finished scheduling [  0.01s]
19:48:48.782903 [debug]: Compilation - 2 nodes selected: {"model.soccer_analytics.player_features", "model.soccer_analytics.stg_players"}
19:48:49.313570 [info ]: Started building task graph
19:48:49.320358 [info ]: Finished building task graph [  0.01s]
19:48:49.925677 [info ]: Started rendering (2 nodes)
19:48:49.926446 [info ]: Started model main.player_features
19:48:49.927178 [debug]: Started rendering model main.player_features
19:48:49.928289 [info ]: Finished loading project [  1.40s]
19:48:49.928818 [info ]: Started model main.stg_players
19:48:49.928833 [debug]: Started rendering model main.stg_players
19:48:49.949863 [debug]: Compiled SQL for node model.soccer_analytics.stg_players at target\.lsp\compiled\soccer_analytics\models\staging\stg_players.sql
19:48:49.949863 [debug]: Compiled SQL for node model.soccer_analytics.player_features at target\.lsp\compiled\soccer_analytics\models\marts\player_features.sql
19:48:49.954207 [debug]: Finished rendering [  0.03s] model main.player_features [success]
19:48:49.955795 [info ]: Started analyzing (2 nodes)
19:48:49.955818 [debug]: Started analyzing model main.player_features
19:48:49.955990 [debug]: Finished rendering [  0.03s] model main.stg_players [success]
19:48:49.956005 [info ]: Finished rendering [  0.03s] (2 nodes, 0 skipped, 0 errors)
19:48:49.956017 [debug]: Started analyzing model main.stg_players
19:48:49.977669 [debug]: Finished analyzing [  0.02s] model main.player_features [success]
19:48:49.977703 [info ]:  Succeeded [  0.05s] model main.player_features (table)
19:48:49.979383 [debug]: Finished analyzing [  0.02s] model main.stg_players [success]
19:48:49.979403 [info ]: Finished analyzing [  0.02s] (2 nodes, 0 skipped, 0 errors)
19:48:49.979410 [info ]:  Succeeded [  0.05s] model main.stg_players (view)
19:48:49.995986 [info ]: Started scheduling
19:48:49.996982 [info ]: Finished scheduling [  0.00s]
19:48:49.998641 [info ]: 
==================== Execution Summary =====================
Finished 'compile' successfully for target 'dev' [1.5s]
Processed: 2 models
Summary: 2 total | 2 success
19:48:50.000259 [info ]: Cached model count updated: 2 models (accurate)
19:48:50.269732 [info ]: Loading profiles.yml
==================== 2026-09-06T20:20:27.197376Z | bdc7188e-ef77-4db1-b70f-1f1099b4783c ====================
20:20:27.205240 [info ]: Started loading project
20:20:27.237782 [info ]: Loading profiles.yml
20:20:27.420450 [info ]: Started parsing
20:20:27.541726 [info ]: Finished loading project [  0.34s]
20:20:27.596675 [debug]: Finished parsing models/schema.yml [  0.01s]
20:20:27.644530 [debug]: Finished parsing models/marts/player_features.sql [  0.03s]
20:20:27.652269 [debug]: Finished parsing models/staging/stg_players.sql [  0.01s]
20:20:27.808496 [info ]: Finished parsing [  0.39s]
20:20:27.816068 [info ]: Cached model count updated: 2 models (estimate)
20:20:27.816120 [info ]: Cached model count updated: 2 models (accurate)
20:20:27.818408 [info ]: Started scheduling
20:20:27.825857 [info ]: Finished scheduling [  0.01s]
20:20:27.826129 [debug]: Compilation - 1 nodes selected: {"model.soccer_analytics.stg_players"}
20:20:27.945108 [info ]: Started building task graph
20:20:27.952921 [info ]: Finished building task graph [  0.01s]
20:20:29.141126 [info ]: Started rendering (1 nodes)
20:20:29.141928 [info ]: Started model main.stg_players
20:20:29.142302 [debug]: Started rendering model main.stg_players
20:20:29.155107 [error]: [JinjaError (dbt1501)]: Failed to render SQL invalid operation: value of type undefined is not callable
(in models/staging/stg_players.sql:8:9)
  --> models/staging/stg_players.sql:8:9
20:20:29.156785 [debug]: Finished rendering [  0.01s] model main.stg_players [error]
20:20:29.156826 [info ]: Finished rendering [  0.02s] (1 nodes, 0 skipped, 1 errors)
20:20:29.157899 [info ]: Started analyzing (1 nodes)
20:20:29.157917 [debug]: Started analyzing model main.stg_players
20:20:29.158200 [debug]: Finished analyzing [  0.00s] model main.stg_players [skipped]
20:20:29.158217 [info ]: Finished analyzing [  0.00s] (1 nodes, 1 skipped, 0 errors)
20:20:29.158225 [info ]:     Failed [  0.01s] model main.stg_players (view)
20:20:29.168795 [info ]: Started scheduling
20:20:29.169129 [info ]: Finished scheduling [  0.00s]
20:20:29.171835 [info ]: 
==================== Execution Summary =====================
Finished 'compile' with 1 error for target 'dev' [2.0s]
Processed: 1 model
Summary: 1 total | 1 error
20:20:29.173143 [info ]: Cached model count updated: 2 models (accurate)
==================== 2026-09-06T20:20:30.962961Z | 1b77bf8c-7648-4dba-b6f1-de27ac7fc9ec ====================
20:20:30.963075 [info ]: Started loading project
20:20:30.965109 [info ]: Loading profiles.yml
20:20:30.997495 [info ]: Cached model count updated: 2 models (estimate)
20:20:30.997527 [info ]: Cached model count updated: 2 models (accurate)
20:20:30.997562 [info ]: Started scheduling
20:20:30.997976 [info ]: Finished scheduling [  0.00s]
20:20:30.998070 [debug]: Compilation - 2 nodes selected: {"model.soccer_analytics.player_features", "model.soccer_analytics.stg_players"}
20:20:31.035187 [info ]: Started building task graph
20:20:31.035256 [info ]: Finished building task graph [  0.00s]
20:20:31.109455 [info ]: Started rendering (2 nodes)
20:20:31.109490 [info ]: Started model main.player_features
20:20:31.109499 [debug]: Started rendering model main.player_features
20:20:31.109548 [info ]: Started model main.stg_players
20:20:31.109556 [debug]: Started rendering model main.stg_players
20:20:31.109595 [info ]: Finished loading project [  0.15s]
20:20:31.111229 [error]: [JinjaError (dbt1501)]: Failed to render SQL invalid operation: value of type undefined is not callable
(in models/staging/stg_players.sql:8:9)
  --> models/staging/stg_players.sql:8:9
20:20:31.111284 [debug]: Finished rendering [  0.00s] model main.stg_players [error]
20:20:31.111317 [info ]: Started analyzing (2 nodes)
20:20:31.111326 [debug]: Started analyzing model main.stg_players
20:20:31.111337 [debug]: Finished analyzing [  0.00s] model main.stg_players [skipped]
20:20:31.111343 [info ]:     Failed [  0.00s] model main.stg_players (view)
20:20:31.113907 [debug]: Compiled SQL for node model.soccer_analytics.player_features at target\.lsp\compiled\soccer_analytics\models\marts\player_features.sql
20:20:31.115406 [debug]: Finished rendering [  0.01s] model main.player_features [success]
20:20:31.115725 [info ]: Finished rendering [  0.01s] (2 nodes, 0 skipped, 1 errors)
20:20:31.115764 [debug]: Started analyzing model main.player_features
20:20:31.148411 [debug]: Finished analyzing [  0.03s] model main.player_features [success]
20:20:31.148448 [info ]: Finished analyzing [  0.04s] (2 nodes, 1 skipped, 0 errors)
20:20:31.148457 [info ]:  Succeeded [  0.04s] model main.player_features (table)
20:20:31.151210 [info ]: Started scheduling
20:20:31.151269 [info ]: Finished scheduling [  0.00s]
20:20:31.152110 [info ]: 
==================== Execution Summary =====================
Finished 'compile' with 1 error for target 'dev' [189ms]
Processed: 2 models
Summary: 2 total | 1 success | 1 error
20:20:31.152366 [info ]: Cached model count updated: 2 models (accurate)
==================== 2026-09-06T20:20:47.647902Z | 58d4e308-5f25-4c35-bcf1-04554d1f4614 ====================
20:20:47.647989 [info ]: 
==================== Execution Summary =====================
Finished 'compile' successfully [87us]
20:20:47.648079 [info ]: Cached model count updated: 2 models (accurate)
20:20:47.649331 [info ]: Waiting for lease on 'target' directory
==================== 2026-09-06T20:20:47.834876Z | a7aff49e-6996-471f-a84d-e6ec7cc1781c ====================
20:20:47.835001 [info ]: Started loading project
20:20:47.835734 [info ]: Loading profiles.yml
20:20:47.857904 [info ]: Started parsing
20:20:47.975723 [info ]: Finished loading project [  0.14s]
20:20:47.982538 [debug]: Finished parsing models/schema.yml [  0.00s]
20:20:47.986147 [debug]: Finished parsing models/marts/player_features.sql [  0.00s]
20:20:47.987185 [debug]: Finished parsing models/staging/stg_players.sql [  0.00s]
20:20:48.177050 [info ]: Finished parsing [  0.32s]
20:20:48.181454 [info ]: Cached model count updated: 2 models (estimate)
20:20:48.181488 [info ]: Cached model count updated: 2 models (accurate)
20:20:48.181540 [info ]: Started scheduling
20:20:48.181653 [info ]: Finished scheduling [  0.00s]
20:20:48.181674 [debug]: Compilation - 2 nodes selected: {"model.soccer_analytics.player_features", "model.soccer_analytics.stg_players"}
20:20:48.236725 [info ]: Started building task graph
20:20:48.236804 [info ]: Finished building task graph [  0.00s]
20:20:48.598056 [info ]: Started rendering (2 nodes)
20:20:48.598098 [info ]: Started model main.player_features
20:20:48.598109 [debug]: Started rendering model main.player_features
20:20:48.598137 [info ]: Started model main.stg_players
20:20:48.598143 [debug]: Started rendering model main.stg_players
20:20:48.601020 [error]: [JinjaError (dbt1501)]: Failed to render SQL invalid operation: value of type undefined is not callable
(in models/staging/stg_players.sql:8:9)
  --> models/staging/stg_players.sql:8:9
20:20:48.601148 [debug]: Finished rendering [  0.00s] model main.stg_players [error]
20:20:48.601194 [info ]: Started analyzing (2 nodes)
20:20:48.601205 [debug]: Started analyzing model main.stg_players
20:20:48.601219 [debug]: Finished analyzing [  0.00s] model main.stg_players [skipped]
20:20:48.601225 [info ]:     Failed [  0.00s] model main.stg_players (view)
20:20:48.607764 [debug]: Compiled SQL for node model.soccer_analytics.player_features at target\.lsp\compiled\soccer_analytics\models\marts\player_features.sql
20:20:48.608145 [debug]: Finished rendering [  0.01s] model main.player_features [success]
20:20:48.608181 [info ]: Finished rendering [  0.01s] (2 nodes, 0 skipped, 1 errors)
20:20:48.608243 [debug]: Started analyzing model main.player_features
20:20:48.613572 [debug]: Finished analyzing [  0.01s] model main.player_features [success]
20:20:48.613630 [info ]: Finished analyzing [  0.01s] (2 nodes, 1 skipped, 0 errors)
20:20:48.613649 [info ]:  Succeeded [  0.01s] model main.player_features (table)
20:20:48.621808 [info ]: Started scheduling
20:20:48.622005 [info ]: Finished scheduling [  0.00s]
20:20:48.623120 [info ]: 
==================== Execution Summary =====================
Finished 'compile' with 1 error for target 'dev' [788ms]
Processed: 2 models
Summary: 2 total | 1 success | 1 error
20:20:48.623401 [info ]: Cached model count updated: 2 models (accurate)
==================== 2026-09-06T20:20:50.367367Z | 02375b00-451f-4eb4-9fa4-f2661bbf7241 ====================
20:20:50.368417 [info ]: Started loading project
20:20:50.369086 [info ]: Loading profiles.yml
20:20:50.409003 [info ]: Cached model count updated: 2 models (estimate)
20:20:50.409032 [info ]: Cached model count updated: 2 models (accurate)
20:20:50.409079 [info ]: Started scheduling
20:20:50.409165 [info ]: Finished scheduling [  0.00s]
20:20:50.409191 [debug]: Compilation - 2 nodes selected: {"model.soccer_analytics.player_features", "model.soccer_analytics.stg_players"}
20:20:50.452076 [info ]: Started building task graph
20:20:50.452162 [info ]: Finished building task graph [  0.00s]
20:20:50.593928 [info ]: Started rendering (2 nodes)
20:20:50.593980 [info ]: Started model main.player_features
20:20:50.593994 [debug]: Started rendering model main.player_features
20:20:50.594075 [info ]: Finished loading project [  0.23s]
20:20:50.594308 [info ]: Started model main.stg_players
20:20:50.594949 [debug]: Compiled SQL for node model.soccer_analytics.player_features at target\.lsp\compiled\soccer_analytics\models\marts\player_features.sql
20:20:50.600197 [debug]: Started rendering model main.stg_players
20:20:50.602289 [error]: [JinjaError (dbt1501)]: Failed to render SQL invalid operation: value of type undefined is not callable
(in models/staging/stg_players.sql:8:9)
  --> models/staging/stg_players.sql:8:9
20:20:50.602357 [debug]: Finished rendering [  0.00s] model main.stg_players [error]
20:20:50.602398 [info ]: Started analyzing (2 nodes)
20:20:50.602407 [debug]: Started analyzing model main.stg_players
20:20:50.602422 [debug]: Finished analyzing [  0.00s] model main.stg_players [skipped]
20:20:50.602428 [info ]:     Failed [  0.00s] model main.stg_players (view)
20:20:50.602694 [debug]: Finished rendering [  0.01s] model main.player_features [success]
20:20:50.602767 [info ]: Finished rendering [  0.01s] (2 nodes, 0 skipped, 1 errors)
20:20:50.603341 [debug]: Started analyzing model main.player_features
20:20:50.607215 [debug]: Finished analyzing [  0.00s] model main.player_features [success]
20:20:50.607250 [info ]: Finished analyzing [  0.00s] (2 nodes, 1 skipped, 0 errors)
20:20:50.607261 [info ]:  Succeeded [  0.01s] model main.player_features (table)
20:20:50.614041 [info ]: Started scheduling
20:20:50.614110 [info ]: Finished scheduling [  0.00s]
20:20:50.614245 [info ]: 
==================== Execution Summary =====================
Finished 'compile' with 1 error for target 'dev' [246ms]
Processed: 2 models
Summary: 2 total | 1 success | 1 error
20:20:50.614491 [info ]: Cached model count updated: 2 models (accurate)
==================== 2026-09-06T20:21:17.161167Z | f15be13d-9434-4c47-8cc0-16cfc3e2e4e0 ====================
20:21:17.161316 [info ]: Started loading project
20:21:17.161870 [info ]: Loading profiles.yml
20:21:17.191842 [info ]: Cached model count updated: 2 models (accurate)
20:21:17.191861 [info ]: Finished loading project [  0.03s]
20:21:17.191890 [info ]: 
==================== Execution Summary =====================
Finished 'compile' successfully for target 'dev' [30ms]
==================== 2026-09-06T20:21:19.011402Z | 1747ac69-ba5f-40b2-88f0-424cbfb1927d ====================
20:21:19.011461 [info ]: Started loading project
20:21:19.011894 [info ]: Loading profiles.yml
20:21:19.036139 [info ]: Cached model count updated: 2 models (estimate)
20:21:19.036171 [info ]: Cached model count updated: 2 models (accurate)
20:21:19.036216 [info ]: Started scheduling
20:21:19.036303 [info ]: Finished scheduling [  0.00s]
20:21:19.036325 [debug]: Compilation - 2 nodes selected: {"model.soccer_analytics.player_features", "model.soccer_analytics.stg_players"}
20:21:19.083859 [info ]: Started building task graph
20:21:19.083947 [info ]: Finished building task graph [  0.00s]
20:21:19.417318 [info ]: Started rendering (2 nodes)
20:21:19.417365 [info ]: Started model main.player_features
20:21:19.417403 [debug]: Started rendering model main.player_features
20:21:19.417443 [info ]: Started model main.stg_players
20:21:19.417451 [debug]: Started rendering model main.stg_players
20:21:19.417483 [info ]: Finished loading project [  0.41s]
20:21:19.418342 [debug]: Compiled SQL for node model.soccer_analytics.player_features at target\.lsp\compiled\soccer_analytics\models\marts\player_features.sql
20:21:19.418462 [debug]: Finished rendering [  0.00s] model main.player_features [success]
20:21:19.418514 [info ]: Started analyzing (2 nodes)
20:21:19.418534 [debug]: Started analyzing model main.player_features
20:21:19.418665 [error]: [JinjaError (dbt1501)]: Failed to render SQL invalid operation: value of type undefined is not callable
(in models/staging/stg_players.sql:8:9)
  --> models/staging/stg_players.sql:8:9
20:21:19.418702 [debug]: Finished rendering [  0.00s] model main.stg_players [error]
20:21:19.418711 [info ]: Finished rendering [  0.00s] (2 nodes, 0 skipped, 1 errors)
20:21:19.418727 [debug]: Started analyzing model main.stg_players
20:21:19.418738 [debug]: Finished analyzing [  0.00s] model main.stg_players [skipped]
20:21:19.418744 [info ]:     Failed [  0.00s] model main.stg_players (view)
20:21:19.419075 [debug]: Finished analyzing [  0.00s] model main.player_features [success]
20:21:19.419095 [info ]: Finished analyzing [  0.00s] (2 nodes, 1 skipped, 0 errors)
20:21:19.419101 [info ]:  Succeeded [  0.00s] model main.player_features (table)
20:21:19.423154 [info ]: Started scheduling
20:21:19.423260 [info ]: Finished scheduling [  0.00s]
20:21:19.423391 [info ]: 
==================== Execution Summary =====================
Finished 'compile' with 1 error for target 'dev' [411ms]
Processed: 2 models
Summary: 2 total | 1 success | 1 error
20:21:19.423669 [info ]: Cached model count updated: 2 models (accurate)
==================== 2026-09-06T20:21:33.078826Z | 288fda90-0c7d-4fba-87e2-c7655618839a ====================
20:21:33.078884 [info ]: Started loading project
20:21:33.079340 [info ]: Loading profiles.yml
20:21:33.090265 [info ]: Started parsing
20:21:33.142682 [info ]: Finished loading project [  0.06s]
20:21:33.148938 [debug]: Finished parsing models/schema.yml [  0.00s]
20:21:33.151244 [debug]: Finished parsing models/marts/player_features.sql [  0.00s]
20:21:33.152082 [debug]: Finished parsing models/staging/stg_players.sql [  0.00s]
20:21:33.290053 [info ]: Finished parsing [  0.20s]
20:21:33.293983 [info ]: Cached model count updated: 2 models (estimate)
20:21:33.294008 [info ]: Cached model count updated: 2 models (accurate)
20:21:33.294048 [info ]: Started scheduling
20:21:33.294130 [info ]: Finished scheduling [  0.00s]
20:21:33.294147 [debug]: Compilation - 1 nodes selected: {"model.soccer_analytics.stg_players"}
20:21:33.329216 [info ]: Started building task graph
20:21:33.329726 [info ]: Finished building task graph [  0.00s]
20:21:33.401422 [info ]: Started rendering (1 nodes)
20:21:33.401465 [info ]: Started model main.stg_players
20:21:33.401474 [debug]: Started rendering model main.stg_players
20:21:33.439195 [debug]: Compiled SQL for node model.soccer_analytics.stg_players at target\.lsp\compiled\soccer_analytics\models\staging\stg_players.sql
20:21:33.439399 [debug]: Finished rendering [  0.04s] model main.stg_players [success]
20:21:33.439426 [info ]: Finished rendering [  0.04s] (1 nodes, 0 skipped, 0 errors)
20:21:33.439450 [info ]: Started analyzing (1 nodes)
20:21:33.439459 [debug]: Started analyzing model main.stg_players
20:21:33.476206 [debug]: Finished analyzing [  0.04s] model main.stg_players [success]
20:21:33.476241 [info ]: Finished analyzing [  0.04s] (1 nodes, 0 skipped, 0 errors)
20:21:33.476250 [info ]:  Succeeded [  0.07s] model main.stg_players (view)
20:21:33.479806 [info ]: Started scheduling
20:21:33.479911 [info ]: Finished scheduling [  0.00s]
20:21:33.480402 [info ]: 
==================== Execution Summary =====================
Finished 'compile' successfully for target 'dev' [401ms]
Processed: 1 model
Summary: 1 total | 1 success
20:21:33.480485 [info ]: Cached model count updated: 2 models (accurate)
==================== 2026-09-06T20:21:35.200816Z | 6c0080d7-1306-4a3c-919c-e1b73a5e09ba ====================
20:21:35.200893 [info ]: Started loading project
20:21:35.201368 [info ]: Loading profiles.yml
20:21:35.221271 [info ]: Cached model count updated: 2 models (estimate)
20:21:35.221303 [info ]: Cached model count updated: 2 models (accurate)
20:21:35.221340 [info ]: Started scheduling
20:21:35.221470 [info ]: Finished scheduling [  0.00s]
20:21:35.221533 [debug]: Compilation - 2 nodes selected: {"model.soccer_analytics.player_features", "model.soccer_analytics.stg_players"}
20:21:35.256930 [info ]: Started building task graph
20:21:35.256997 [info ]: Finished building task graph [  0.00s]
20:21:35.334800 [info ]: Started rendering (2 nodes)
20:21:35.334840 [info ]: Started model main.player_features
20:21:35.334849 [debug]: Started rendering model main.player_features
20:21:35.334877 [info ]: Started model main.stg_players
20:21:35.334886 [debug]: Started rendering model main.stg_players
20:21:35.334916 [info ]: Finished loading project [  0.13s]
20:21:35.335353 [debug]: Compiled SQL for node model.soccer_analytics.stg_players at target\.lsp\compiled\soccer_analytics\models\staging\stg_players.sql
20:21:35.335398 [debug]: Compiled SQL for node model.soccer_analytics.player_features at target\.lsp\compiled\soccer_analytics\models\marts\player_features.sql
20:21:35.335535 [debug]: Finished rendering [  0.00s] model main.stg_players [success]
20:21:35.335607 [info ]: Started analyzing (2 nodes)
20:21:35.335628 [debug]: Started analyzing model main.stg_players
20:21:35.335660 [debug]: Finished rendering [  0.00s] model main.player_features [success]
20:21:35.335672 [info ]: Finished rendering [  0.00s] (2 nodes, 0 skipped, 0 errors)
20:21:35.335683 [debug]: Started analyzing model main.player_features
20:21:35.336377 [debug]: Finished analyzing [  0.00s] model main.player_features [success]
20:21:35.336406 [info ]:  Succeeded [-------] model main.player_features (table)
20:21:35.336856 [debug]: Finished analyzing [  0.00s] model main.stg_players [success]
20:21:35.336875 [info ]: Finished analyzing [  0.00s] (2 nodes, 0 skipped, 0 errors)
20:21:35.336882 [info ]:  Succeeded [  0.00s] model main.stg_players (view)
20:21:35.341092 [info ]: Started scheduling
20:21:35.341160 [info ]: Finished scheduling [  0.00s]
20:21:35.341260 [info ]: 
==================== Execution Summary =====================
Finished 'compile' successfully for target 'dev' [140ms]
Processed: 2 models
Summary: 2 total | 2 success
20:21:35.341485 [info ]: Cached model count updated: 2 models (accurate)
==================== 2026-09-06T20:23:26.785153Z | cdd90dfd-4a22-4f86-9186-3004706e9cce ====================
20:23:26.785889 [info ]: Started loading project
20:23:26.787798 [info ]: Loading profiles.yml
20:23:26.792944 [info ]: Loading profiles.yml
==================== 2026-09-06T20:23:26.799375Z | e03f6015-c800-4ac2-9021-7eaaac7ce0fe ====================
20:23:26.799576 [info ]: Started loading project
20:23:26.800600 [info ]: Loading profiles.yml
20:23:26.800675 [info ]: Finished loading project [  0.01s]
20:23:26.832784 [info ]:    Started resolving packages from packages.yml
20:23:27.074754 [info ]:   Finished [  0.24s] resolving packages from packages.yml (1 items)
20:23:27.078745 [debug]:    Started loading packages
20:23:27.093818 [debug]:     Loaded [  0.02s] packages
20:23:27.096005 [info ]: Finished loading project [  0.30s]
20:23:27.096285 [info ]: Started parsing
20:23:27.170037 [debug]: Finished parsing models/schema.yml [  0.00s]
20:23:27.173450 [debug]: Finished parsing models/marts/player_features.sql [  0.00s]
20:23:27.175371 [debug]: Finished parsing models/staging/stg_players.sql [  0.00s]
20:23:27.183849 [debug]: Finished parsing tests/player_features_metrics.sql [  0.00s]
20:23:27.186396 [debug]: Finished parsing tests/stg_players_scope.sql [  0.00s]
20:23:27.408766 [info ]: Finished parsing [  0.31s]
20:23:27.409134 [info ]: Cached model count updated: 2 models (estimate)
20:23:27.409152 [info ]: Cached model count updated: 2 models (accurate)
20:23:27.409182 [info ]: Started scheduling
20:23:27.409236 [info ]: Finished scheduling [  0.00s]
20:23:27.409250 [debug]: Compilation - 0 nodes selected: {}
20:23:27.411940 [warn ]: [NoNodesForSelectionCriteria (dbt1092)]: The selection criterion '' does not match any enabled nodes
20:23:27.412628 [warn ]: [NoNodesSelected (dbt1601)]: Nothing to do. Try checking your model configs and model specification args
20:23:27.412834 [info ]: Started scheduling
20:23:27.412940 [info ]: Finished scheduling [  0.00s]
20:23:27.416999 [debug]: Initializing schema store with entry: Frontier(CanonicalFqn { catalog: "api_sports", schema: "soccer_analytics_data", table: "players_raw" }) and interval: None
20:23:27.417424 [debug]: Initializing schema store with entry: Frontier(CanonicalFqn { catalog: "api_sports", schema: "soccer_analytics_data", table: "players_raw__statistics" }) and interval: None
20:23:27.463342 [info ]: Started building task graph
20:23:27.463390 [info ]: Finished building task graph [  0.00s]
20:23:27.721337 [info ]: Started scheduling
20:23:27.721409 [info ]: Finished scheduling [  0.00s]
20:23:27.721537 [info ]: 
==================== Execution Summary =====================
Finished 'compile' with 2 warnings for target 'dev' [922ms]
20:23:27.721600 [info ]: 
==================== Execution Summary =====================
Finished 'compile' successfully for target 'dev' [936ms]
20:23:27.725726 [info ]: Cached model count updated: 2 models (accurate)
==================== 2026-09-06T20:23:28.068340Z | c530ca2a-2d91-45b1-b96b-eb91fba8369b ====================
20:23:28.068445 [info ]: Started loading project
20:23:28.069494 [info ]: Loading profiles.yml
20:23:28.094307 [info ]: Cached model count updated: 2 models (estimate)
20:23:28.094356 [info ]: Cached model count updated: 2 models (accurate)
20:23:28.094401 [info ]: Started scheduling
20:23:28.094483 [info ]: Finished scheduling [  0.00s]
20:23:28.094521 [debug]: Compilation - 1 nodes selected: {"model.soccer_analytics.stg_players"}
20:23:28.132370 [info ]: Started building task graph
20:23:28.132438 [info ]: Finished building task graph [  0.00s]
20:23:28.212535 [info ]: Started rendering (1 nodes)
20:23:28.212578 [info ]: Started model main.stg_players
20:23:28.212587 [debug]: Started rendering model main.stg_players
20:23:28.212688 [info ]: Finished loading project [  0.14s]
20:23:28.217237 [debug]: Compiled SQL for node model.soccer_analytics.stg_players at target\.lsp\compiled\soccer_analytics\models\staging\stg_players.sql
20:23:28.217724 [debug]: Finished rendering [  0.01s] model main.stg_players [success]
20:23:28.217771 [info ]: Finished rendering [  0.01s] (1 nodes, 0 skipped, 0 errors)
20:23:28.217804 [info ]: Started analyzing (1 nodes)
20:23:28.217829 [debug]: Started analyzing model main.stg_players
20:23:28.222265 [debug]: Finished analyzing [  0.00s] model main.stg_players [success]
20:23:28.222302 [info ]: Finished analyzing [  0.00s] (1 nodes, 0 skipped, 0 errors)
20:23:28.222312 [info ]:  Succeeded [  0.01s] model main.stg_players (view)
20:23:28.225781 [info ]: Started scheduling
20:23:28.225846 [info ]: Finished scheduling [  0.00s]
20:23:28.225952 [info ]: 
==================== Execution Summary =====================
Finished 'compile' successfully for target 'dev' [157ms]
Processed: 1 model
Summary: 1 total | 1 success
20:23:28.226014 [info ]: Cached model count updated: 2 models (accurate)
==================== 2026-09-06T20:23:29.955476Z | 352f43a6-4bbb-4a9e-b5f1-20f34af5087b ====================
20:23:29.955598 [info ]: Started loading project
20:23:29.957021 [info ]: Loading profiles.yml
20:23:29.990701 [info ]: Cached model count updated: 2 models (estimate)
20:23:29.990733 [info ]: Cached model count updated: 2 models (accurate)
20:23:29.990769 [info ]: Started scheduling
20:23:29.990852 [info ]: Finished scheduling [  0.00s]
20:23:29.990876 [debug]: Compilation - 2 nodes selected: {"model.soccer_analytics.player_features", "model.soccer_analytics.stg_players"}
20:23:30.029583 [info ]: Started building task graph
20:23:30.029715 [info ]: Finished building task graph [  0.00s]
20:23:30.111810 [info ]: Started rendering (2 nodes)
20:23:30.111850 [info ]: Started model main.player_features
20:23:30.111862 [debug]: Started rendering model main.player_features
20:23:30.111893 [info ]: Started model main.stg_players
20:23:30.111900 [debug]: Started rendering model main.stg_players
20:23:30.111936 [info ]: Finished loading project [  0.16s]
20:23:30.112413 [debug]: Compiled SQL for node model.soccer_analytics.stg_players at target\.lsp\compiled\soccer_analytics\models\staging\stg_players.sql
20:23:30.112591 [debug]: Finished rendering [  0.00s] model main.stg_players [success]
20:23:30.112663 [info ]: Started analyzing (2 nodes)
20:23:30.112679 [debug]: Started analyzing model main.stg_players
20:23:30.114311 [debug]: Compiled SQL for node model.soccer_analytics.player_features at target\.lsp\compiled\soccer_analytics\models\marts\player_features.sql
20:23:30.114486 [debug]: Finished rendering [  0.00s] model main.player_features [success]
20:23:30.114507 [info ]: Finished rendering [  0.00s] (2 nodes, 0 skipped, 0 errors)
20:23:30.114528 [debug]: Started analyzing model main.player_features
20:23:30.114546 [debug]: Finished analyzing [  0.00s] model main.stg_players [success]
20:23:30.114554 [info ]:  Succeeded [  0.00s] model main.stg_players (view)
20:23:30.114812 [debug]: Finished analyzing [  0.00s] model main.player_features [success]
20:23:30.114825 [info ]: Finished analyzing [  0.00s] (2 nodes, 0 skipped, 0 errors)
20:23:30.114830 [info ]:  Succeeded [  0.00s] model main.player_features (table)
20:23:30.117873 [info ]: Started scheduling
20:23:30.117930 [info ]: Finished scheduling [  0.00s]
20:23:30.118012 [info ]: 
==================== Execution Summary =====================
Finished 'compile' successfully for target 'dev' [162ms]
Processed: 2 models
Summary: 2 total | 2 success
20:23:30.118234 [info ]: Cached model count updated: 2 models (accurate)
20:26:00.626811 [info ]: Loading profiles.yml
==================== 2026-09-06T20:26:00.646649Z | 2574257d-030f-4fff-9ebf-9018cfca4d54 ====================
20:26:00.646703 [info ]: 
==================== Execution Summary =====================
Finished 'compile' successfully [54us]
20:26:00.646766 [info ]: Cached model count updated: 2 models (accurate)
==================== 2026-09-06T20:26:00.732668Z | a4ff1db0-b919-4d20-8016-499ccf32b0f2 ====================
20:26:00.732724 [info ]: 
==================== Execution Summary =====================
Finished 'compile' successfully [55us]
20:26:00.732774 [info ]: Cached model count updated: 2 models (accurate)
==================== 2026-09-06T20:26:00.795339Z | 0fef891c-26a9-49d0-81af-2e0b1d5e1fcd ====================
20:26:00.795453 [info ]: Started loading project
20:26:00.795941 [info ]: Loading profiles.yml
==================== 2026-09-06T20:26:00.803270Z | a6a5bcf6-d59a-4d66-b6de-ec3a49cd75f5 ====================
20:26:00.803354 [info ]: Started loading project
20:26:00.803828 [info ]: Loading profiles.yml
20:26:00.803934 [info ]: Finished loading project [  0.01s]
20:26:00.809925 [info ]:    Started resolving packages from packages.yml
20:26:00.921984 [info ]:   Finished [  0.11s] resolving packages from packages.yml (1 items)
20:26:00.922149 [debug]:    Started loading packages
20:26:00.929544 [debug]:     Loaded [  0.01s] packages
20:26:00.930142 [info ]: Finished loading project [  0.13s]
20:26:00.930336 [info ]: Started parsing
20:26:00.980681 [debug]: Finished parsing models/schema.yml [  0.00s]
20:26:00.982694 [debug]: Finished parsing models/marts/player_features.sql [  0.00s]
20:26:00.984237 [debug]: Finished parsing models/staging/stg_players.sql [  0.00s]
20:26:00.987819 [debug]: Finished parsing tests/player_features_metrics.sql [  0.00s]
20:26:00.988277 [debug]: Finished parsing tests/stg_players_scope.sql [  0.00s]
20:26:01.157316 [info ]: Finished parsing [  0.23s]
20:26:01.157670 [info ]: Cached model count updated: 2 models (estimate)
20:26:01.157686 [info ]: Cached model count updated: 2 models (accurate)
20:26:01.157718 [info ]: Started scheduling
20:26:01.157821 [info ]: Finished scheduling [  0.00s]
20:26:01.157837 [debug]: Compilation - 2 nodes selected: {"model.soccer_analytics.player_features", "model.soccer_analytics.stg_players"}
20:26:01.157902 [info ]: Started scheduling
20:26:01.157929 [info ]: Finished scheduling [  0.00s]
20:26:01.157995 [debug]: Initializing schema store with entry: Frontier(CanonicalFqn { catalog: "api_sports", schema: "soccer_analytics_data", table: "players_raw__statistics" }) and interval: None
20:26:01.158002 [debug]: Initializing schema store with entry: Frontier(CanonicalFqn { catalog: "api_sports", schema: "soccer_analytics_data", table: "players_raw" }) and interval: None
20:26:01.190035 [info ]: Started building task graph
20:26:01.190115 [info ]: Finished building task graph [  0.00s]
20:26:01.351262 [info ]: Started rendering (2 nodes)
20:26:01.351307 [info ]: Started model main.player_features
20:26:01.351322 [debug]: Started rendering model main.player_features
20:26:01.351349 [info ]: Started model main.stg_players
20:26:01.351356 [debug]: Started rendering model main.stg_players
20:26:01.353936 [debug]: Compiled SQL for node model.soccer_analytics.player_features at target\.lsp\compiled\soccer_analytics\models\marts\player_features.sql
20:26:01.354124 [debug]: Finished rendering [  0.00s] model main.player_features [success]
20:26:01.354183 [info ]: Started analyzing (2 nodes)
20:26:01.354197 [debug]: Started analyzing model main.player_features
20:26:01.354664 [debug]: Finished analyzing [  0.00s] model main.player_features [success]
20:26:01.354677 [info ]:  Succeeded [  0.00s] model main.player_features (table)
20:26:01.356058 [debug]: Compiled SQL for node model.soccer_analytics.stg_players at target\.lsp\compiled\soccer_analytics\models\staging\stg_players.sql
20:26:01.356215 [debug]: Finished rendering [  0.00s] model main.stg_players [success]
20:26:01.356235 [info ]: Finished rendering [  0.00s] (2 nodes, 0 skipped, 0 errors)
20:26:01.356249 [debug]: Started analyzing model main.stg_players
20:26:01.357774 [debug]: Finished analyzing [  0.00s] model main.stg_players [success]
20:26:01.357791 [info ]: Finished analyzing [  0.00s] (2 nodes, 0 skipped, 0 errors)
20:26:01.357797 [info ]:  Succeeded [  0.01s] model main.stg_players (view)
20:26:01.362762 [info ]: Started scheduling
20:26:01.362830 [info ]: Finished scheduling [  0.00s]
20:26:01.362951 [info ]: 
==================== Execution Summary =====================
Finished 'compile' successfully for target 'dev' [559ms]
Processed: 2 models
Summary: 2 total | 2 success
20:26:01.363000 [info ]: 
==================== Execution Summary =====================
Finished 'compile' successfully for target 'dev' [567ms]
20:26:01.363046 [info ]: Cached model count updated: 2 models (accurate)
==================== 2026-09-06T20:26:03.094212Z | 01c25d5c-56ab-4e01-95d3-4e997ace0852 ====================
20:26:03.094302 [info ]: Started loading project
20:26:03.094749 [info ]: Loading profiles.yml
20:26:03.120814 [info ]: Cached model count updated: 2 models (estimate)
20:26:03.120839 [info ]: Cached model count updated: 2 models (accurate)
20:26:03.120875 [info ]: Started scheduling
20:26:03.120937 [info ]: Finished scheduling [  0.00s]
20:26:03.120958 [debug]: Compilation - 2 nodes selected: {"model.soccer_analytics.player_features", "model.soccer_analytics.stg_players"}
20:26:03.163147 [info ]: Started building task graph
20:26:03.163220 [info ]: Finished building task graph [  0.00s]
20:26:03.240503 [info ]: Started rendering (2 nodes)
20:26:03.240547 [info ]: Started model main.player_features
20:26:03.240556 [debug]: Started rendering model main.player_features
20:26:03.240584 [info ]: Started model main.stg_players
20:26:03.240622 [debug]: Started rendering model main.stg_players
20:26:03.240643 [info ]: Finished loading project [  0.15s]
20:26:03.240941 [debug]: Compiled SQL for node model.soccer_analytics.player_features at target\.lsp\compiled\soccer_analytics\models\marts\player_features.sql
20:26:03.240943 [debug]: Compiled SQL for node model.soccer_analytics.stg_players at target\.lsp\compiled\soccer_analytics\models\staging\stg_players.sql
20:26:03.241053 [debug]: Finished rendering [  0.00s] model main.stg_players [success]
20:26:03.241076 [info ]: Started analyzing (2 nodes)
20:26:03.241084 [debug]: Started analyzing model main.stg_players
20:26:03.241100 [debug]: Finished rendering [  0.00s] model main.player_features [success]
20:26:03.241105 [info ]: Finished rendering [  0.00s] (2 nodes, 0 skipped, 0 errors)
20:26:03.241110 [debug]: Started analyzing model main.player_features
20:26:03.242272 [debug]: Finished analyzing [  0.00s] model main.player_features [success]
20:26:03.242297 [info ]:  Succeeded [  0.00s] model main.player_features (table)
20:26:03.243107 [debug]: Finished analyzing [  0.00s] model main.stg_players [success]
20:26:03.243130 [info ]: Finished analyzing [  0.00s] (2 nodes, 0 skipped, 0 errors)
20:26:03.243138 [info ]:  Succeeded [  0.00s] model main.stg_players (view)
20:26:03.245949 [info ]: Started scheduling
20:26:03.246012 [info ]: Finished scheduling [  0.00s]
20:26:03.246105 [info ]: 
==================== Execution Summary =====================
Finished 'compile' successfully for target 'dev' [151ms]
Processed: 2 models
Summary: 2 total | 2 success
20:26:03.246426 [info ]: Cached model count updated: 2 models (accurate)
==================== 2026-09-06T21:41:44.283206Z | 9a884500-7dc2-46c3-81f2-ff8e0bcfb4d9 ====================
21:41:44.292449 [info ]: 
==================== Execution Summary =====================
Finished 'compile' successfully [9ms]
21:41:44.307305 [info ]: Cached model count updated: 2 models (accurate)
==================== 2026-09-06T21:41:44.818204Z | 79ebe63c-df97-4c95-9151-e367307a936d ====================
21:41:44.829283 [info ]: Started loading project
21:41:44.884941 [info ]: Loading profiles.yml
21:41:45.718942 [info ]: Cached model count updated: 2 models (accurate)
21:41:45.721510 [info ]: Finished loading project [  0.89s]
21:41:45.722641 [info ]: 
==================== Execution Summary =====================
Finished 'compile' successfully for target 'dev' [904ms]
==================== 2026-09-06T21:41:46.067435Z | a204c1b4-9c04-4f91-a30a-9ef3f27bde77 ====================
21:41:46.068626 [info ]: Started loading project
21:41:46.074641 [info ]: Loading profiles.yml
21:41:46.306938 [info ]: Cached model count updated: 2 models (accurate)
21:41:46.307016 [info ]: Finished loading project [  0.24s]
21:41:46.307754 [info ]: 
==================== Execution Summary =====================
Finished 'compile' successfully for target 'dev' [240ms]
==================== 2026-09-06T21:41:48.167362Z | a8d20498-b89c-4a2f-8c52-6cc007646b0b ====================
21:41:48.167533 [info ]: Started loading project
21:41:48.170623 [info ]: Loading profiles.yml
21:41:48.244804 [info ]: Cached model count updated: 2 models (estimate)
21:41:48.244855 [info ]: Cached model count updated: 2 models (accurate)
21:41:48.255521 [info ]: Started scheduling
21:41:48.270123 [info ]: Finished scheduling [  0.01s]
21:41:48.272546 [debug]: Compilation - 2 nodes selected: {"model.soccer_analytics.player_features", "model.soccer_analytics.stg_players"}
21:41:48.494582 [info ]: Started building task graph
21:41:48.509835 [info ]: Finished building task graph [  0.02s]
21:41:50.129922 [info ]: Started rendering (2 nodes)
21:41:50.130909 [info ]: Started model main.player_features
21:41:50.132261 [debug]: Started rendering model main.player_features
21:41:50.135627 [info ]: Finished loading project [  1.97s]
21:41:50.136514 [info ]: Started model main.stg_players
21:41:50.136618 [debug]: Started rendering model main.stg_players
21:41:50.156540 [debug]: Compiled SQL for node model.soccer_analytics.player_features at target\.lsp\compiled\soccer_analytics\models\marts\player_features.sql
21:41:50.156643 [debug]: Compiled SQL for node model.soccer_analytics.stg_players at target\.lsp\compiled\soccer_analytics\models\staging\stg_players.sql
21:41:50.168319 [debug]: Finished rendering [  0.04s] model main.player_features [success]
21:41:50.169816 [info ]: Started analyzing (2 nodes)
21:41:50.170048 [debug]: Started analyzing model main.player_features
21:41:50.170397 [debug]: Finished rendering [  0.03s] model main.stg_players [success]
21:41:50.170426 [info ]: Finished rendering [  0.04s] (2 nodes, 0 skipped, 0 errors)
21:41:50.170449 [debug]: Started analyzing model main.stg_players
21:41:50.214197 [debug]: Finished analyzing [  0.04s] model main.stg_players [success]
21:41:50.214251 [info ]:  Succeeded [  0.08s] model main.stg_players (view)
21:41:50.214815 [debug]: Finished analyzing [  0.04s] model main.player_features [success]
21:41:50.214849 [info ]: Finished analyzing [  0.05s] (2 nodes, 0 skipped, 0 errors)
21:41:50.215347 [info ]:  Succeeded [  0.08s] model main.player_features (table)
21:41:50.243759 [info ]: Started scheduling
21:41:50.245431 [info ]: Finished scheduling [  0.00s]
21:41:50.247924 [info ]: 
==================== Execution Summary =====================
Finished 'compile' successfully for target 'dev' [2.1s]
Processed: 2 models
Summary: 2 total | 2 success
21:41:50.249736 [info ]: Cached model count updated: 2 models (accurate)
21:41:50.470966 [info ]: Loading profiles.yml
==================== 2026-09-06T22:41:45.477365Z | ebc5b940-405d-41e2-9637-ded85090bde7 ====================
22:41:45.484367 [info ]: Started loading project
22:41:45.508432 [info ]: Loading profiles.yml
22:41:45.925458 [info ]: Cached model count updated: 2 models (accurate)
22:41:45.925593 [info ]: Finished loading project [  0.44s]
22:41:45.926456 [info ]: 
==================== Execution Summary =====================
Finished 'compile' successfully for target 'dev' [449ms]
==================== 2026-09-06T22:41:46.540348Z | 61308334-ec87-446c-a296-70924dc0ffc2 ====================
22:41:46.540476 [info ]: Started loading project
22:41:46.541895 [info ]: Loading profiles.yml
22:41:46.602947 [info ]: Cached model count updated: 2 models (accurate)
22:41:46.603004 [info ]: Finished loading project [  0.06s]
22:41:46.603023 [info ]: 
==================== Execution Summary =====================
Finished 'compile' successfully for target 'dev' [62ms]
22:41:46.877071 [info ]: Loading profiles.yml
==================== 2026-09-06T22:41:48.219984Z | 8f3be21e-8342-4554-a131-aebd76b4f8f9 ====================
22:41:48.220084 [info ]: Started loading project
22:41:48.228737 [info ]: Loading profiles.yml
22:41:48.316795 [info ]: Cached model count updated: 2 models (estimate)
22:41:48.316846 [info ]: Cached model count updated: 2 models (accurate)
22:41:48.323462 [info ]: Started scheduling
22:41:48.330360 [info ]: Finished scheduling [  0.01s]
22:41:48.332569 [debug]: Compilation - 2 nodes selected: {"model.soccer_analytics.player_features", "model.soccer_analytics.stg_players"}
22:41:48.555632 [info ]: Started building task graph
22:41:48.562481 [info ]: Finished building task graph [  0.01s]
22:41:50.072842 [info ]: Started rendering (2 nodes)
22:41:50.074284 [info ]: Started model main.player_features
22:41:50.074543 [debug]: Started rendering model main.player_features
22:41:50.075739 [info ]: Finished loading project [  1.86s]
22:41:50.075966 [info ]: Started model main.stg_players
22:41:50.076219 [debug]: Started rendering model main.stg_players
22:41:50.081947 [debug]: Compiled SQL for node model.soccer_analytics.stg_players at target\.lsp\compiled\soccer_analytics\models\staging\stg_players.sql
22:41:50.081942 [debug]: Compiled SQL for node model.soccer_analytics.player_features at target\.lsp\compiled\soccer_analytics\models\marts\player_features.sql
22:41:50.087121 [debug]: Finished rendering [  0.01s] model main.player_features [success]
22:41:50.087508 [info ]: Started analyzing (2 nodes)
22:41:50.087564 [debug]: Started analyzing model main.player_features
22:41:50.087993 [debug]: Finished rendering [  0.01s] model main.stg_players [success]
22:41:50.088024 [info ]: Finished rendering [  0.02s] (2 nodes, 0 skipped, 0 errors)
22:41:50.088053 [debug]: Started analyzing model main.stg_players
22:41:50.119651 [debug]: Finished analyzing [  0.03s] model main.player_features [success]
22:41:50.119760 [info ]:  Succeeded [  0.04s] model main.player_features (table)
22:41:50.120161 [debug]: Finished analyzing [  0.03s] model main.stg_players [success]
22:41:50.120200 [info ]: Finished analyzing [  0.03s] (2 nodes, 0 skipped, 0 errors)
22:41:50.120217 [info ]:  Succeeded [  0.04s] model main.stg_players (view)
22:41:50.139669 [info ]: Started scheduling
22:41:50.140544 [info ]: Finished scheduling [  0.00s]
22:41:50.142886 [info ]: 
==================== Execution Summary =====================
Finished 'compile' successfully for target 'dev' [1.9s]
Processed: 2 models
Summary: 2 total | 2 success
22:41:50.144552 [info ]: Cached model count updated: 2 models (accurate)
==================== 2026-09-07T19:12:37.492592Z | 2cf9ea66-3cc0-4a9b-af8e-a176506de1c9 ====================
19:12:37.500677 [info ]: Started loading project
19:12:37.534391 [info ]: Loading profiles.yml
19:12:37.790588 [info ]: Cached model count updated: 2 models (accurate)
19:12:37.791563 [info ]: Finished loading project [  0.29s]
19:12:37.792103 [info ]: 
==================== Execution Summary =====================
Finished 'compile' successfully for target 'dev' [299ms]
==================== 2026-09-07T19:12:37.915787Z | ec1bd377-8c0d-47b1-9eda-6a266edb5244 ====================
19:12:37.916295 [info ]: Started loading project
19:12:37.917818 [info ]: Loading profiles.yml
19:12:37.988317 [info ]: Cached model count updated: 2 models (accurate)
19:12:37.988487 [info ]: Finished loading project [  0.07s]
19:12:37.988534 [info ]: 
==================== Execution Summary =====================
Finished 'compile' successfully for target 'dev' [72ms]
==================== 2026-09-07T19:12:39.683654Z | 2fa4d87a-361c-4d58-8308-fc8955286345 ====================
19:12:39.683744 [info ]: Started loading project
19:12:39.684485 [info ]: Loading profiles.yml
19:12:39.719169 [info ]: Cached model count updated: 2 models (estimate)
19:12:39.719202 [info ]: Cached model count updated: 2 models (accurate)
19:12:39.724529 [info ]: Started scheduling
19:12:39.736464 [info ]: Finished scheduling [  0.01s]
19:12:39.737752 [debug]: Compilation - 2 nodes selected: {"model.soccer_analytics.player_features", "model.soccer_analytics.stg_players"}
19:12:40.334106 [info ]: Started building task graph
19:12:40.339202 [info ]: Finished building task graph [  0.01s]
19:12:41.182960 [info ]: Started rendering (2 nodes)
19:12:41.185184 [info ]: Started model main.player_features
19:12:41.185682 [debug]: Started rendering model main.player_features
19:12:41.187257 [info ]: Finished loading project [  1.50s]
19:12:41.187719 [info ]: Started model main.stg_players
19:12:41.187735 [debug]: Started rendering model main.stg_players
19:12:41.209146 [debug]: Compiled SQL for node model.soccer_analytics.player_features at target\.lsp\compiled\soccer_analytics\models\marts\player_features.sql
19:12:41.209153 [debug]: Compiled SQL for node model.soccer_analytics.stg_players at target\.lsp\compiled\soccer_analytics\models\staging\stg_players.sql
19:12:41.214512 [debug]: Finished rendering [  0.03s] model main.stg_players [success]
19:12:41.215280 [info ]: Started analyzing (2 nodes)
19:12:41.215294 [debug]: Started analyzing model main.stg_players
19:12:41.215626 [debug]: Finished rendering [  0.03s] model main.player_features [success]
19:12:41.215642 [info ]: Finished rendering [  0.03s] (2 nodes, 0 skipped, 0 errors)
19:12:41.215656 [debug]: Started analyzing model main.player_features
19:12:41.240659 [debug]: Finished analyzing [  0.03s] model main.player_features [success]
19:12:41.240694 [info ]:  Succeeded [  0.05s] model main.player_features (table)
19:12:41.241526 [debug]: Finished analyzing [  0.03s] model main.stg_players [success]
19:12:41.241885 [info ]: Finished analyzing [  0.03s] (2 nodes, 0 skipped, 0 errors)
19:12:41.242203 [info ]:  Succeeded [  0.05s] model main.stg_players (view)
19:12:41.262939 [info ]: Started scheduling
19:12:41.263825 [info ]: Finished scheduling [  0.00s]
19:12:41.264571 [info ]: 
==================== Execution Summary =====================
Finished 'compile' successfully for target 'dev' [1.6s]
Processed: 2 models
Summary: 2 total | 2 success
19:12:41.266663 [info ]: Cached model count updated: 2 models (accurate)
19:12:41.528231 [info ]: Loading profiles.yml
==================== 2026-09-07T19:46:03.902982Z | 00000000-0000-0000-0000-000000000000 ====================
==================== 2026-09-07T19:46:03.911563Z | 86730b66-217d-45eb-ae08-b9e6246cf6de ====================
19:46:03.912483 [info ]: Starting dbt LSP server
19:46:03.913997 [info ]: Connecting to LSP client on port 8000
19:46:03.920260 [info ]: Successfully connected to LSP client
19:46:03.920903 [info ]: Creating LSP service...
19:46:03.940513 [info ]: Creating LSP server...
19:46:03.940544 [info ]: Starting LSP server...
23:09:30.627388 [info ]: Loading profiles.yml
==================== 2026-09-07T23:09:30.923698Z | 69fd38ee-657e-48c0-9bb4-57d327b9eea0 ====================
23:09:30.927839 [info ]: Started loading project
23:09:30.940986 [info ]: Loading profiles.yml
23:09:31.009520 [info ]:    Started resolving packages from packages.yml
23:09:32.126914 [info ]:   Finished [  1.12s] resolving packages from packages.yml (1 items)
23:09:32.130996 [debug]:    Started loading packages
23:09:32.164062 [debug]:     Loaded [  0.03s] packages
23:09:32.169863 [info ]: Finished loading project [  1.24s]
23:09:32.176306 [info ]: Started parsing
23:09:32.795468 [debug]: Finished parsing models/schema.yml [  0.02s]
23:09:32.841085 [debug]: Finished parsing models/marts/player_features.sql [  0.03s]
23:09:32.856042 [debug]: Finished parsing models/staging/stg_players.sql [  0.02s]
23:09:32.873102 [debug]: Finished parsing tests/player_features_metrics.sql [  0.01s]
23:09:32.884632 [debug]: Finished parsing tests/stg_players_scope.sql [  0.01s]
23:09:33.091745 [info ]: Finished parsing [  0.92s]
23:09:33.094966 [info ]: Cached model count updated: 2 models (estimate)
23:09:33.094992 [info ]: Cached model count updated: 2 models (accurate)
23:09:33.097533 [info ]: Started scheduling
23:09:33.101954 [info ]: Finished scheduling [  0.00s]
23:09:33.102014 [debug]: Compilation - 0 nodes selected: {}
23:09:33.103054 [warn ]: [NoNodesForSelectionCriteria (dbt1092)]: The selection criterion '' does not match any enabled nodes
23:09:33.103722 [warn ]: [NoNodesSelected (dbt1601)]: Nothing to do. Try checking your model configs and model specification args
23:09:33.104868 [info ]: Started scheduling
23:09:33.106770 [info ]: Finished scheduling [  0.00s]
23:09:33.110712 [debug]: Initializing schema store with entry: Frontier(CanonicalFqn { catalog: "api_sports", schema: "soccer_analytics_data", table: "players_raw" }) and interval: None
23:09:33.111118 [debug]: Initializing schema store with entry: Frontier(CanonicalFqn { catalog: "api_sports", schema: "soccer_analytics_data", table: "players_raw__statistics" }) and interval: None
23:09:33.161969 [info ]: Started building task graph
23:09:33.164405 [info ]: Finished building task graph [  0.00s]
23:09:33.430298 [info ]: Started scheduling
23:09:33.430364 [info ]: Finished scheduling [  0.00s]
23:09:33.431063 [info ]: 
==================== Execution Summary =====================
Finished 'compile' with 2 warnings for target 'dev' [2.5s]
23:09:33.431367 [info ]: Cached model count updated: 2 models (accurate)
==================== 2026-09-07T23:09:35.143755Z | 31ed80e3-5396-4ab8-8cf0-fa77f446b3ab ====================
23:09:35.143824 [info ]: Started loading project
23:09:35.144243 [info ]: Loading profiles.yml
23:09:35.168786 [info ]: Cached model count updated: 2 models (estimate)
23:09:35.168812 [info ]: Cached model count updated: 2 models (accurate)
23:09:35.168843 [info ]: Started scheduling
23:09:35.168899 [info ]: Finished scheduling [  0.00s]
23:09:35.168914 [debug]: Compilation - 2 nodes selected: {"model.soccer_analytics.player_features", "model.soccer_analytics.stg_players"}
23:09:35.200167 [info ]: Started building task graph
23:09:35.202769 [info ]: Finished building task graph [  0.00s]
23:09:35.267087 [info ]: Started rendering (2 nodes)
23:09:35.267884 [info ]: Started model main.player_features
23:09:35.268084 [debug]: Started rendering model main.player_features
23:09:35.268878 [info ]: Started model main.stg_players
23:09:35.268887 [debug]: Started rendering model main.stg_players
23:09:35.268915 [info ]: Finished loading project [  0.13s]
23:09:35.278132 [debug]: Compiled SQL for node model.soccer_analytics.player_features at target\.lsp\compiled\soccer_analytics\models\marts\player_features.sql
23:09:35.281773 [debug]: Finished rendering [  0.01s] model main.player_features [success]
23:09:35.282533 [info ]: Started analyzing (2 nodes)
23:09:35.282559 [debug]: Started analyzing model main.player_features
23:09:35.302315 [debug]: Compiled SQL for node model.soccer_analytics.stg_players at target\.lsp\compiled\soccer_analytics\models\staging\stg_players.sql
23:09:35.302499 [debug]: Finished rendering [  0.03s] model main.stg_players [success]
23:09:35.302525 [info ]: Finished rendering [  0.04s] (2 nodes, 0 skipped, 0 errors)
23:09:35.302547 [debug]: Started analyzing model main.stg_players
23:09:35.313452 [debug]: Finished analyzing [  0.03s] model main.player_features [success]
23:09:35.313492 [info ]:  Succeeded [  0.04s] model main.player_features (table)
23:09:35.328695 [debug]: Finished analyzing [  0.03s] model main.stg_players [success]
23:09:35.328726 [info ]: Finished analyzing [  0.05s] (2 nodes, 0 skipped, 0 errors)
23:09:35.328734 [info ]:  Succeeded [  0.06s] model main.stg_players (view)
23:09:35.332807 [info ]: Started scheduling
23:09:35.332873 [info ]: Finished scheduling [  0.00s]
23:09:35.332973 [info ]: 
==================== Execution Summary =====================
Finished 'compile' successfully for target 'dev' [189ms]
Processed: 2 models
Summary: 2 total | 2 success
23:09:35.334014 [info ]: Cached model count updated: 2 models (accurate)
==================== 2026-09-07T23:12:02.222554Z | 0d8daeec-2dd6-42e8-80c1-52af9784a77a ====================
23:12:02.222734 [info ]: Started loading project
23:12:02.225050 [info ]: Finished loading project [  0.00s]
23:12:02.246617 [error]: [IoError (dbt1001)]: Cannot open file C:\Users\tranm\Downloads\Soccer_Analytics\data\dbt_project.yml: Failed to open file: C:\Users\tranm\Downloads\Soccer_Analytics\data\dbt_project.yml: The system cannot find the file specified. (os error 2): The system cannot find the file specified. (os error 2)
23:12:02.247965 [info ]: 
==================== Execution Summary =====================
Finished 'compile' with 1 error [25ms]
23:12:02.248510 [info ]: Cached model count updated: 2 models (accurate)
==================== 2026-09-07T23:12:03.832794Z | ab470899-06d8-498a-9394-4c35af9dc238 ====================
23:12:03.832857 [info ]: Started loading project
23:12:03.832904 [info ]: Finished loading project [  0.00s]
23:12:03.832946 [error]: [IoError (dbt1001)]: Cannot open file C:\Users\tranm\Downloads\Soccer_Analytics\data\dbt_project.yml: Failed to open file: C:\Users\tranm\Downloads\Soccer_Analytics\data\dbt_project.yml: The system cannot find the file specified. (os error 2): The system cannot find the file specified. (os error 2)
23:12:03.832995 [info ]: 
==================== Execution Summary =====================
Finished 'compile' with 1 error [201us]
23:12:03.833044 [info ]: Cached model count updated: 2 models (accurate)
==================== 2026-09-07T23:17:34.724221Z | 00000000-0000-0000-0000-000000000000 ====================
==================== 2026-09-07T23:17:34.735997Z | 377105c3-e452-4738-96a0-a851bd171649 ====================
23:17:34.737439 [info ]: Starting dbt LSP server
23:17:34.739684 [info ]: Connecting to LSP client on port 8000
23:17:34.744346 [info ]: Successfully connected to LSP client
23:17:34.744894 [info ]: Creating LSP service...
23:17:34.758991 [info ]: Creating LSP server...
23:17:34.759016 [info ]: Starting LSP server...
23:17:58.668636 [info ]: Loading profiles.yml
==================== 2026-09-07T23:20:57.897017Z | 0a12c281-d2ba-49e8-8e4c-6caf98ace628 ====================
23:20:57.899967 [info ]: Started loading project
23:20:57.911450 [info ]: Loading profiles.yml
23:20:57.946114 [info ]:    Started resolving packages from packages.yml
23:20:58.664867 [info ]:   Finished [  0.72s] resolving packages from packages.yml (1 items)
23:20:58.668444 [debug]:    Started loading packages
23:20:58.685493 [debug]:     Loaded [  0.02s] packages
23:20:58.692307 [info ]: Finished loading project [  0.79s]
23:20:58.698830 [info ]: Started parsing
23:20:58.813405 [debug]: Finished parsing models/schema.yml [  0.01s]
23:20:58.879998 [debug]: Finished parsing models/marts/player_features.sql [  0.05s]
23:20:58.899843 [debug]: Finished parsing models/staging/stg_players.sql [  0.02s]
23:20:58.919856 [debug]: Finished parsing tests/player_features_metrics.sql [  0.00s]
23:20:58.920741 [debug]: Finished parsing tests/stg_players_scope.sql [  0.00s]
23:20:59.049044 [info ]: Finished parsing [  0.35s]
23:20:59.052001 [info ]: Cached model count updated: 2 models (estimate)
23:20:59.052021 [info ]: Cached model count updated: 2 models (accurate)
23:20:59.054146 [info ]: Started scheduling
23:20:59.058157 [info ]: Finished scheduling [  0.00s]
23:20:59.058653 [debug]: Compilation - 0 nodes selected: {}
23:20:59.059686 [warn ]: [NoNodesForSelectionCriteria (dbt1092)]: The selection criterion '' does not match any enabled nodes
23:20:59.060493 [warn ]: [NoNodesSelected (dbt1601)]: Nothing to do. Try checking your model configs and model specification args
23:20:59.061352 [info ]: Started scheduling
23:20:59.063633 [info ]: Finished scheduling [  0.00s]
23:20:59.067674 [debug]: Initializing schema store with entry: Frontier(CanonicalFqn { catalog: "api_sports", schema: "soccer_analytics_data", table: "players_raw__statistics" }) and interval: None
23:20:59.068041 [debug]: Initializing schema store with entry: Frontier(CanonicalFqn { catalog: "api_sports", schema: "soccer_analytics_data", table: "players_raw" }) and interval: None
23:20:59.115865 [info ]: Started building task graph
23:20:59.117698 [info ]: Finished building task graph [  0.00s]
23:20:59.355220 [info ]: Started scheduling
23:20:59.355285 [info ]: Finished scheduling [  0.00s]
23:20:59.355986 [info ]: 
==================== Execution Summary =====================
Finished 'compile' with 2 warnings for target 'dev' [1.5s]
23:20:59.356480 [info ]: Cached model count updated: 2 models (accurate)
==================== 2026-09-07T23:21:01.047660Z | 9e80f4d2-a8ff-4a51-9e1d-08003dd748f5 ====================
23:21:01.047814 [info ]: Started loading project
23:21:01.048556 [info ]: Loading profiles.yml
23:21:01.071280 [info ]: Cached model count updated: 2 models (estimate)
23:21:01.071308 [info ]: Cached model count updated: 2 models (accurate)
23:21:01.071340 [info ]: Started scheduling
23:21:01.071402 [info ]: Finished scheduling [  0.00s]
23:21:01.071420 [debug]: Compilation - 2 nodes selected: {"model.soccer_analytics.player_features", "model.soccer_analytics.stg_players"}
23:21:01.101853 [info ]: Started building task graph
23:21:01.104910 [info ]: Finished building task graph [  0.00s]
23:21:01.168194 [info ]: Started rendering (2 nodes)
23:21:01.168824 [info ]: Started model main.player_features
23:21:01.169028 [debug]: Started rendering model main.player_features
23:21:01.169755 [info ]: Finished loading project [  0.12s]
23:21:01.170036 [info ]: Started model main.stg_players
23:21:01.170052 [debug]: Started rendering model main.stg_players
23:21:01.177890 [debug]: Compiled SQL for node model.soccer_analytics.player_features at target\.lsp\compiled\soccer_analytics\models\marts\player_features.sql
23:21:01.180433 [debug]: Finished rendering [  0.01s] model main.player_features [success]
23:21:01.180847 [info ]: Started analyzing (2 nodes)
23:21:01.180867 [debug]: Started analyzing model main.player_features
23:21:01.202039 [debug]: Compiled SQL for node model.soccer_analytics.stg_players at target\.lsp\compiled\soccer_analytics\models\staging\stg_players.sql
23:21:01.202230 [debug]: Finished rendering [  0.03s] model main.stg_players [success]
23:21:01.202264 [info ]: Finished rendering [  0.03s] (2 nodes, 0 skipped, 0 errors)
23:21:01.202286 [debug]: Started analyzing model main.stg_players
23:21:01.208945 [debug]: Finished analyzing [  0.03s] model main.player_features [success]
23:21:01.208979 [info ]:  Succeeded [  0.04s] model main.player_features (table)
23:21:01.224402 [debug]: Finished analyzing [  0.02s] model main.stg_players [success]
23:21:01.224439 [info ]: Finished analyzing [  0.04s] (2 nodes, 0 skipped, 0 errors)
23:21:01.224449 [info ]:  Succeeded [  0.05s] model main.stg_players (view)
23:21:01.228165 [info ]: Started scheduling
23:21:01.228215 [info ]: Finished scheduling [  0.00s]
23:21:01.228304 [info ]: 
==================== Execution Summary =====================
Finished 'compile' successfully for target 'dev' [180ms]
Processed: 2 models
Summary: 2 total | 2 success
23:21:01.229145 [info ]: Cached model count updated: 2 models (accurate)
==================== 2026-09-08T07:08:12.813844Z | a13fcc18-4d14-41db-9fd6-c08ce359f7f2 ====================
07:08:12.827284 [info ]: Started loading project
07:08:12.891229 [info ]: Loading profiles.yml
==================== 2026-09-08T07:08:13.135238Z | 72195f2b-161b-45d3-9daa-902e4db31dc3 ====================
07:08:13.135316 [info ]: Started loading project
07:08:13.136492 [info ]: Loading profiles.yml
07:08:13.138422 [info ]: Finished loading project [  0.31s]
07:08:13.185378 [info ]:    Started resolving packages from packages.yml
07:08:13.405654 [info ]:   Finished [  0.22s] resolving packages from packages.yml (1 items)
07:08:13.410927 [debug]:    Started loading packages
07:08:13.436104 [debug]:     Loaded [  0.03s] packages
07:08:13.436800 [info ]: Finished loading project [  0.30s]
07:08:13.442428 [info ]: Started parsing
07:08:13.738378 [debug]: Finished parsing models/bi/schema.yml [  0.03s]
07:08:13.749084 [debug]: Finished parsing models/marts/dimensions/schema.yml [  0.01s]
07:08:13.759473 [debug]: Finished parsing models/marts/facts/schema.yml [  0.01s]
07:08:13.773254 [debug]: Finished parsing models/sources.yml [  0.01s]
07:08:13.782348 [debug]: Finished parsing models/staging/schema.yml [  0.01s]
07:08:13.867655 [debug]: Finished parsing models/bi/bi_player_seasons.sql [  0.06s]
07:08:13.879868 [debug]: Finished parsing models/marts/dimensions/dim_leagues.sql [  0.01s]
07:08:13.890712 [debug]: Finished parsing models/marts/dimensions/dim_players.sql [  0.01s]
07:08:13.902483 [debug]: Finished parsing models/marts/dimensions/dim_teams.sql [  0.01s]
07:08:13.914570 [debug]: Finished parsing models/marts/facts/fct_player_seasons.sql [  0.01s]
07:08:13.954758 [debug]: Finished parsing models/staging/stg_players.sql [  0.04s]
07:08:14.001977 [debug]: Finished parsing tests/bi_player_seasons_metrics.sql [  0.02s]
07:08:14.016153 [debug]: Finished parsing tests/fct_player_seasons_metrics.sql [  0.01s]
07:08:14.020450 [debug]: Finished parsing tests/stg_players_scope.sql [  0.00s]
07:08:14.472648 [info ]: Finished parsing [  1.03s]
07:08:14.485493 [info ]: Cached model count updated: 6 models (estimate)
07:08:14.486876 [info ]: Cached model count updated: 6 models (accurate)
07:08:14.490561 [info ]: Started scheduling
07:08:14.499471 [info ]: Finished scheduling [  0.01s]
07:08:14.500589 [debug]: Compilation - 0 nodes selected: {}
07:08:14.505429 [warn ]: [NoNodesForSelectionCriteria (dbt1092)]: The selection criterion '' does not match any enabled nodes
07:08:14.507169 [warn ]: [NoNodesSelected (dbt1601)]: Nothing to do. Try checking your model configs and model specification args
07:08:14.508965 [info ]: Started scheduling
07:08:14.511840 [info ]: Finished scheduling [  0.00s]
07:08:14.517968 [debug]: Initializing schema store with entry: Frontier(CanonicalFqn { catalog: "api_sports", schema: "soccer_analytics_data", table: "players_raw__statistics" }) and interval: None
07:08:14.518608 [debug]: Initializing schema store with entry: Frontier(CanonicalFqn { catalog: "api_sports", schema: "soccer_analytics_data", table: "players_raw" }) and interval: None
07:08:14.680615 [info ]: Started building task graph
07:08:14.683501 [info ]: Finished building task graph [  0.00s]
07:08:16.021434 [info ]: Started scheduling
07:08:16.021553 [info ]: Finished scheduling [  0.00s]
07:08:16.023206 [info ]: 
==================== Execution Summary =====================
Finished 'compile' with 2 warnings for target 'dev' [2.9s]
07:08:16.025591 [info ]: 
==================== Execution Summary =====================
Finished 'compile' successfully for target 'dev' [3.2s]
07:08:16.046328 [info ]: Cached model count updated: 6 models (accurate)
==================== 2026-09-08T07:08:17.790668Z | c01de926-a49f-4d7d-9850-3dc64c106146 ====================
07:08:17.791007 [info ]: Started loading project
07:08:17.792609 [info ]: Loading profiles.yml
07:08:17.834883 [info ]: Cached model count updated: 6 models (estimate)
07:08:17.834918 [info ]: Cached model count updated: 6 models (accurate)
07:08:17.834973 [info ]: Started scheduling
07:08:17.835103 [info ]: Finished scheduling [  0.00s]
07:08:17.835130 [debug]: Compilation - 6 nodes selected: {"model.soccer_analytics.bi_player_seasons", "model.soccer_analytics.dim_leagues", "model.soccer_analytics.dim_players", "model.soccer_analytics.dim_teams", "model.soccer_analytics.fct_player_seasons", "model.soccer_analytics.stg_players"}
07:08:17.896892 [info ]: Started building task graph
07:08:17.901321 [info ]: Finished building task graph [  0.00s]
07:08:18.059722 [info ]: Started rendering (6 nodes)
07:08:18.060782 [info ]: Started model main.bi_player_seasons
07:08:18.061411 [debug]: Started rendering model main.bi_player_seasons
07:08:18.062771 [info ]: Started model main.fct_player_seasons
07:08:18.062783 [debug]: Started rendering model main.fct_player_seasons
07:08:18.062794 [info ]: Started model main.dim_teams
07:08:18.062799 [debug]: Started rendering model main.dim_teams
07:08:18.062806 [info ]: Started model main.dim_players
07:08:18.062801 [info ]: Finished loading project [  0.27s]
07:08:18.062812 [debug]: Started rendering model main.dim_players
07:08:18.062820 [info ]: Started model main.stg_players
07:08:18.062824 [debug]: Started rendering model main.stg_players
07:08:18.063134 [info ]: Started model main.dim_leagues
07:08:18.063148 [debug]: Started rendering model main.dim_leagues
07:08:18.082405 [debug]: Compiled SQL for node model.soccer_analytics.fct_player_seasons at target\.lsp\compiled\soccer_analytics\models\marts\facts\fct_player_seasons.sql
07:08:18.082423 [debug]: Compiled SQL for node model.soccer_analytics.dim_leagues at target\.lsp\compiled\soccer_analytics\models\marts\dimensions\dim_leagues.sql
07:08:18.082535 [debug]: Compiled SQL for node model.soccer_analytics.dim_players at target\.lsp\compiled\soccer_analytics\models\marts\dimensions\dim_players.sql
07:08:18.082405 [debug]: Compiled SQL for node model.soccer_analytics.bi_player_seasons at target\.lsp\compiled\soccer_analytics\models\bi\bi_player_seasons.sql
07:08:18.082996 [debug]: Compiled SQL for node model.soccer_analytics.dim_teams at target\.lsp\compiled\soccer_analytics\models\marts\dimensions\dim_teams.sql
07:08:18.089710 [debug]: Finished rendering [  0.03s] model main.dim_players [success]
07:08:18.091468 [info ]: Started analyzing (6 nodes)
07:08:18.091520 [debug]: Started analyzing model main.dim_players
07:08:18.091588 [debug]: Finished rendering [  0.03s] model main.dim_teams [success]
07:08:18.091611 [debug]: Started analyzing model main.dim_teams
07:08:18.091623 [debug]: Finished rendering [  0.03s] model main.dim_leagues [success]
07:08:18.091631 [debug]: Started analyzing model main.dim_leagues
07:08:18.091644 [debug]: Finished rendering [  0.03s] model main.fct_player_seasons [success]
07:08:18.091661 [debug]: Started analyzing model main.fct_player_seasons
07:08:18.091670 [debug]: Finished rendering [  0.03s] model main.bi_player_seasons [success]
07:08:18.091675 [debug]: Started analyzing model main.bi_player_seasons
07:08:18.123464 [debug]: Finished analyzing [  0.03s] model main.dim_leagues [success]
07:08:18.123580 [info ]:  Succeeded [  0.06s] model main.dim_leagues (table)
07:08:18.123936 [debug]: Finished analyzing [  0.03s] model main.dim_players [success]
07:08:18.124022 [info ]:  Succeeded [  0.06s] model main.dim_players (table)
07:08:18.124162 [debug]: Finished analyzing [  0.03s] model main.fct_player_seasons [success]
07:08:18.124186 [info ]:  Succeeded [  0.06s] model main.fct_player_seasons (table)
07:08:18.124210 [debug]: Finished analyzing [  0.03s] model main.dim_teams [success]
07:08:18.124219 [info ]:  Succeeded [  0.06s] model main.dim_teams (table)
07:08:18.126483 [debug]: Finished analyzing [  0.03s] model main.bi_player_seasons [success]
07:08:18.126519 [info ]:  Succeeded [  0.06s] model main.bi_player_seasons (table)
07:08:18.131935 [debug]: Compiled SQL for node model.soccer_analytics.stg_players at target\.lsp\compiled\soccer_analytics\models\staging\stg_players.sql
07:08:18.132479 [debug]: Finished rendering [  0.07s] model main.stg_players [success]
07:08:18.132506 [info ]: Finished rendering [  0.07s] (6 nodes, 0 skipped, 0 errors)
07:08:18.132529 [debug]: Started analyzing model main.stg_players
07:08:18.165479 [debug]: Finished analyzing [  0.03s] model main.stg_players [success]
07:08:18.165514 [info ]: Finished analyzing [  0.07s] (6 nodes, 0 skipped, 0 errors)
07:08:18.165527 [info ]:  Succeeded [  0.10s] model main.stg_players (view)
07:08:18.170957 [info ]: Started scheduling
07:08:18.171023 [info ]: Finished scheduling [  0.00s]
07:08:18.171163 [info ]: 
==================== Execution Summary =====================
Finished 'compile' successfully for target 'dev' [380ms]
Processed: 6 models
Summary: 6 total | 6 success
07:08:18.172313 [info ]: Cached model count updated: 6 models (accurate)
07:08:18.549034 [info ]: Loading profiles.yml
